,text_length,sentence_count,avg_sentence_length,word_count,unique_word_ratio,flesch_reading_ease,comma_freq,exclamation_freq,avg_word_length,perplexity
0,1951.0,12.0,162.58333333333334,264.0,0.7196969696969697,5.896981396981431,0.08712121212121213,0.0,6.393939393939394,40.86795425415039
1,1229.0,9.0,136.55555555555554,162.0,0.8148148148148148,6.173342391304374,0.04938271604938271,0.0,6.592592592592593,52.672847747802734
2,1989.0,12.0,165.75,273.0,0.7142857142857143,9.615609890109909,0.047619047619047616,0.0,6.278388278388278,46.90553665161133
3,1534.0,9.0,170.44444444444446,205.0,0.751219512195122,9.974893292682935,0.05365853658536585,0.0,6.478048780487805,51.09550857543945
4,1001.0,9.0,111.22222222222223,132.0,0.8333333333333334,10.565988372093045,0.07575757575757576,0.0,6.590909090909091,72.02159881591797
5,2228.0,14.0,159.14285714285714,313.0,0.6645367412140575,18.890983009708776,0.038338658146964855,0.0,6.111821086261981,68.66508483886719
6,2283.0,15.0,152.2,321.0,0.6978193146417445,7.228797468354458,0.0529595015576324,0.0,6.080996884735202,33.72585678100586
7,2274.0,13.0,174.92307692307693,295.0,0.7322033898305085,1.9369748681352803,0.061016949152542375,0.0,6.7016949152542376,57.503074645996094
8,1333.0,10.0,133.3,170.0,0.8176470588235294,4.110093147039294,0.06470588235294118,0.0,6.817647058823529,50.67864990234375
9,1981.0,12.0,165.08333333333334,262.0,0.7404580152671756,5.713461538461559,0.08778625954198473,0.0,6.557251908396947,40.49495315551758
10,1087.0,7.0,155.28571428571428,145.0,0.8,2.7000000000000455,0.07586206896551724,0.0,6.503448275862069,34.75204086303711
11,1913.0,10.0,191.3,248.0,0.7540322580645161,-1.1132113821138034,0.06048387096774194,0.0,6.717741935483871,49.868690490722656
12,1971.0,13.0,151.6153846153846,266.0,0.7142857142857143,10.177727272727282,0.07894736842105263,0.0,6.37218045112782,52.54439926147461
13,1669.0,9.0,185.44444444444446,215.0,0.7534883720930232,-5.673882042253496,0.037209302325581395,0.0,6.767441860465116,54.02409744262695
14,2066.0,11.0,187.8181818181818,265.0,0.720754716981132,-0.37690909090909486,0.11320754716981132,0.0,6.788679245283019,28.472383499145508
15,1265.0,8.0,158.125,160.0,0.775,-16.94454883227175,0.05625,0.0,6.875,40.533714294433594
16,1432.0,10.0,143.2,199.0,0.8140703517587939,16.46759910664437,0.04020100502512563,0.0,6.201005025125628,49.551334381103516
17,339.0,3.0,113.0,47.0,0.8723404255319149,10.182500000000033,0.02127659574468085,0.0,6.23404255319149,47.94315719604492
18,1582.0,9.0,175.77777777777777,216.0,0.7731481481481481,13.646366822429911,0.07407407407407407,0.0,6.277777777777778,72.99221801757812
19,2122.0,14.0,151.57142857142858,294.0,0.6904761904761905,17.6727963917526,0.05102040816326531,0.0,6.1768707482993195,72.3525619506836
20,1995.0,13.0,153.46153846153845,262.0,0.7557251908396947,6.3031976744186125,0.07251908396946564,0.0,6.606870229007634,70.2896499633789
21,1622.0,11.0,147.45454545454547,223.0,0.7443946188340808,11.455090090090096,0.04932735426008968,0.0,6.278026905829597,66.5101318359375
22,2036.0,14.0,145.42857142857142,277.0,0.7256317689530686,17.072075098814253,0.05776173285198556,0.0,6.346570397111913,50.23508834838867
23,1782.0,9.0,198.0,240.0,0.7166666666666667,2.0022515690376395,0.0625,0.0,6.4,71.65237426757812
24,1521.0,11.0,138.27272727272728,198.0,0.7626262626262627,4.827115384615411,0.06060606060606061,0.0,6.686868686868687,60.914215087890625
25,1985.0,13.0,152.69230769230768,258.0,0.7868217054263565,13.172822410148001,0.10077519379844961,0.0,6.686046511627907,59.845420837402344
26,965.0,6.0,160.83333333333334,134.0,0.8208955223880597,16.36081203007521,0.07462686567164178,0.0,6.208955223880597,89.6948013305664
27,1862.0,19.0,98.0,253.0,0.7272727272727273,25.632720883534176,0.08300395256916997,0.0,6.351778656126482,42.00442886352539
28,961.0,7.0,137.28571428571428,127.0,0.8188976377952756,6.824849081364874,0.06299212598425197,0.0,6.574803149606299,84.19805145263672
29,1045.0,6.0,174.16666666666666,138.0,0.7391304347826086,-4.373461538461498,0.057971014492753624,0.0,6.492753623188406,68.75843811035156
30,1065.0,7.0,152.14285714285714,132.0,0.8333333333333334,-1.999545454545455,0.05303030303030303,0.0,7.075757575757576,71.68344116210938
31,1070.0,6.0,178.33333333333334,139.0,0.8705035971223022,-3.971928057553953,0.10071942446043165,0.0,6.705035971223022,54.943599700927734
32,1932.0,11.0,175.63636363636363,247.0,0.7611336032388664,6.703833333333364,0.02834008097165992,0.0,6.817813765182186,66.58528137207031
33,1642.0,11.0,149.27272727272728,212.0,0.7594339622641509,-7.399761904761874,0.07547169811320754,0.0,6.716981132075472,55.5449104309082
34,1617.0,11.0,147.0,203.0,0.7980295566502463,-8.044000000000011,0.11330049261083744,0.0,6.911330049261084,50.90203094482422
35,2211.0,12.0,184.25,285.0,0.7368421052631579,-9.049920634920596,0.07017543859649122,0.0,6.729824561403508,42.08749771118164
36,2331.0,16.0,145.6875,315.0,0.6634920634920635,9.968432374866893,0.05396825396825397,0.0,6.393650793650794,34.190738677978516
37,2399.0,22.0,109.04545454545455,318.0,0.720125786163522,14.630225563909761,0.059748427672955975,0.0,6.537735849056604,70.31230926513672
38,1123.0,7.0,160.42857142857142,149.0,0.738255033557047,-4.604390380313191,0.08053691275167785,0.0,6.543624161073826,55.41850280761719
39,1984.0,14.0,141.71428571428572,245.0,0.7918367346938775,4.9302961432507,0.11020408163265306,0.0,7.09795918367347,59.232364654541016
40,2071.0,10.0,207.1,258.0,0.7441860465116279,-8.512829457364319,0.06976744186046512,0.0,7.01937984496124,32.074649810791016
41,1624.0,8.0,203.0,197.0,0.7817258883248731,-8.107664974619269,0.13705583756345177,0.0,7.248730964467005,30.247739791870117
42,2286.0,12.0,190.5,312.0,0.6698717948717948,10.667873900293273,0.04807692307692308,0.0,6.278846153846154,41.88820266723633
43,1993.0,13.0,153.30769230769232,253.0,0.7233201581027668,0.31837015574072325,0.05928853754940711,0.0,6.826086956521739,42.10126495361328
44,1488.0,9.0,165.33333333333334,199.0,0.7587939698492462,8.135618718593008,0.05527638190954774,0.0,6.447236180904523,88.4531478881836
45,1662.0,12.0,138.5,221.0,0.7692307692307693,15.027727272727304,0.07239819004524888,0.0,6.411764705882353,58.521690368652344
46,2036.0,16.0,127.25,275.0,0.6836363636363636,10.40513736263739,0.05818181818181818,0.0,6.392727272727273,60.11409378051758
47,1022.0,9.0,113.55555555555556,133.0,0.849624060150376,18.96477272727273,0.06766917293233082,0.0,6.69172932330827,111.23516845703125
48,1161.0,8.0,145.125,153.0,0.8235294117647058,5.020000000000039,0.08496732026143791,0.0,6.5359477124183005,64.98145294189453
49,1753.0,10.0,175.3,235.0,0.7531914893617021,8.714230769230824,0.07234042553191489,0.0,6.451063829787234,66.76061248779297
50,1683.0,14.0,120.21428571428571,217.0,0.7419354838709677,16.052371177209892,0.06912442396313365,0.0,6.76036866359447,72.44816589355469
51,2193.0,12.0,182.75,282.0,0.7836879432624113,2.188944839857669,0.08865248226950355,0.0,6.7695035460992905,50.849849700927734
52,2538.0,19.0,133.57894736842104,325.0,0.7415384615384616,7.87766666666667,0.05846153846153846,0.0,6.803076923076923,38.60189437866211
53,2048.0,12.0,170.66666666666666,270.0,0.7333333333333333,5.393687436159354,0.05185185185185185,0.0,6.588888888888889,66.05917358398438
54,2186.0,14.0,156.14285714285714,290.0,0.7241379310344828,12.39375000000004,0.0896551724137931,0.0,6.527586206896552,60.80498123168945
55,1437.0,8.0,179.625,182.0,0.7747252747252747,-3.1648901098900524,0.08791208791208792,0.0,6.9010989010989015,48.40679168701172
56,1361.0,8.0,170.125,184.0,0.7880434782608695,11.414782608695646,0.04891304347826087,0.0,6.4021739130434785,73.92528533935547
57,2323.0,13.0,178.69230769230768,312.0,0.717948717948718,4.591586021505407,0.04487179487179487,0.0,6.4423076923076925,60.36581039428711
58,1892.0,10.0,189.2,244.0,0.7622950819672131,-3.2911065197428684,0.09016393442622951,0.0,6.741803278688525,44.58930206298828
59,1997.0,10.0,199.7,254.0,0.7834645669291339,-1.263785682916108,0.06692913385826772,0.0,6.84251968503937,64.24846649169922
60,2323.0,11.0,211.1818181818182,285.0,0.7298245614035088,-18.279999999999973,0.06315789473684211,0.0,7.133333333333334,56.20761489868164
61,1708.0,17.0,100.47058823529412,232.0,0.728448275862069,24.461551724137962,0.04310344827586207,0.0,6.331896551724138,57.960819244384766
62,1939.0,12.0,161.58333333333334,263.0,0.7262357414448669,7.001530187369923,0.04182509505703422,0.0,6.3688212927756656,55.08496856689453
63,1850.0,13.0,142.30769230769232,246.0,0.7479674796747967,13.388475609756114,0.052845528455284556,0.0,6.467479674796748,66.13578796386719
64,2175.0,13.0,167.30769230769232,283.0,0.7667844522968198,3.2825000000000273,0.05653710247349823,0.0,6.681978798586573,59.16162872314453
65,2191.0,13.0,168.53846153846155,290.0,0.7206896551724138,1.8187500000000512,0.06206896551724138,0.0,6.551724137931035,60.137664794921875
66,1994.0,10.0,199.4,267.0,0.7153558052434457,7.840187265917649,0.0749063670411985,0.0,6.449438202247191,41.900325775146484
67,1373.0,11.0,124.81818181818181,194.0,0.7628865979381443,20.996577319587658,0.05670103092783505,0.0,6.036082474226804,44.32243728637695
68,1314.0,12.0,109.5,177.0,0.751412429378531,31.155844155844164,0.04519774011299435,0.0,6.429378531073446,73.91300964355469
69,1326.0,9.0,147.33333333333334,175.0,0.7657142857142857,10.326285714285746,0.03428571428571429,0.0,6.582857142857143,51.26223373413086
70,1050.0,9.0,116.66666666666667,136.0,0.8897058823529411,9.18294117647062,0.07352941176470588,0.0,6.727941176470588,92.68952178955078
71,1811.0,12.0,150.91666666666666,257.0,0.7626459143968871,28.672500000000014,0.03501945525291829,0.0,6.019455252918288,58.89033508300781
72,1953.0,15.0,130.2,270.0,0.7407407407407407,25.343517718236825,0.05185185185185185,0.0,6.203703703703703,47.99981689453125
73,1219.0,10.0,121.9,165.0,0.7878787878787878,18.513939393939438,0.05454545454545454,0.0,6.393939393939394,86.01512145996094
74,2268.0,12.0,189.0,307.0,0.7166123778501629,6.8011961722488365,0.05863192182410423,0.0,6.384364820846906,49.18410873413086
75,1285.0,8.0,160.625,162.0,0.8271604938271605,1.6116666666666504,0.07407407407407407,0.0,6.938271604938271,61.088539123535156
76,1637.0,9.0,181.88888888888889,206.0,0.7766990291262136,-8.213871359223248,0.08737864077669903,0.0,6.951456310679611,40.73255920410156
77,1418.0,13.0,109.07692307692308,188.0,0.7553191489361702,3.187727272727301,0.03723404255319149,0.0,6.51595744680851,53.44664001464844
78,1197.0,8.0,149.625,163.0,0.8588957055214724,15.189444444444462,0.0736196319018405,0.0,6.3496932515337425,99.33599090576172
79,1595.0,8.0,199.375,196.0,0.7193877551020408,-10.208469387755088,0.04081632653061224,0.0,7.13265306122449,56.0704231262207
80,1319.0,9.0,146.55555555555554,182.0,0.7967032967032966,10.36023351648356,0.04395604395604396,0.0,6.252747252747253,63.00068664550781
81,2150.0,13.0,165.3846153846154,280.0,0.7107142857142857,3.2184148342632,0.05714285714285714,0.0,6.646428571428571,56.56696701049805
82,1160.0,7.0,165.71428571428572,169.0,0.757396449704142,26.065951676528613,0.03550295857988166,0.0,5.8698224852071,58.53935623168945
83,1095.0,12.0,91.25,142.0,0.8802816901408451,1.7275775547445562,0.056338028169014086,0.0,6.71830985915493,95.28204345703125
84,1427.0,10.0,142.7,189.0,0.7566137566137566,4.234285714285733,0.06349206349206349,0.0,6.5396825396825395,41.856327056884766
85,2094.0,17.0,123.17647058823529,269.0,0.7211895910780669,12.522910447761205,0.05204460966542751,0.0,6.776951672862453,33.38104248046875
86,1207.0,8.0,150.875,158.0,0.810126582278481,6.157911392405083,0.05063291139240506,0.0,6.6455696202531644,106.281982421875
87,1452.0,9.0,161.33333333333334,189.0,0.7724867724867724,5.1508630952381225,0.042328042328042326,0.0,6.656084656084656,67.46548461914062
88,876.0,7.0,125.14285714285714,117.0,0.8461538461538461,12.780961538461582,0.03418803418803419,0.0,6.495726495726496,94.85501861572266
89,1535.0,11.0,139.54545454545453,197.0,0.7715736040609137,2.673636884307001,0.1065989847715736,0.0,6.7969543147208125,62.314823150634766
90,1399.0,17.0,82.29411764705883,182.0,0.8296703296703297,25.330337523277507,0.054945054945054944,0.0,6.637362637362638,61.507625579833984
91,2054.0,14.0,146.71428571428572,274.0,0.6970802919708029,15.33608288770057,0.06934306569343066,0.0,6.492700729927007,39.64668273925781
92,2051.0,15.0,136.73333333333332,266.0,0.7593984962406015,12.536328671328675,0.08646616541353383,0.0,6.684210526315789,49.821964263916016
93,2223.0,12.0,185.25,301.0,0.6976744186046512,0.5858260344307098,0.046511627906976744,0.0,6.348837209302325,57.322906494140625
94,1090.0,8.0,136.25,141.0,0.8368794326241135,5.790000000000049,0.06382978723404255,0.0,6.73758865248227,82.03887176513672
95,2255.0,15.0,150.33333333333334,284.0,0.7112676056338029,-3.2826923076922867,0.07042253521126761,0.0,6.933098591549296,54.884315490722656
96,2085.0,12.0,173.75,283.0,0.7102473498233216,8.013680212014151,0.08480565371024736,0.0,6.3568904593639575,42.163997650146484
97,2224.0,11.0,202.1818181818182,281.0,0.7473309608540926,-3.1157580645161147,0.08185053380782918,0.0,6.8861209964412815,54.677589416503906
98,947.0,6.0,157.83333333333334,128.0,0.765625,5.702562499999999,0.0390625,0.0,6.40625,62.12906265258789
99,1319.0,9.0,146.55555555555554,165.0,0.8303030303030303,7.471534090909131,0.07878787878787878,0.0,7.0,85.42835998535156
100,1222.0,10.0,122.2,174.0,0.7988505747126436,23.190406976744214,0.08045977011494253,0.0,6.017241379310345,75.56204223632812
101,1149.0,7.0,164.14285714285714,146.0,0.7876712328767124,3.6654337899543634,0.0958904109589041,0.0,6.876712328767123,53.268680572509766
102,1220.0,8.0,152.5,160.0,0.825,5.4462500000000205,0.1,0.0,6.63125,68.58409881591797
103,1955.0,14.0,139.64285714285714,258.0,0.7713178294573644,8.184305259957455,0.07751937984496124,0.0,6.573643410852713,57.3364143371582
104,2300.0,12.0,191.66666666666666,290.0,0.7103448275862069,-4.871510380622794,0.05862068965517241,0.0,6.9206896551724135,62.32329177856445
105,2030.0,11.0,184.54545454545453,268.0,0.7238805970149254,-4.4151206896551685,0.06716417910447761,0.0,6.57089552238806,39.58628845214844
106,1309.0,9.0,145.44444444444446,172.0,0.7325581395348837,2.0404069767442365,0.05232558139534884,0.0,6.616279069767442,55.041378021240234
107,1996.0,15.0,133.06666666666666,273.0,0.6886446886446886,9.345644355644396,0.04395604395604396,0.0,6.285714285714286,47.55534362792969
108,1379.0,14.0,98.5,178.0,0.7921348314606742,21.8361840968021,0.06179775280898876,0.0,6.752808988764045,61.616825103759766
109,1516.0,10.0,151.6,197.0,0.8020304568527918,8.117270163564626,0.04568527918781726,0.0,6.690355329949239,83.88314819335938
110,2464.0,11.0,224.0,310.0,0.7064516129032258,-6.752861563517882,0.08387096774193549,0.0,6.941935483870968,47.88662338256836
111,1864.0,10.0,186.4,249.0,0.7751004016064257,2.2436662168240957,0.04417670682730924,0.0,6.48995983935743,64.78616333007812
112,2073.0,12.0,172.75,257.0,0.7470817120622568,-0.892320481075302,0.08560311284046693,0.0,7.046692607003891,57.35637664794922
113,1891.0,35.0,54.02857142857143,277.0,0.7509025270758123,43.73203812316717,0.06498194945848375,0.0,5.812274368231047,39.79581832885742
114,2107.0,16.0,131.6875,280.0,0.725,12.886449916989477,0.04285714285714286,0.0,6.521428571428571,41.57301712036133
115,1988.0,8.0,248.5,250.0,0.732,-20.894096385542156,0.072,0.0,6.956,36.28882598876953
116,976.0,6.0,162.66666666666666,124.0,0.8145161290322581,-6.640225806451582,0.056451612903225805,0.0,6.879032258064516,105.27587890625
117,1891.0,10.0,189.1,249.0,0.7630522088353414,5.815983935742963,0.04819277108433735,0.0,6.57429718875502,56.21820831298828
118,1675.0,11.0,152.27272727272728,229.0,0.7248908296943232,15.549500000000023,0.06550218340611354,0.0,6.310043668122271,66.23027801513672
119,869.0,5.0,173.8,117.0,0.7863247863247863,-2.176826923076902,0.03418803418803419,0.0,6.435897435897436,45.751869201660156
120,1070.0,8.0,133.75,144.0,0.7847222222222222,7.942500000000024,0.027777777777777776,0.0,6.4375,59.68130874633789
121,1831.0,10.0,183.1,242.0,0.768595041322314,10.104518211157227,0.05785123966942149,0.0,6.533057851239669,39.838966369628906
122,1158.0,8.0,144.75,141.0,0.8581560283687943,-0.20999999999997954,0.03546099290780142,0.0,7.205673758865248,70.00196075439453
123,1336.0,12.0,111.33333333333333,164.0,0.823170731707317,-0.7413333333333014,0.07317073170731707,0.0,7.115853658536586,58.60669708251953
124,2115.0,15.0,141.0,271.0,0.7232472324723247,2.655472636815972,0.05904059040590406,0.0,6.804428044280443,51.7054443359375
125,1750.0,9.0,194.44444444444446,229.0,0.7467248908296943,5.994598799126635,0.039301310043668124,0.0,6.646288209606987,53.52843475341797
126,2123.0,13.0,163.30769230769232,275.0,0.7527272727272727,3.7276978021978096,0.06545454545454546,0.0,6.716363636363637,69.46922302246094
127,1280.0,7.0,182.85714285714286,163.0,0.7423312883435583,-4.471682004089928,0.12269938650306748,0.0,6.858895705521473,53.67168426513672
128,2321.0,15.0,154.73333333333332,297.0,0.7003367003367004,3.3424152542373236,0.06397306397306397,0.0,6.808080808080808,53.62791442871094
129,1792.0,11.0,162.9090909090909,238.0,0.773109243697479,4.946907563025206,0.06722689075630252,0.0,6.487394957983193,63.223079681396484
130,1015.0,8.0,126.875,138.0,0.8260869565217391,12.720652173913095,0.043478260869565216,0.0,6.36231884057971,94.89623260498047
131,1463.0,9.0,162.55555555555554,202.0,0.7574257425742574,13.681497524752501,0.06435643564356436,0.0,6.247524752475248,61.477394104003906
132,1386.0,10.0,138.6,181.0,0.7403314917127072,1.3305095150398927,0.03314917127071823,0.0,6.640883977900552,47.65509796142578
133,1097.0,7.0,156.71428571428572,144.0,0.8611111111111112,2.1125000000000114,0.09027777777777778,0.0,6.625,73.2467041015625
134,1097.0,9.0,121.88888888888889,158.0,0.7468354430379747,28.646518987341807,0.012658227848101266,0.0,5.9113924050632916,54.05577850341797
135,812.0,5.0,162.4,114.0,0.8245614035087719,23.5496052631579,0.043859649122807015,0.0,6.131578947368421,75.59642028808594
136,2108.0,13.0,162.15384615384616,293.0,0.6825938566552902,11.567641752577345,0.040955631399317405,0.0,6.167235494880546,48.10235595703125
137,1586.0,10.0,158.6,202.0,0.806930693069307,-9.024378109452726,0.039603960396039604,0.0,6.811881188118812,63.184322357177734
138,2214.0,18.0,123.0,281.0,0.7295373665480427,5.717290322580681,0.046263345195729534,0.0,6.871886120996441,50.39708709716797
139,1631.0,12.0,135.91666666666666,217.0,0.7419354838709677,17.453826583592928,0.05069124423963134,0.0,6.511520737327189,65.81471252441406
140,2150.0,20.0,107.5,282.0,0.7340425531914894,13.038263763537913,0.06028368794326241,0.0,6.620567375886525,45.05846405029297
141,1401.0,7.0,200.14285714285714,181.0,0.7513812154696132,3.744010128913459,0.049723756906077346,0.0,6.707182320441989,36.20054244995117
142,982.0,8.0,122.75,135.0,0.8074074074074075,19.31333333333336,0.06666666666666667,0.0,6.266666666666667,105.41290283203125
143,1305.0,10.0,130.5,165.0,0.8,-10.388181818181806,0.048484848484848485,0.0,6.915151515151515,58.89788818359375
144,1509.0,18.0,83.83333333333333,199.0,0.7587939698492462,19.871582077716113,0.07035175879396985,0.0,6.5125628140703515,27.40281105041504
145,1825.0,11.0,165.9090909090909,235.0,0.7404255319148936,1.783913043478293,0.06382978723404255,0.0,6.76595744680851,49.29618835449219
146,919.0,8.0,114.875,119.0,0.773109243697479,12.527696078431404,0.04201680672268908,0.0,6.73109243697479,103.27091979980469
147,1510.0,9.0,167.77777777777777,206.0,0.7621359223300971,11.168626237623783,0.05825242718446602,0.0,6.334951456310679,56.65037536621094
148,900.0,7.0,128.57142857142858,123.0,0.8048780487804879,16.827500000000015,0.04065040650406504,0.0,6.32520325203252,77.20146179199219
149,2258.0,13.0,173.69230769230768,276.0,0.7681159420289855,2.723272727272729,0.12318840579710146,0.0,7.177536231884058,53.354434967041016
150,1863.0,10.0,186.3,232.0,0.771551724137931,-9.970438596491192,0.10344827586206896,0.0,7.008620689655173,53.26258087158203
151,1078.0,7.0,154.0,152.0,0.7697368421052632,16.374298245614057,0.046052631578947366,0.0,6.098684210526316,46.5275764465332
152,1440.0,10.0,144.0,189.0,0.8201058201058201,13.634285714285738,0.06878306878306878,0.0,6.619047619047619,75.24503326416016
153,694.0,6.0,115.66666666666667,92.0,0.8478260869565217,22.63726086956524,0.07608695652173914,0.0,6.554347826086956,116.36474609375
154,1700.0,14.0,121.42857142857143,234.0,0.7393162393162394,22.542500000000018,0.04700854700854701,0.0,6.260683760683761,55.61262512207031
155,2018.0,12.0,168.16666666666666,261.0,0.7432950191570882,-0.08593243243240067,0.1111111111111111,0.0,6.731800766283525,41.939125061035156
156,2304.0,12.0,192.0,298.0,0.7651006711409396,0.4932888613093951,0.05704697986577181,0.0,6.728187919463087,74.91983795166016
157,1621.0,13.0,124.6923076923077,210.0,0.8,9.801071428571447,0.08571428571428572,0.0,6.680952380952381,59.14228057861328
158,1213.0,14.0,86.64285714285714,168.0,0.7976190476190477,33.529775465498375,0.06547619047619048,0.0,6.184523809523809,62.28098678588867
159,2091.0,14.0,149.35714285714286,288.0,0.7048611111111112,18.854650349650342,0.034722222222222224,0.003472222222222222,6.225694444444445,56.83439254760742
160,1943.0,17.0,114.29411764705883,233.0,0.7682403433476395,-9.108643724696321,0.11158798283261803,0.0,7.334763948497854,55.58571243286133
161,2028.0,14.0,144.85714285714286,267.0,0.7715355805243446,8.312777249683165,0.056179775280898875,0.0,6.591760299625468,63.34444808959961
162,2227.0,12.0,185.58333333333334,293.0,0.7406143344709898,6.422811621368368,0.06484641638225255,0.0,6.573378839590443,51.56361389160156
163,1958.0,15.0,130.53333333333333,254.0,0.7322834645669292,10.573901098901104,0.07480314960629922,0.0,6.7047244094488185,49.506439208984375
164,2476.0,18.0,137.55555555555554,308.0,0.724025974025974,-0.7129999999999654,0.08766233766233766,0.0,7.025974025974026,45.548927307128906
165,782.0,6.0,130.33333333333334,107.0,0.8411214953271028,20.657925233644875,0.04672897196261682,0.0,6.317757009345795,60.10593032836914
166,1254.0,8.0,156.75,174.0,0.8045977011494253,7.542931034482791,0.04597701149425287,0.0,6.212643678160919,53.923004150390625
167,1534.0,10.0,153.4,194.0,0.8041237113402062,-0.497306701030908,0.07216494845360824,0.0,6.881443298969073,65.74163818359375
168,1436.0,10.0,143.6,193.0,0.7823834196891192,18.498940702360414,0.06217616580310881,0.0,6.435233160621761,43.50094223022461
169,682.0,5.0,136.4,98.0,0.7959183673469388,19.673622448979614,0.04081632653061224,0.0,5.969387755102041,34.95122528076172
170,1686.0,12.0,140.5,225.0,0.7422222222222222,13.293499999999995,0.057777777777777775,0.0,6.48,60.43522262573242
171,2376.0,16.0,148.5,305.0,0.6885245901639344,8.055536437246957,0.04590163934426229,0.0,6.783606557377049,51.61510467529297
172,1843.0,13.0,141.76923076923077,245.0,0.726530612244898,8.79272222222221,0.061224489795918366,0.0,6.506122448979592,57.21122360229492
173,1773.0,13.0,136.3846153846154,230.0,0.7565217391304347,-0.7908695652173776,0.06956521739130435,0.0,6.71304347826087,67.45750427246094
174,1234.0,9.0,137.11111111111111,166.0,0.8012048192771084,8.419533132530148,0.09036144578313253,0.0,6.433734939759036,57.381160736083984
175,1598.0,12.0,133.16666666666666,223.0,0.7847533632286996,11.929787671232873,0.07174887892376682,0.0,6.170403587443946,63.303382873535156
176,1718.0,12.0,143.16666666666666,246.0,0.7357723577235772,18.48124304267165,0.08536585365853659,0.0,5.987804878048781,52.96818923950195
177,1645.0,12.0,137.08333333333334,213.0,0.7699530516431925,4.478122065727717,0.056338028169014086,0.0,6.727699530516432,63.479671478271484
178,1762.0,14.0,125.85714285714286,230.0,0.8565217391304348,2.379827147016016,0.0782608695652174,0.0,6.665217391304348,70.76351928710938
179,1953.0,13.0,150.23076923076923,274.0,0.6751824817518248,14.714024064171127,0.05474452554744526,0.0,6.124087591240876,37.98175811767578
180,1147.0,10.0,114.7,147.0,0.8503401360544217,6.323150510204101,0.06802721088435375,0.0,6.809523809523809,55.98149108886719
181,1017.0,7.0,145.28571428571428,128.0,0.84375,-6.490208333333328,0.078125,0.0,6.953125,55.665687561035156
182,2338.0,11.0,212.54545454545453,320.0,0.709375,4.12511514195586,0.05625,0.0,6.3,35.85576248168945
183,2234.0,13.0,171.84615384615384,283.0,0.7526501766784452,-6.357693303138149,0.04946996466431095,0.0,6.886925795053004,74.97662353515625
184,741.0,4.0,185.25,89.0,0.8202247191011236,-20.042958801498088,0.14606741573033707,0.0,7.337078651685394,49.20903015136719
185,1555.0,10.0,155.5,208.0,0.7788461538461539,6.4675271739130835,0.038461538461538464,0.0,6.471153846153846,60.411048889160156
186,768.0,6.0,128.0,103.0,0.883495145631068,14.261922330097121,0.038834951456310676,0.0,6.466019417475728,80.56715393066406
187,2206.0,14.0,157.57142857142858,287.0,0.7282229965156795,3.4361184210526687,0.0627177700348432,0.0,6.658536585365853,58.17652130126953
188,1912.0,10.0,191.2,256.0,0.7421875,8.989444444444473,0.078125,0.0,6.46484375,39.50989532470703
189,1724.0,9.0,191.55555555555554,225.0,0.7333333333333333,-4.071874999999977,0.044444444444444446,0.0,6.635555555555555,111.0214614868164
190,2046.0,12.0,170.5,284.0,0.7183098591549296,6.738779312560268,0.07746478873239436,0.0,6.169014084507042,48.42546081542969
191,1622.0,11.0,147.45454545454547,212.0,0.8018867924528302,9.068571428571431,0.0660377358490566,0.0,6.613207547169812,57.62115478515625
192,1145.0,9.0,127.22222222222223,153.0,0.8235294117647058,4.399595588235314,0.06535947712418301,0.0,6.4640522875816995,44.41081619262695
193,2231.0,17.0,131.23529411764707,306.0,0.6862745098039216,14.838017543859706,0.06209150326797386,0.0,6.284313725490196,57.6419563293457
194,1927.0,11.0,175.1818181818182,244.0,0.75,0.23250000000001592,0.06557377049180328,0.0,6.868852459016393,47.67843246459961
195,1509.0,12.0,125.75,182.0,0.8241758241758241,1.3182867132867386,0.04945054945054945,0.0,7.263736263736264,42.59831237792969
196,1905.0,16.0,119.0625,247.0,0.7327935222672065,13.957345215759887,0.08906882591093117,0.0,6.659919028340081,55.294944763183594
197,2049.0,14.0,146.35714285714286,266.0,0.7518796992481203,5.096047211660334,0.06766917293233082,0.0,6.672932330827067,66.06641387939453
198,898.0,7.0,128.28571428571428,123.0,0.8211382113821138,11.325060975609773,0.08130081300813008,0.0,6.308943089430894,81.88398742675781
199,1945.0,16.0,121.5625,266.0,0.7443609022556391,19.974000000000018,0.06390977443609022,0.0,6.2819548872180455,52.54374694824219
200,1886.0,12.0,157.16666666666666,254.0,0.7755905511811023,4.076418181818184,0.07480314960629922,0.0,6.393700787401575,59.157596588134766
201,1751.0,12.0,145.91666666666666,233.0,0.7467811158798283,12.075646017699142,0.06437768240343347,0.0,6.48068669527897,52.309906005859375
202,1825.0,14.0,130.35714285714286,254.0,0.7440944881889764,23.093469200122627,0.07480314960629922,0.0,6.15748031496063,47.968017578125
203,1227.0,12.0,102.25,166.0,0.8132530120481928,22.990997322623855,0.05421686746987952,0.0,6.313253012048193,89.97893524169922
204,2229.0,17.0,131.11764705882354,290.0,0.7551724137931034,10.076821596244173,0.07586206896551724,0.0,6.655172413793103,43.56526184082031
205,2539.0,18.0,141.05555555555554,318.0,0.7295597484276729,1.7733101997897336,0.11635220125786164,0.0,6.977987421383648,40.051536560058594
206,2158.0,11.0,196.1818181818182,279.0,0.6989247311827957,-5.092043478260848,0.04659498207885305,0.0,6.706093189964157,62.35462188720703
207,2492.0,17.0,146.58823529411765,332.0,0.6957831325301205,9.308823293172736,0.08433734939759036,0.0,6.503012048192771,45.21527862548828
208,770.0,7.0,110.0,103.0,0.8737864077669902,20.380000000000024,0.07766990291262135,0.0,6.485436893203883,108.14120483398438
209,1171.0,7.0,167.28571428571428,161.0,0.8074534161490683,6.720905797101466,0.055900621118012424,0.0,6.279503105590062,50.237674713134766
210,1363.0,10.0,136.3,182.0,0.7637362637362637,15.820012277470852,0.038461538461538464,0.0,6.4945054945054945,76.37921142578125
211,2280.0,13.0,175.3846153846154,326.0,0.6809815950920245,13.551961697722618,0.05214723926380368,0.0,5.987730061349693,36.52376174926758
212,1091.0,8.0,136.375,150.0,0.7933333333333333,14.757000000000033,0.04,0.0,6.28,46.78089904785156
213,2223.0,18.0,123.5,295.0,0.711864406779661,13.37163841807913,0.05423728813559322,0.0,6.5288135593220336,41.99238586425781
214,1084.0,6.0,180.66666666666666,133.0,0.7819548872180451,1.094646616541354,0.05263157894736842,0.0,7.157894736842105,51.96974182128906
215,1491.0,11.0,135.54545454545453,195.0,0.7743589743589744,10.966680412371147,0.08205128205128205,0.0,6.651282051282052,86.0614013671875
216,1080.0,8.0,135.0,143.0,0.7762237762237763,10.983916083916114,0.055944055944055944,0.0,6.559440559440559,38.321189880371094
217,1725.0,8.0,215.625,214.0,0.7757009345794392,-17.389285714285677,0.12149532710280374,0.0,7.065420560747664,33.10477066040039
218,1719.0,10.0,171.9,240.0,0.7333333333333333,15.770359477124202,0.04583333333333333,0.0,6.133333333333334,71.02477264404297
219,1195.0,7.0,170.71428571428572,145.0,0.8482758620689655,-16.650028735632162,0.13793103448275862,0.0,7.248275862068965,47.59330749511719
220,652.0,5.0,130.4,95.0,0.8315789473684211,25.99611842105267,0.042105263157894736,0.0,5.873684210526315,49.630611419677734
221,2176.0,17.0,128.0,262.0,0.8282442748091603,7.721923076923105,0.12595419847328243,0.0,7.267175572519084,33.9835319519043
222,1831.0,11.0,166.45454545454547,236.0,0.7372881355932204,1.4928644067796597,0.059322033898305086,0.0,6.72457627118644,59.96339416503906
223,1108.0,8.0,138.5,142.0,0.7816901408450704,-6.785985915492944,0.035211267605633804,0.0,6.809859154929577,51.602882385253906
224,2180.0,13.0,167.69230769230768,292.0,0.7157534246575342,1.4368678160919899,0.05821917808219178,0.0,6.458904109589041,66.50223541259766
225,1717.0,11.0,156.0909090909091,228.0,0.7763157894736842,7.655186823992153,0.06140350877192982,0.0,6.482456140350878,48.031829833984375
226,2266.0,16.0,141.625,317.0,0.7192429022082019,16.913076923076943,0.028391167192429023,0.0,6.145110410094637,52.093833923339844
227,1689.0,10.0,168.9,225.0,0.7555555555555555,8.883056812468624,0.05333333333333334,0.0,6.475555555555555,43.456275939941406
228,1998.0,9.0,222.0,270.0,0.7148148148148148,-2.365261194029813,0.06666666666666667,0.0,6.396296296296296,42.52055740356445
229,1895.0,10.0,189.5,239.0,0.7615062761506276,-9.055131826741956,0.07531380753138076,0.0,6.924686192468619,42.4785041809082
230,1649.0,13.0,126.84615384615384,235.0,0.7702127659574468,23.644675324675347,0.04680851063829787,0.0,5.974468085106383,50.53453826904297
231,1100.0,7.0,157.14285714285714,147.0,0.782312925170068,13.918520408163289,0.07482993197278912,0.0,6.489795918367347,77.27836608886719
232,1226.0,9.0,136.22222222222223,167.0,0.8263473053892215,9.605548780487823,0.03592814371257485,0.0,6.347305389221557,87.21685791015625
233,1192.0,10.0,119.2,158.0,0.8291139240506329,18.745225035161752,0.05063291139240506,0.0,6.550632911392405,61.495426177978516
234,1374.0,10.0,137.4,181.0,0.8232044198895028,8.341559238796833,0.04419889502762431,0.0,6.596685082872928,58.637027740478516
235,2300.0,13.0,176.92307692307693,291.0,0.7731958762886598,-6.457100515463907,0.054982817869415807,0.0,6.896907216494846,56.970951080322266
236,2243.0,15.0,149.53333333333333,301.0,0.7508305647840532,13.82371212121214,0.07641196013289037,0.0,6.411960132890365,56.36693572998047
237,827.0,8.0,103.375,113.0,0.8584070796460177,22.262529498525083,0.061946902654867256,0.0,6.327433628318584,64.36793518066406
238,1899.0,11.0,172.63636363636363,254.0,0.7322834645669292,10.952337944664066,0.05511811023622047,0.0,6.47244094488189,40.37835693359375
239,1965.0,13.0,151.15384615384616,264.0,0.7272727272727273,12.723926719668185,0.09090909090909091,0.0,6.416666666666667,54.39145278930664
240,1722.0,11.0,156.54545454545453,222.0,0.7522522522522522,3.9793434343434626,0.05405405405405406,0.0,6.752252252252252,55.26244354248047
241,1340.0,9.0,148.88888888888889,180.0,0.7944444444444444,9.157499999999999,0.07777777777777778,0.0,6.45,53.58199691772461
242,1469.0,10.0,146.9,201.0,0.7711442786069652,15.387562189054762,0.06467661691542288,0.0,6.308457711442786,50.16864776611328
243,2245.0,10.0,224.5,286.0,0.7447552447552448,-11.320687082842568,0.10839160839160839,0.0,6.811188811188811,41.98508834838867
244,2347.0,15.0,156.46666666666667,303.0,0.7095709570957096,1.6925437928408655,0.066006600660066,0.0,6.739273927392739,43.12261962890625
245,2028.0,18.0,112.66666666666667,287.0,0.7177700348432056,20.876852767962333,0.041811846689895474,0.0,6.038327526132404,44.07326889038086
246,1291.0,8.0,161.375,157.0,0.8535031847133758,-6.684140127388503,0.03821656050955414,0.0,7.222929936305732,68.59037780761719
247,2103.0,11.0,191.1818181818182,277.0,0.7256317689530686,7.876681818181822,0.04332129963898917,0.0,6.588447653429603,74.9193344116211
248,1266.0,8.0,158.25,160.0,0.8,8.090000000000003,0.06875,0.0,6.86875,72.58280944824219
249,1512.0,9.0,168.0,196.0,0.8010204081632653,7.587908163265325,0.07142857142857142,0.0,6.698979591836735,62.45597457885742
250,1487.0,12.0,123.91666666666667,204.0,0.7696078431372549,22.543716577540152,0.06372549019607843,0.0,6.259803921568627,56.05729675292969
251,2275.0,16.0,142.1875,297.0,0.7441077441077442,4.809795918367342,0.0707070707070707,0.0,6.64983164983165,42.5084342956543
252,1485.0,10.0,148.5,192.0,0.78125,2.7000000000000455,0.046875,0.0,6.739583333333333,53.50965118408203
253,2033.0,17.0,119.58823529411765,281.0,0.7153024911032029,17.407500000000027,0.0498220640569395,0.0,6.2064056939501775,57.87181091308594
254,1863.0,10.0,186.3,250.0,0.752,8.408848403058926,0.036,0.0,6.408,67.88162994384766
255,1308.0,10.0,130.8,180.0,0.7944444444444444,22.787500000000023,0.027777777777777776,0.0,6.272222222222222,50.18193817138672
256,1937.0,10.0,193.7,235.0,0.7404255319148936,-7.587777777777745,0.06382978723404255,0.0,7.246808510638298,65.95655822753906
257,1221.0,11.0,111.0,165.0,0.8242424242424242,9.328834355828235,0.05454545454545454,0.0,6.375757575757576,54.7349739074707
258,877.0,8.0,109.625,135.0,0.7925925925925926,42.2086363636364,0.07407407407407407,0.0,5.503703703703704,83.63700103759766
259,1767.0,14.0,126.21428571428571,237.0,0.7974683544303798,19.742533977110156,0.0970464135021097,0.0,6.455696202531645,61.117496490478516
260,1194.0,9.0,132.66666666666666,165.0,0.7818181818181819,22.663577453987756,0.04242424242424243,0.0,6.212121212121212,60.67378234863281
261,1796.0,10.0,179.6,234.0,0.7478632478632479,0.8955555555555748,0.05555555555555555,0.0,6.653846153846154,45.82344055175781
262,2000.0,13.0,153.84615384615384,257.0,0.7587548638132295,16.555449092088196,0.06614785992217899,0.0,6.727626459143969,58.596858978271484
263,2157.0,20.0,107.85,316.0,0.7373417721518988,29.260897435897448,0.056962025316455694,0.0,5.800632911392405,37.408634185791016
264,1896.0,8.0,237.0,237.0,0.7679324894514767,-18.778163841807867,0.06329113924050633,0.0,7.0,42.751895904541016
265,1529.0,13.0,117.61538461538461,198.0,0.7929292929292929,13.49950824873099,0.045454545454545456,0.0,6.717171717171717,56.73929214477539
266,1267.0,9.0,140.77777777777777,170.0,0.8352941176470589,15.568602941176493,0.08235294117647059,0.0,6.4411764705882355,69.80160522460938
267,1442.0,12.0,120.16666666666667,170.0,0.8294117647058824,1.5451069518716736,0.08823529411764706,0.0,7.452941176470588,67.98758697509766
268,1376.0,10.0,137.6,185.0,0.8,10.368948948948969,0.07027027027027027,0.0,6.443243243243243,71.46354675292969
269,1906.0,10.0,190.6,243.0,0.7489711934156379,-11.29932870370368,0.09053497942386832,0.0,6.839506172839506,41.22267532348633
270,1652.0,12.0,137.66666666666666,221.0,0.7873303167420814,16.53916540975368,0.09502262443438914,0.0,6.470588235294118,54.098636627197266
271,2185.0,10.0,218.5,276.0,0.7644927536231884,-1.9927070707070698,0.07608695652173914,0.0,6.880434782608695,51.7005615234375
272,2224.0,16.0,139.0,300.0,0.72,17.733355704698027,0.06333333333333334,0.0,6.41,36.68837356567383
273,844.0,6.0,140.66666666666666,115.0,0.8521739130434782,12.818695652173943,0.043478260869565216,0.0,6.3478260869565215,41.147342681884766
274,1059.0,6.0,176.5,138.0,0.8188405797101449,7.7818695652173915,0.057971014492753624,0.0,6.681159420289855,75.03939819335938
275,1772.0,12.0,147.66666666666666,228.0,0.7412280701754386,-2.1225000000000023,0.039473684210526314,0.0,6.776315789473684,63.421546936035156
276,1874.0,10.0,187.4,243.0,0.7283950617283951,1.679621945597063,0.06584362139917696,0.0,6.707818930041152,39.63628387451172
277,1924.0,10.0,192.4,250.0,0.756,-1.523945119208264,0.068,0.0,6.7,64.39136505126953
278,2153.0,14.0,153.78571428571428,282.0,0.7340425531914894,0.6663186813187281,0.06028368794326241,0.0,6.581560283687943,39.70524597167969
279,1923.0,14.0,137.35714285714286,252.0,0.7222222222222222,15.312857142857155,0.09126984126984126,0.0,6.599206349206349,39.869789123535156
280,2350.0,13.0,180.76923076923077,346.0,0.5780346820809249,21.35719127693119,0.031791907514450865,0.0,5.7514450867052025,36.20606994628906
281,1649.0,10.0,164.9,213.0,0.755868544600939,1.6978403755868783,0.06572769953051644,0.0,6.732394366197183,56.333457946777344
282,1168.0,9.0,129.77777777777777,169.0,0.7337278106508875,26.705551035502964,0.029585798816568046,0.0,5.911242603550296,49.33131790161133
283,1585.0,10.0,158.5,226.0,0.7522123893805309,14.362070707070728,0.05309734513274336,0.0,5.938053097345133,42.98402404785156
284,1676.0,10.0,167.6,225.0,0.7511111111111111,2.705127262443426,0.06222222222222222,0.0,6.426666666666667,38.8223876953125
285,1166.0,10.0,116.6,160.0,0.74375,16.806250000000034,0.0875,0.0,6.28125,42.226356506347656
286,1816.0,10.0,181.6,255.0,0.7176470588235294,10.79415555555559,0.050980392156862744,0.0,6.090196078431372,56.2527961730957
287,2094.0,13.0,161.07692307692307,288.0,0.75,9.429238676517855,0.05555555555555555,0.0,6.263888888888889,54.622291564941406
288,1199.0,7.0,171.28571428571428,160.0,0.8125,12.865801886792468,0.06875,0.0,6.4625,58.752418518066406
289,1177.0,8.0,147.125,153.0,0.803921568627451,1.0735294117647243,0.0392156862745098,0.0,6.699346405228758,79.87120819091797
290,2215.0,12.0,184.58333333333334,313.0,0.7060702875399361,15.967387466902068,0.051118210862619806,0.0,6.067092651757188,50.36861801147461
291,2274.0,12.0,189.5,298.0,0.7416107382550335,6.399630200308167,0.08053691275167785,0.0,6.62751677852349,50.3996696472168
292,2041.0,17.0,120.05882352941177,262.0,0.7519083969465649,10.310105534105531,0.06870229007633588,0.0,6.790076335877862,43.56447982788086
293,1606.0,13.0,123.53846153846153,218.0,0.7844036697247706,21.619587173579134,0.05963302752293578,0.0,6.362385321100917,43.325687408447266
294,2522.0,16.0,157.625,330.0,0.703030303030303,5.34341463414637,0.05757575757575758,0.0,6.609090909090909,41.9984016418457
295,1945.0,20.0,97.25,256.0,0.71484375,15.007625000000019,0.08984375,0.0,6.546875,36.95498275756836
296,1372.0,12.0,114.33333333333333,172.0,0.7848837209302325,3.557804076265654,0.12790697674418605,0.0,6.924418604651163,38.952484130859375
297,2071.0,18.0,115.05555555555556,281.0,0.7330960854092526,12.610935251798566,0.099644128113879,0.0,6.359430604982206,57.136959075927734
298,1436.0,10.0,143.6,183.0,0.7923497267759563,4.052404371584714,0.06557377049180328,0.0,6.797814207650274,62.14692687988281
299,2067.0,13.0,159.0,251.0,0.7768924302788844,0.3616872509960558,0.11952191235059761,0.0,7.211155378486056,37.51513671875
300,700.0,5.0,140.0,90.0,0.8111111111111111,1.637500000000017,0.022222222222222223,0.0,6.788888888888889,61.99121856689453
301,1874.0,10.0,187.4,253.0,0.7312252964426877,14.586428571428598,0.03557312252964427,0.0,6.387351778656127,52.14863586425781
302,1526.0,8.0,190.75,201.0,0.7711442786069652,-0.14763819095472286,0.0945273631840796,0.0,6.54726368159204,47.99526596069336
303,1396.0,10.0,139.6,179.0,0.8044692737430168,0.7928230337078617,0.07262569832402235,0.0,6.804469273743017,72.775390625
304,1750.0,20.0,87.5,238.0,0.7605042016806722,12.039461538461552,0.07983193277310924,0.0,6.340336134453781,50.301856994628906
305,2026.0,12.0,168.83333333333334,259.0,0.7297297297297297,-1.8798691192075978,0.11583011583011583,0.0,6.814671814671815,35.698001861572266
306,1926.0,14.0,137.57142857142858,256.0,0.7578125,4.362991669684931,0.05859375,0.0,6.52734375,37.163352966308594
307,1749.0,8.0,218.625,211.0,0.8009478672985783,-10.6017061611374,0.12322274881516587,0.0,7.293838862559242,46.21950912475586
308,1761.0,15.0,117.4,248.0,0.7379032258064516,25.62527065527067,0.07258064516129033,0.0,6.060483870967742,57.07310485839844
309,1315.0,10.0,131.5,180.0,0.8111111111111111,25.137500000000017,0.011111111111111112,0.0,6.311111111111111,100.23207092285156
310,1009.0,7.0,144.14285714285714,135.0,0.762962962962963,1.7084577114428043,0.05925925925925926,0.0,6.481481481481482,58.50720977783203
311,1878.0,12.0,156.5,250.0,0.776,7.1843921139102065,0.052,0.0,6.516,53.56945037841797
312,1374.0,11.0,124.9090909090909,186.0,0.8010752688172043,20.5753548387097,0.06451612903225806,0.0,6.376344086021505,52.240238189697266
313,1618.0,13.0,124.46153846153847,205.0,0.8,9.629115353037804,0.1073170731707317,0.0,6.897560975609756,59.074440002441406
314,2114.0,17.0,124.3529411764706,292.0,0.7054794520547946,19.03523744292241,0.04794520547945205,0.0,6.208904109589041,63.910892486572266
315,1769.0,11.0,160.8181818181818,247.0,0.6396761133603239,20.784742914979773,0.044534412955465584,0.0,6.165991902834008,38.45866012573242
316,2122.0,13.0,163.23076923076923,283.0,0.7243816254416962,7.870779220779241,0.04240282685512368,0.0,6.4946996466431095,51.26490783691406
317,1741.0,10.0,174.1,225.0,0.76,0.6647420634920707,0.04,0.0,6.742222222222222,67.18378448486328
318,1797.0,12.0,149.75,224.0,0.7946428571428571,-4.362607142857115,0.07589285714285714,0.0,7.017857142857143,71.54364013671875
319,1290.0,9.0,143.33333333333334,162.0,0.8271604938271605,8.203472222222246,0.07407407407407407,0.0,6.969135802469136,86.22772216796875
320,1955.0,12.0,162.91666666666666,259.0,0.7258687258687259,0.3572821011673284,0.03474903474903475,0.0,6.528957528957529,52.37046813964844
321,1369.0,9.0,152.11111111111111,187.0,0.7807486631016043,8.123346774193578,0.0481283422459893,0.0,6.32620320855615,52.5212287902832
322,1176.0,9.0,130.66666666666666,164.0,0.7926829268292683,24.565304878048806,0.07317073170731707,0.0,6.176829268292683,81.94477081298828
323,2477.0,13.0,190.53846153846155,339.0,0.6696165191740413,6.8710694856577845,0.05309734513274336,0.0,6.271386430678466,55.272247314453125
324,1425.0,8.0,178.125,178.0,0.7921348314606742,-9.53847457627117,0.06179775280898876,0.0,6.977528089887641,61.1894645690918
325,2003.0,10.0,200.3,267.0,0.6966292134831461,-1.509224318658255,0.033707865168539325,0.0,6.48314606741573,65.75068664550781
326,2265.0,16.0,141.5625,293.0,0.7064846416382252,1.3781655290102606,0.09556313993174062,0.0,6.726962457337884,39.92953109741211
327,2301.0,15.0,153.4,286.0,0.7797202797202797,-6.656513157894693,0.07342657342657342,0.0,7.041958041958042,69.32861328125
328,2306.0,17.0,135.64705882352942,316.0,0.6930379746835443,16.755987261146544,0.06645569620253164,0.0031645569620253164,6.291139240506329,51.8348388671875
329,2216.0,12.0,184.66666666666666,296.0,0.6824324324324325,-2.442161410018514,0.0472972972972973,0.0,6.47972972972973,51.58635330200195
330,1315.0,8.0,164.375,161.0,0.8136645962732919,-5.580645161290306,0.049689440993788817,0.0,7.111801242236025,83.84080505371094
331,1912.0,14.0,136.57142857142858,246.0,0.7276422764227642,15.107987804878036,0.06097560975609756,0.0,6.776422764227642,36.89356231689453
332,1231.0,9.0,136.77777777777777,150.0,0.8066666666666666,-1.5989999999999611,0.06666666666666667,0.0,7.213333333333333,89.59007263183594
333,1620.0,13.0,124.61538461538461,219.0,0.7625570776255708,13.177957658779576,0.045662100456621,0.0,6.401826484018265,57.98556137084961
334,1888.0,11.0,171.63636363636363,254.0,0.7165354330708661,4.671285714285716,0.06299212598425197,0.0,6.433070866141732,70.78607177734375
335,2288.0,15.0,152.53333333333333,303.0,0.7029702970297029,3.012372225090388,0.052805280528052806,0.0,6.544554455445544,57.74889373779297
336,1015.0,7.0,145.0,144.0,0.8333333333333334,14.035775058275078,0.041666666666666664,0.0,6.055555555555555,62.56056594848633
337,718.0,6.0,119.66666666666667,106.0,0.8490566037735849,32.87737735849058,0.04716981132075472,0.0,5.783018867924528,81.63214874267578
338,2077.0,11.0,188.8181818181818,265.0,0.7396226415094339,-6.751515209125444,0.045283018867924525,0.0,6.830188679245283,50.0628547668457
339,1625.0,10.0,162.5,219.0,0.7351598173515982,7.400000000000006,0.0502283105022831,0.0,6.424657534246576,61.391502380371094
340,1707.0,13.0,131.30769230769232,228.0,0.7280701754385965,16.121636363636384,0.05701754385964912,0.0,6.464912280701754,66.63279724121094
341,1968.0,12.0,164.0,252.0,0.7380952380952381,2.046946215139485,0.06349206349206349,0.0,6.805555555555555,47.364688873291016
342,1935.0,16.0,120.9375,258.0,0.7790697674418605,20.07529069767446,0.06976744186046512,0.0,6.457364341085271,49.012977600097656
343,1310.0,8.0,163.75,167.0,0.8023952095808383,-7.810853658536558,0.059880239520958084,0.0,6.850299401197605,57.83622741699219
344,1223.0,8.0,152.875,166.0,0.7771084337349398,15.09391566265063,0.06626506024096386,0.0,6.373493975903615,62.769283294677734
345,1896.0,11.0,172.36363636363637,249.0,0.7791164658634538,8.710580645161315,0.05622489959839357,0.0,6.590361445783133,66.95006561279297
346,1900.0,11.0,172.72727272727272,250.0,0.76,7.346064516129047,0.044,0.0,6.58,69.61592864990234
347,1208.0,7.0,172.57142857142858,157.0,0.8280254777070064,4.609591295116786,0.08917197452229299,0.0,6.7006369426751595,52.15110778808594
348,1211.0,12.0,100.91666666666667,178.0,0.7134831460674157,32.87586516853932,0.05056179775280899,0.0,5.808988764044944,72.51590728759766
349,1667.0,11.0,151.54545454545453,227.0,0.7444933920704846,13.669500000000028,0.048458149779735685,0.0,6.3392070484581495,44.94572830200195
350,1104.0,9.0,122.66666666666667,154.0,0.8116883116883117,10.557894736842144,0.045454545454545456,0.0,6.175324675324675,57.055389404296875
351,1881.0,17.0,110.6470588235294,249.0,0.7389558232931727,18.699969635627554,0.06827309236947791,0.0,6.522088353413655,67.19063568115234
352,1504.0,10.0,150.4,194.0,0.8402061855670103,-12.43876726519332,0.13402061855670103,0.0,6.757731958762887,50.939762115478516
353,2336.0,15.0,155.73333333333332,301.0,0.7308970099667774,-2.4036454849498057,0.06312292358803986,0.0,6.754152823920266,53.582942962646484
354,1068.0,7.0,152.57142857142858,144.0,0.8055555555555556,15.625000000000028,0.041666666666666664,0.0,6.423611111111111,87.05215454101562
355,2098.0,18.0,116.55555555555556,276.0,0.7789855072463768,16.09239130434787,0.07608695652173914,0.0,6.572463768115942,37.5346565246582
356,2185.0,19.0,115.0,285.0,0.7824561403508772,9.052774193548402,0.05964912280701754,0.0,6.659649122807018,44.16525650024414
357,1929.0,19.0,101.52631578947368,252.0,0.7857142857142857,10.619795698924747,0.09126984126984126,0.0,6.658730158730159,39.3988037109375
358,1593.0,9.0,177.0,200.0,0.76,-1.275999999999982,0.09,0.0,6.935,82.3900146484375
359,2134.0,16.0,133.375,288.0,0.7361111111111112,1.6673411953900086,0.0763888888888889,0.0,6.402777777777778,58.172359466552734
360,2061.0,20.0,103.05,275.0,0.7345454545454545,21.27558823529415,0.08,0.0,6.465454545454546,54.65094757080078
361,1310.0,10.0,131.0,171.0,0.8070175438596491,11.9184210526316,0.07602339181286549,0.0,6.666666666666667,67.12908172607422
362,1464.0,7.0,209.14285714285714,191.0,0.806282722513089,2.5291666666666686,0.05235602094240838,0.0,6.670157068062827,49.45180892944336
363,1573.0,13.0,121.0,217.0,0.7649769585253456,26.29792818740404,0.055299539170506916,0.0,6.253456221198157,80.9656753540039
364,1580.0,9.0,175.55555555555554,224.0,0.7232142857142857,21.663344594594633,0.049107142857142856,0.0,6.03125,46.25828170776367
365,1305.0,8.0,163.125,170.0,0.7705882352941177,7.23214285714289,0.06470588235294118,0.0,6.682352941176471,62.23978042602539
366,2034.0,16.0,127.125,260.0,0.8038461538461539,10.094485294117646,0.09615384615384616,0.0,6.819230769230769,59.10207748413086
367,1155.0,6.0,192.5,162.0,0.7716049382716049,0.049000000000035016,0.043209876543209874,0.0,6.111111111111111,55.3167839050293
368,2329.0,15.0,155.26666666666668,312.0,0.6698717948717948,5.956102150537674,0.0641025641025641,0.0,6.42948717948718,48.09638977050781
369,2034.0,11.0,184.9090909090909,283.0,0.7137809187279152,9.519500000000022,0.03180212014134275,0.0,6.180212014134276,58.77082824707031
370,1363.0,10.0,136.3,177.0,0.7740112994350282,15.761468926553704,0.0847457627118644,0.0,6.706214689265536,40.256752014160156
371,1471.0,14.0,105.07142857142857,208.0,0.7740384615384616,24.25628458498028,0.04326923076923077,0.0,6.076923076923077,65.71392059326172
372,2025.0,13.0,155.76923076923077,250.0,0.788,-0.9995818181818095,0.08,0.0,7.048,67.67091369628906
373,2215.0,12.0,184.58333333333334,284.0,0.7288732394366197,0.5140909090909247,0.045774647887323945,0.0,6.788732394366197,67.77647399902344
374,1910.0,10.0,191.0,248.0,0.7459677419354839,-1.866455240665772,0.04032258064516129,0.0,6.689516129032258,59.90537643432617
375,1999.0,11.0,181.72727272727272,255.0,0.7215686274509804,-9.12946456692913,0.07450980392156863,0.0,6.8352941176470585,43.68120574951172
376,697.0,5.0,139.4,98.0,0.8979591836734694,24.8532142857143,0.09183673469387756,0.0,6.122448979591836,50.23557662963867
377,962.0,6.0,160.33333333333334,132.0,0.7878787878787878,13.40263636363639,0.06060606060606061,0.0,6.295454545454546,69.92903137207031
378,1436.0,8.0,179.5,192.0,0.7447916666666666,8.913750000000022,0.052083333333333336,0.0,6.453125,56.78089141845703
379,1202.0,7.0,171.71428571428572,154.0,0.7922077922077922,-5.446536796536776,0.045454545454545456,0.0,6.811688311688312,51.273345947265625
380,2201.0,16.0,137.5625,294.0,0.7482993197278912,8.441724137931033,0.05102040816326531,0.0,6.479591836734694,46.00857925415039
381,1439.0,9.0,159.88888888888889,177.0,0.7909604519774012,-7.764247881355914,0.05649717514124294,0.0,7.101694915254237,91.81707763671875
382,1933.0,12.0,161.08333333333334,252.0,0.7420634920634921,8.814018181818199,0.06349206349206349,0.0,6.662698412698413,91.34545135498047
383,2001.0,12.0,166.75,244.0,0.8032786885245902,-9.299171220400694,0.0778688524590164,0.0,7.204918032786885,59.081451416015625
384,2117.0,10.0,211.7,279.0,0.7491039426523297,-2.220125709651228,0.06093189964157706,0.0,6.577060931899641,47.3756217956543
385,1408.0,8.0,176.0,194.0,0.7319587628865979,6.077631578947404,0.03608247422680412,0.0,6.252577319587629,44.45587158203125
386,2073.0,13.0,159.46153846153845,258.0,0.748062015503876,-11.432911931818154,0.06589147286821706,0.0,7.0310077519379846,49.633506774902344
387,1046.0,7.0,149.42857142857142,147.0,0.7959183673469388,9.889948979591878,0.047619047619047616,0.0,6.122448979591836,62.7664680480957
388,1988.0,15.0,132.53333333333333,257.0,0.7704280155642024,4.171657038613574,0.06614785992217899,0.0,6.715953307392996,76.13877868652344
389,1750.0,11.0,159.0909090909091,250.0,0.752,17.60178571428574,0.044,0.0,5.968,69.6983642578125
390,1935.0,16.0,120.9375,277.0,0.7545126353790613,30.192391304347865,0.06498194945848375,0.0,5.981949458483754,48.83305740356445
391,2098.0,13.0,161.3846153846154,270.0,0.7555555555555555,4.882349914236755,0.06296296296296296,0.0,6.770370370370371,47.63885498046875
392,1355.0,11.0,123.18181818181819,170.0,0.8176470588235294,3.0357189542484093,0.08823529411764706,0.0,6.958823529411765,42.22278594970703
393,1820.0,18.0,101.11111111111111,230.0,0.7739130434782608,3.125133779264246,0.07391304347826087,0.0,6.904347826086957,38.446739196777344
394,2181.0,9.0,242.33333333333334,285.0,0.7578947368421053,-3.8437499999999716,0.06315789473684211,0.0,6.624561403508772,52.96351623535156
395,1450.0,12.0,120.83333333333333,197.0,0.7817258883248731,9.222350515463916,0.030456852791878174,0.0,6.365482233502538,81.66664123535156
396,1219.0,7.0,174.14285714285714,162.0,0.7469135802469136,12.841111111111132,0.04938271604938271,0.0,6.530864197530864,59.89015579223633
397,1938.0,10.0,193.8,257.0,0.7354085603112841,3.568431372549014,0.0622568093385214,0.0,6.509727626459144,47.05379104614258
398,2165.0,15.0,144.33333333333334,272.0,0.7610294117647058,1.1587313432835913,0.08088235294117647,0.0,6.952205882352941,42.03099060058594
399,1909.0,13.0,146.84615384615384,233.0,0.8025751072961373,-2.357922077922069,0.1072961373390558,0.0,7.1888412017167385,56.58671569824219
400,1090.0,8.0,136.25,144.0,0.8125,2.067500000000024,0.05555555555555555,0.0,6.576388888888889,48.901729583740234
401,2247.0,22.0,102.13636363636364,303.0,0.7062706270627063,17.140507084265494,0.0429042904290429,0.0,6.409240924092409,52.2448844909668
402,695.0,6.0,115.83333333333333,105.0,0.8,22.21723076923078,0.0380952380952381,0.0,5.628571428571429,47.16788864135742
403,2105.0,11.0,191.36363636363637,269.0,0.7546468401486989,-0.04693866170998717,0.09665427509293681,0.0,6.810408921933085,41.534786224365234
404,1283.0,11.0,116.63636363636364,180.0,0.7944444444444444,17.103371508379922,0.03333333333333333,0.0,6.133333333333334,61.89545822143555
405,1854.0,14.0,132.42857142857142,238.0,0.7689075630252101,3.0568939883645783,0.07563025210084033,0.0,6.7899159663865545,59.85210037231445
406,1021.0,7.0,145.85714285714286,150.0,0.78,25.48822706935124,0.04,0.0,5.8133333333333335,63.19131088256836
407,1310.0,9.0,145.55555555555554,168.0,0.8095238095238095,7.328312125748511,0.06547619047619048,0.0,6.803571428571429,47.853126525878906
408,1251.0,8.0,156.375,174.0,0.7816091954022989,23.10155172413795,0.06321839080459771,0.0,6.137931034482759,74.73483276367188
409,1265.0,13.0,97.3076923076923,161.0,0.8633540372670807,12.234319620253217,0.043478260869565216,0.0,6.770186335403727,61.06550216674805
410,2046.0,12.0,170.5,279.0,0.7132616487455197,11.07023217789407,0.03225806451612903,0.0,6.304659498207886,43.61542892456055
411,2138.0,14.0,152.71428571428572,291.0,0.697594501718213,12.522385057471297,0.054982817869415807,0.0,6.316151202749141,31.005630493164062
412,1389.0,12.0,115.75,185.0,0.7567567567567568,11.544660339660368,0.0972972972972973,0.0,6.513513513513513,42.31792068481445
413,1514.0,8.0,189.25,183.0,0.8142076502732241,-17.562295081967193,0.10382513661202186,0.0,7.278688524590164,80.73925018310547
414,2316.0,19.0,121.89473684210526,314.0,0.7229299363057324,12.691613335888093,0.041401273885350316,0.0,6.375796178343949,41.500675201416016
415,954.0,5.0,190.8,121.0,0.8016528925619835,-16.141477272727258,0.0743801652892562,0.0,6.867768595041323,85.51769256591797
416,1226.0,11.0,111.45454545454545,165.0,0.7696969696969697,14.22204545454548,0.030303030303030304,0.0,6.4363636363636365,43.527252197265625
417,1645.0,9.0,182.77777777777777,218.0,0.7889908256880734,3.5716666666666868,0.07339449541284404,0.0,6.5504587155963305,79.41647338867188
418,1673.0,10.0,167.3,214.0,0.7429906542056075,-9.823743509864983,0.056074766355140186,0.0,6.822429906542056,61.78493881225586
419,1169.0,8.0,146.125,154.0,0.7922077922077922,16.95305194805195,0.03896103896103896,0.0,6.597402597402597,74.46753692626953
420,2136.0,15.0,142.4,266.0,0.8120300751879699,-2.1996109973676425,0.07142857142857142,0.0,7.026315789473684,24.24129295349121
421,1982.0,14.0,141.57142857142858,256.0,0.73828125,-0.1604278074865988,0.0703125,0.0,6.71484375,54.3135986328125
422,1577.0,11.0,143.36363636363637,214.0,0.7616822429906542,14.426767605633842,0.03271028037383177,0.0,6.331775700934579,54.16823959350586
423,2220.0,11.0,201.8181818181818,286.0,0.7447552447552448,-4.434542704626324,0.08041958041958042,0.0,6.758741258741258,37.47344207763672
424,1460.0,13.0,112.3076923076923,184.0,0.8043478260869565,5.735000000000014,0.06521739130434782,0.0,6.929347826086956,31.243633270263672
425,1157.0,9.0,128.55555555555554,150.0,0.7933333333333333,5.403789954337924,0.05333333333333334,0.0,6.673333333333333,80.70011138916016
426,2062.0,13.0,158.6153846153846,265.0,0.7320754716981132,5.417720215462623,0.05660377358490566,0.0,6.750943396226415,53.88823699951172
427,1550.0,11.0,140.9090909090909,207.0,0.7536231884057971,11.123117647058848,0.043478260869565216,0.0,6.468599033816425,57.34489059448242
428,2003.0,13.0,154.07692307692307,256.0,0.73046875,-0.19022058823529164,0.06640625,0.0,6.79296875,46.304569244384766
429,896.0,6.0,149.33333333333334,118.0,0.8305084745762712,1.4928644067796597,0.0423728813559322,0.0,6.601694915254237,96.0140151977539
430,1247.0,8.0,155.875,159.0,0.779874213836478,-9.363396226415091,0.09433962264150944,0.0,6.849056603773585,60.17509460449219
431,2277.0,17.0,133.94117647058823,298.0,0.738255033557047,10.172972972972985,0.050335570469798654,0.0,6.614093959731544,47.13318634033203
432,1959.0,16.0,122.4375,251.0,0.7330677290836654,13.039769230769252,0.06374501992031872,0.0,6.800796812749004,56.4835205078125
433,1238.0,8.0,154.75,174.0,0.8218390804597702,9.973965517241396,0.09195402298850575,0.0,6.109195402298851,53.534828186035156
434,1131.0,7.0,161.57142857142858,159.0,0.8113207547169812,24.03938679245283,0.05660377358490566,0.0,6.119496855345912,69.65975952148438
435,1007.0,6.0,167.83333333333334,130.0,0.8,-5.024230769230741,0.05384615384615385,0.0,6.753846153846154,67.31766510009766
436,1567.0,11.0,142.45454545454547,205.0,0.751219512195122,5.685060975609758,0.06341463414634146,0.0,6.619512195121951,73.93680572509766
437,2070.0,16.0,129.375,263.0,0.7300380228136882,14.556437580437603,0.08365019011406843,0.0,6.863117870722434,59.90877914428711
438,1811.0,10.0,181.1,242.0,0.7355371900826446,9.402443522360556,0.05785123966942149,0.0,6.475206611570248,50.537227630615234
439,2275.0,18.0,126.38888888888889,292.0,0.7431506849315068,5.759252873563241,0.08904109589041095,0.0,6.784246575342466,38.70036315917969
440,1925.0,12.0,160.41666666666666,275.0,0.6727272727272727,18.332457542457576,0.05818181818181818,0.0,5.9818181818181815,50.59239196777344
441,1125.0,8.0,140.625,139.0,0.8201438848920863,-5.039424460431633,0.02877697841726619,0.0,7.100719424460432,64.90557861328125
442,1988.0,21.0,94.66666666666667,278.0,0.7338129496402878,27.216197319867973,0.050359712230215826,0.0,6.143884892086331,41.434654235839844
443,1845.0,11.0,167.72727272727272,234.0,0.7307692307692307,-12.180331168831145,0.07264957264957266,0.0,6.880341880341881,50.95096206665039
444,1504.0,12.0,125.33333333333333,191.0,0.774869109947644,8.332777777777807,0.03664921465968586,0.0,6.816753926701571,58.77886962890625
445,2129.0,16.0,133.0625,282.0,0.7198581560283688,7.259637889688264,0.06382978723404255,0.0,6.5212765957446805,51.468502044677734
446,2203.0,20.0,110.15,320.0,0.6875,26.507158018867955,0.084375,0.0,5.871875,34.43253707885742
447,2327.0,18.0,129.27777777777777,302.0,0.7350993377483444,16.686585493311043,0.07947019867549669,0.0,6.675496688741722,55.536277770996094
448,1029.0,8.0,128.625,140.0,0.8928571428571429,15.654100719424491,0.06428571428571428,0.0,6.357142857142857,79.80679321289062
449,1405.0,10.0,140.5,179.0,0.8156424581005587,7.636045197740117,0.0782122905027933,0.0,6.854748603351955,66.5103530883789
450,2105.0,10.0,210.5,284.0,0.7077464788732394,0.7316666666667118,0.04929577464788732,0.0,6.380281690140845,53.37071990966797
451,1705.0,10.0,170.5,212.0,0.7783018867924528,-11.015398322851127,0.04716981132075472,0.0,7.028301886792453,61.576499938964844
452,822.0,7.0,117.42857142857143,108.0,0.8888888888888888,11.32832075471697,0.046296296296296294,0.0,6.62037037037037,68.87104797363281
453,1408.0,9.0,156.44444444444446,185.0,0.745945945945946,5.017179054054111,0.05945945945945946,0.0,6.583783783783784,58.7172966003418
454,1210.0,12.0,100.83333333333333,185.0,0.7513513513513513,34.786418581418616,0.02702702702702703,0.0,5.545945945945946,62.952396392822266
455,1308.0,12.0,109.0,179.0,0.7430167597765364,12.438786516853924,0.055865921787709494,0.0,6.312849162011173,54.16461181640625
456,2265.0,13.0,174.23076923076923,336.0,0.6577380952380952,19.724220779220786,0.05357142857142857,0.0,5.7351190476190474,54.73200225830078
457,1753.0,10.0,175.3,224.0,0.7455357142857143,-6.483054309915303,0.049107142857142856,0.0,6.816964285714286,50.23060989379883
458,1784.0,9.0,198.22222222222223,217.0,0.7557603686635944,-15.21986918604648,0.11981566820276497,0.0,7.225806451612903,53.351356506347656
459,3028.0,20.0,151.4,387.0,0.6537467700258398,-2.502212793733662,0.046511627906976744,0.0,6.764857881136951,41.68962478637695
460,2076.0,14.0,148.28571428571428,278.0,0.737410071942446,17.355217391304365,0.07553956834532374,0.0,6.410071942446043,50.2828369140625
461,779.0,6.0,129.83333333333334,100.0,0.86,2.9530000000000314,0.04,0.0,6.8,51.382747650146484
462,1920.0,12.0,160.0,263.0,0.7262357414448669,17.002772902772904,0.053231939163498096,0.0,6.281368821292776,65.14743041992188
463,1528.0,12.0,127.33333333333333,206.0,0.7961165048543689,20.541646341463434,0.06796116504854369,0.0,6.422330097087379,70.02790069580078
464,1107.0,9.0,123.0,151.0,0.7880794701986755,9.078276006711434,0.046357615894039736,0.0,6.337748344370861,71.3512191772461
465,1141.0,7.0,163.0,145.0,0.8137931034482758,10.188591954023025,0.05517241379310345,0.0,6.875862068965517,67.98573303222656
466,1530.0,11.0,139.0909090909091,207.0,0.6763285024154589,23.16363043478262,0.07729468599033816,0.0,6.391304347826087,43.2136344909668
467,1712.0,12.0,142.66666666666666,226.0,0.7566371681415929,-4.362607142857115,0.084070796460177,0.0,6.54424778761062,42.71198272705078
468,2035.0,17.0,119.70588235294117,270.0,0.7592592592592593,12.420000000000016,0.08888888888888889,0.0,6.529629629629629,51.1620979309082
469,1176.0,7.0,168.0,154.0,0.8246753246753247,12.132683982684,0.07792207792207792,0.0,6.642857142857143,95.0953140258789
470,1028.0,8.0,128.5,130.0,0.8692307692307693,-1.3888461538461172,0.05384615384615385,0.0,6.915384615384616,56.9921989440918
471,1909.0,14.0,136.35714285714286,269.0,0.7174721189591078,18.853497191011257,0.040892193308550186,0.0,6.066914498141264,43.27776336669922
472,1580.0,12.0,131.66666666666666,220.0,0.7227272727272728,23.728719766472068,0.05454545454545454,0.0,6.177272727272728,36.298362731933594
473,1004.0,7.0,143.42857142857142,138.0,0.8115942028985508,17.968260869565228,0.043478260869565216,0.0,6.282608695652174,61.24755859375
474,2178.0,16.0,136.125,303.0,0.6897689768976898,17.49887873754156,0.066006600660066,0.0,6.181518151815181,48.536678314208984
475,2080.0,9.0,231.11111111111111,277.0,0.6967509025270758,-6.827941176470574,0.04693140794223827,0.0,6.48014440433213,55.84040451049805
476,1510.0,11.0,137.27272727272728,196.0,0.8112244897959183,15.098922902494337,0.05102040816326531,0.0,6.673469387755102,49.80991744995117
477,1791.0,12.0,149.25,224.0,0.78125,6.390909090909133,0.07142857142857142,0.0,7.0,69.20987701416016
478,2229.0,11.0,202.63636363636363,294.0,0.7074829931972789,0.539737113402083,0.05782312925170068,0.0,6.574829931972789,47.70793533325195
479,1538.0,21.0,73.23809523809524,193.0,0.8238341968911918,8.096915322580685,0.06735751295336788,0.0,6.94300518134715,54.989383697509766
480,1145.0,6.0,190.83333333333334,150.0,0.8266666666666667,0.9810000000000514,0.05333333333333334,0.0,6.64,64.29386138916016
481,1730.0,11.0,157.27272727272728,229.0,0.7641921397379913,11.436041484716156,0.06986899563318777,0.0,6.5196506550218345,92.2983627319336
482,2097.0,18.0,116.5,296.0,0.6722972972972973,23.905711206896598,0.0472972972972973,0.0,6.0675675675675675,44.95988464355469
483,1847.0,11.0,167.9090909090909,243.0,0.7818930041152263,13.666796296296297,0.0823045267489712,0.0,6.596707818930041,72.25892639160156
484,1973.0,12.0,164.41666666666666,250.0,0.76,-7.3445240963854985,0.052,0.0,6.888,61.1453971862793
485,2134.0,11.0,194.0,273.0,0.7838827838827839,-0.6155074626865655,0.047619047619047616,0.0,6.805860805860806,40.69405746459961
486,1017.0,7.0,145.28571428571428,138.0,0.7898550724637681,19.807391304347846,0.050724637681159424,0.0,6.369565217391305,41.51598358154297
487,1495.0,10.0,149.5,200.0,0.79,18.605000000000018,0.07,0.0,6.435,62.39855194091797
488,1724.0,10.0,172.4,232.0,0.728448275862069,7.282198067632862,0.06896551724137931,0.0,6.435344827586207,63.68428421020508
489,2061.0,15.0,137.4,261.0,0.7662835249042146,1.3741644562334727,0.09961685823754789,0.0,6.888888888888889,41.18202209472656
490,1957.0,14.0,139.78571428571428,266.0,0.7030075187969925,8.690874125874132,0.041353383458646614,0.0,6.353383458646617,60.315372467041016
491,1786.0,11.0,162.36363636363637,229.0,0.74235807860262,-0.6369211943220421,0.07423580786026202,0.0,6.77292576419214,46.437923431396484
492,1775.0,13.0,136.53846153846155,232.0,0.7629310344827587,6.848794466403206,0.08189655172413793,0.0,6.629310344827586,71.13407135009766
493,1569.0,8.0,196.125,200.0,0.74,-8.593181818181819,0.09,0.0,6.85,56.990135192871094
494,1607.0,8.0,200.875,210.0,0.7666666666666667,-5.623110047846865,0.07142857142857142,0.0,6.619047619047619,59.26847457885742
495,1358.0,12.0,113.16666666666667,175.0,0.84,16.005071428571455,0.08,0.0,6.765714285714286,68.09928894042969
496,1793.0,11.0,163.0,234.0,0.7435897435897436,-1.59317241379307,0.038461538461538464,0.0,6.628205128205129,50.464622497558594
497,1638.0,13.0,126.0,205.0,0.8390243902439024,2.1329411764706094,0.11707317073170732,0.0,6.965853658536585,64.7991714477539
498,1190.0,15.0,79.33333333333333,166.0,0.7590361445783133,26.284920174165478,0.10843373493975904,0.0,6.156626506024097,35.6954231262207
499,2087.0,13.0,160.53846153846155,285.0,0.6701754385964912,6.738779312560268,0.042105263157894736,0.0,6.319298245614035,48.34392166137695
500,924.0,6.0,154.0,118.0,0.8220338983050848,-2.808830508474557,0.059322033898305086,0.0,6.838983050847458,62.864864349365234
501,1884.0,13.0,144.92307692307693,243.0,0.7695473251028807,-1.0126790633608778,0.06995884773662552,0.0,6.753086419753086,45.87641143798828
502,1506.0,11.0,136.9090909090909,193.0,0.8134715025906736,7.367619047619058,0.06735751295336788,0.0,6.746113989637306,45.07836151123047
503,1844.0,13.0,141.84615384615384,247.0,0.7206477732793523,5.440082658569537,0.06477732793522267,0.0,6.433198380566802,56.98184585571289
504,1976.0,14.0,141.14285714285714,263.0,0.7376425855513308,14.081153846153882,0.053231939163498096,0.0,6.482889733840304,56.32910919189453
505,1672.0,11.0,152.0,221.0,0.7420814479638009,9.152272727272731,0.058823529411764705,0.0,6.570135746606335,55.77039337158203
506,1352.0,9.0,150.22222222222223,178.0,0.8033707865168539,-0.633019662921356,0.056179775280898875,0.0,6.584269662921348,49.920162200927734
507,1922.0,12.0,160.16666666666666,256.0,0.74609375,11.360844155844177,0.09765625,0.0,6.5,54.97591018676758
508,2321.0,11.0,211.0,284.0,0.7464788732394366,-19.192408450704193,0.07394366197183098,0.0,7.165492957746479,34.91893005371094
509,2115.0,14.0,151.07142857142858,280.0,0.7571428571428571,14.29000000000002,0.06785714285714285,0.0,6.517857142857143,60.2574462890625
510,1822.0,10.0,182.2,222.0,0.7837837837837838,-3.0259909909909766,0.13063063063063063,0.0,7.171171171171171,55.35044860839844
511,1551.0,13.0,119.3076923076923,221.0,0.751131221719457,20.730712191034797,0.027149321266968326,0.0,6.004524886877828,45.97127914428711
512,1001.0,10.0,100.1,135.0,0.7703703703703704,12.36020833333339,0.07407407407407407,0.0,6.4222222222222225,49.12948226928711
513,1254.0,9.0,139.33333333333334,166.0,0.8313253012048193,12.496641566265055,0.0783132530120482,0.0,6.548192771084337,79.61860656738281
514,1313.0,9.0,145.88888888888889,161.0,0.8012422360248447,4.071479037267096,0.08695652173913043,0.0,7.161490683229814,70.41024780273438
515,2433.0,21.0,115.85714285714286,313.0,0.7412140575079872,10.838432625446359,0.07028753993610223,0.0,6.763578274760383,48.26750564575195
516,1359.0,9.0,151.0,188.0,0.8031914893617021,4.525000000000034,0.05851063829787234,0.0,6.23404255319149,47.24144744873047
517,1981.0,10.0,198.1,275.0,0.7054545454545454,9.512721005677236,0.06181818181818182,0.0,6.174545454545455,57.712059020996094
518,1389.0,12.0,115.75,170.0,0.8470588235294118,2.574047619047633,0.06470588235294118,0.0,7.135294117647059,71.76237487792969
519,1065.0,11.0,96.81818181818181,141.0,0.851063829787234,18.99000000000001,0.0851063829787234,0.0,6.560283687943262,55.61845779418945
520,2202.0,17.0,129.52941176470588,287.0,0.7247386759581882,10.44197368421058,0.041811846689895474,0.0,6.644599303135888,60.07045364379883
521,1504.0,12.0,125.33333333333333,202.0,0.7425742574257426,5.0680000000000405,0.0594059405940594,0.0,6.445544554455446,69.2647476196289
522,1005.0,6.0,167.5,132.0,0.7424242424242424,4.4299090909091206,0.09090909090909091,0.0,6.621212121212121,42.42388153076172
523,1577.0,10.0,157.7,231.0,0.6363636363636364,22.811692477876107,0.04329004329004329,0.0,5.8311688311688314,33.35649490356445
524,1879.0,10.0,187.9,242.0,0.7727272727272727,-4.539809390980906,0.06198347107438017,0.0,6.764462809917355,57.858154296875
525,1923.0,13.0,147.92307692307693,249.0,0.7389558232931727,1.604176113360353,0.07630522088353414,0.0,6.714859437751004,31.817167282104492
526,1785.0,9.0,198.33333333333334,229.0,0.7554585152838428,-3.1661842105262963,0.043668122270742356,0.0,6.77292576419214,62.12900161743164
527,2135.0,20.0,106.75,288.0,0.7222222222222222,4.298928197613577,0.03125,0.0,6.385416666666667,32.94516372680664
528,1770.0,9.0,196.66666666666666,221.0,0.8190045248868778,-11.45867364253391,0.09954751131221719,0.0,7.013574660633484,35.299747467041016
529,1142.0,9.0,126.88888888888889,148.0,0.831081081081081,2.280472972972973,0.04054054054054054,0.0,6.722972972972973,56.28459167480469
530,1265.0,12.0,105.41666666666667,163.0,0.8159509202453987,7.092000000000013,0.06134969325153374,0.0,6.766871165644171,48.0654296875
531,1585.0,8.0,198.125,198.0,0.8181818181818182,-12.8659090909091,0.08080808080808081,0.0,7.01010101010101,54.93445587158203
532,1212.0,9.0,134.66666666666666,158.0,0.7911392405063291,8.016261942675186,0.04430379746835443,0.0,6.677215189873418,57.25925827026367
533,1821.0,9.0,202.33333333333334,232.0,0.7672413793103449,-3.1043103448275815,0.08189655172413793,0.0,6.823275862068965,72.29438018798828
534,1666.0,11.0,151.45454545454547,237.0,0.7468354430379747,17.752692307692342,0.05063291139240506,0.0,6.0042194092827,80.01438903808594
535,2225.0,15.0,148.33333333333334,291.0,0.7319587628865979,6.0439304123711395,0.09278350515463918,0.0,6.632302405498282,46.02650451660156
536,1149.0,8.0,143.625,151.0,0.8079470198675497,13.498940397350992,0.0728476821192053,0.0,6.6158940397351,98.50769805908203
537,762.0,5.0,152.4,112.0,0.8392857142857143,31.87571428571431,0.03571428571428571,0.0,5.8125,65.98062133789062
538,1207.0,13.0,92.84615384615384,162.0,0.8024691358024691,20.669777777777796,0.08024691358024691,0.0,6.45679012345679,87.05195617675781
539,1521.0,11.0,138.27272727272728,206.0,0.7233009708737864,16.166287262872657,0.05339805825242718,0.0,6.388349514563107,42.30062484741211
540,2031.0,12.0,169.25,265.0,0.7471698113207547,-0.318055133079838,0.06792452830188679,0.0,6.656603773584906,61.06354904174805
541,1459.0,10.0,145.9,177.0,0.8361581920903954,-5.852383474576243,0.13559322033898305,0.0,7.248587570621469,87.61463928222656
542,2289.0,12.0,190.75,292.0,0.7157534246575342,-8.720280199252784,0.05136986301369863,0.0,6.832191780821918,45.02231216430664
543,1110.0,10.0,111.0,150.0,0.82,29.88375000000002,0.07333333333333333,0.0,6.406666666666666,75.20187377929688
544,1293.0,12.0,107.75,190.0,0.7684210526315789,31.23476076555025,0.031578947368421054,0.0,5.8052631578947365,28.752038955688477
545,1988.0,13.0,152.92307692307693,262.0,0.7595419847328244,1.2345768025078598,0.08778625954198473,0.0,6.583969465648855,61.67561721801758
546,1601.0,8.0,200.125,208.0,0.8028846153846154,-6.353846153846121,0.052884615384615384,0.0,6.701923076923077,101.16541290283203
547,2022.0,16.0,126.375,273.0,0.7472527472527473,7.887405660377368,0.06227106227106227,0.0,6.3992673992674,39.21310043334961
548,2172.0,13.0,167.07692307692307,292.0,0.613013698630137,8.373555417185571,0.04794520547945205,0.0,6.410958904109589,28.838911056518555
549,1890.0,11.0,171.8181818181818,256.0,0.7265625,7.430285463328971,0.04296875,0.0,6.3828125,58.55202865600586
550,2058.0,15.0,137.2,264.0,0.7765151515151515,12.012433940105694,0.07954545454545454,0.0,6.791666666666667,56.4058723449707
551,1699.0,19.0,89.42105263157895,221.0,0.8099547511312217,28.97458851809955,0.09954751131221719,0.0,6.665158371040724,66.39552307128906
552,1087.0,6.0,181.16666666666666,148.0,0.8175675675675675,11.592351351351368,0.08108108108108109,0.0,6.351351351351352,59.856895446777344
553,2199.0,13.0,169.15384615384616,291.0,0.738831615120275,7.335745386389874,0.07216494845360824,0.0,6.549828178694158,47.01858901977539
554,1124.0,8.0,140.5,151.0,0.847682119205298,16.300264900662256,0.08609271523178808,0.0,6.450331125827814,59.11977767944336
555,1555.0,11.0,141.36363636363637,202.0,0.8316831683168316,1.3016363636363621,0.07425742574257425,0.0,6.702970297029703,51.356746673583984
556,1784.0,11.0,162.1818181818182,232.0,0.7758620689655172,-1.59317241379307,0.07758620689655173,0.0,6.685344827586207,38.90121841430664
557,1326.0,9.0,147.33333333333334,180.0,0.8055555555555556,9.157499999999999,0.07222222222222222,0.0,6.372222222222222,60.047401428222656
558,2466.0,32.0,77.0625,320.0,0.734375,6.27747311827963,0.065625,0.0,6.65,38.87092971801758
559,1249.0,7.0,178.42857142857142,164.0,0.7926829268292683,2.6697154471544877,0.042682926829268296,0.0,6.591463414634147,75.18047332763672
560,1189.0,7.0,169.85714285714286,170.0,0.7411764705882353,26.791960784313744,0.047058823529411764,0.0,6.0,38.44390869140625
561,2024.0,11.0,184.0,266.0,0.7556390977443609,3.1480909090909392,0.07518796992481203,0.0,6.578947368421052,42.92589569091797
562,1623.0,10.0,162.3,215.0,0.786046511627907,17.322661498708015,0.06976744186046512,0.0,6.544186046511628,60.01742935180664
563,1584.0,14.0,113.14285714285714,192.0,0.796875,2.888750000000016,0.109375,0.0,7.234375,35.01470184326172
564,2128.0,16.0,133.0,284.0,0.7676056338028169,17.17882710557535,0.14788732394366197,0.0,6.48943661971831,55.0260009765625
565,2120.0,16.0,132.5,275.0,0.7345454545454545,8.507226277372268,0.07636363636363637,0.0,6.661818181818182,48.43056106567383
566,2012.0,11.0,182.9090909090909,272.0,0.7389705882352942,7.815514869888489,0.07352941176470588,0.0,6.367647058823529,42.946868896484375
567,1102.0,7.0,157.42857142857142,145.0,0.7724137931034483,14.272729885057487,0.041379310344827586,0.0,6.606896551724138,73.14409637451172
568,2261.0,11.0,205.54545454545453,287.0,0.735191637630662,-2.402120209059234,0.10452961672473868,0.0,6.871080139372823,40.90071487426758
569,1636.0,14.0,116.85714285714286,246.0,0.7276422764227642,31.89193732193732,0.04878048780487805,0.0,5.621951219512195,72.37796783447266
570,1999.0,9.0,222.11111111111111,240.0,0.8,-25.607790271966508,0.075,0.0,7.325,44.71324920654297
571,2261.0,14.0,161.5,311.0,0.6881028938906752,11.873634780278678,0.05466237942122187,0.0,6.254019292604502,35.98479461669922
572,1113.0,8.0,139.125,149.0,0.8053691275167785,14.894429530201364,0.06040268456375839,0.0,6.476510067114094,76.70982360839844
573,1776.0,14.0,126.85714285714286,238.0,0.7016806722689075,11.482819332566208,0.058823529411764705,0.0,6.42436974789916,45.409854888916016
574,2024.0,13.0,155.69230769230768,269.0,0.7137546468401487,10.818636363636358,0.08178438661710037,0.0,6.4944237918215615,60.96995162963867
575,1927.0,14.0,137.64285714285714,253.0,0.7549407114624506,10.67096923076923,0.05138339920948617,0.0,6.616600790513834,44.734500885009766
576,2164.0,16.0,135.25,283.0,0.7208480565371025,9.26149225332972,0.10600706713780919,0.0,6.6431095406360425,41.33497619628906
577,1742.0,8.0,217.75,237.0,0.7215189873417721,2.199113924050664,0.046413502109704644,0.0,6.350210970464135,47.64661407470703
578,1127.0,8.0,140.875,151.0,0.8278145695364238,7.989000000000033,0.052980132450331126,0.0,6.470198675496689,107.65459442138672
579,1977.0,15.0,131.8,254.0,0.7677165354330708,8.004400000000004,0.05511811023622047,0.0,6.7637795275590555,44.536827087402344
580,1546.0,8.0,193.25,199.0,0.7939698492462312,-6.949648241205978,0.06532663316582915,0.0,6.773869346733668,64.7991714477539
581,2014.0,21.0,95.9047619047619,268.0,0.75,23.916545454545457,0.07462686567164178,0.0,6.5111940298507465,35.43045425415039
582,1943.0,12.0,161.91666666666666,267.0,0.7640449438202247,18.080141509433957,0.0599250936329588,0.0,6.269662921348314,44.76287078857422
583,2401.0,15.0,160.06666666666666,283.0,0.7879858657243817,-16.57853517507226,0.12367491166077739,0.0,7.477031802120141,33.20248031616211
584,1587.0,11.0,144.27272727272728,204.0,0.7647058823529411,6.661702970297057,0.06372549019607843,0.0,6.784313725490196,59.27226257324219
585,1474.0,10.0,147.4,203.0,0.7339901477832512,11.823869731800812,0.03940886699507389,0.0,6.261083743842365,58.87432861328125
586,1986.0,13.0,152.76923076923077,266.0,0.7481203007518797,7.5585298742138605,0.041353383458646614,0.0,6.462406015037594,54.08931350708008
587,1102.0,8.0,137.75,143.0,0.7902097902097902,9.800699300699364,0.055944055944055944,0.0,6.713286713286713,66.95042419433594
588,1687.0,11.0,153.36363636363637,239.0,0.7238493723849372,25.01237628384689,0.07112970711297072,0.0,6.03765690376569,59.754032135009766
589,2091.0,16.0,130.6875,270.0,0.7111111111111111,6.253869030597684,0.07407407407407407,0.0,6.725925925925926,54.10792541503906
590,1975.0,10.0,197.5,259.0,0.722007722007722,-6.820484219628156,0.05019305019305019,0.0,6.583011583011583,58.37776565551758
591,1408.0,9.0,156.44444444444446,190.0,0.8,15.755065789473718,0.03684210526315789,0.0,6.38421052631579,81.1798095703125
592,1450.0,15.0,96.66666666666667,190.0,0.8105263157894737,17.457226720647782,0.06842105263157895,0.0,6.636842105263158,77.7838134765625
593,1438.0,8.0,179.75,190.0,0.7842105263157895,-1.0465789473684026,0.03684210526315789,0.0,6.573684210526316,63.115665435791016
594,1193.0,8.0,149.125,155.0,0.864516129032258,-1.1393817204300944,0.05161290322580645,0.0,6.703225806451613,71.90160369873047
595,2111.0,12.0,175.91666666666666,268.0,0.7014925373134329,0.6866951469583569,0.05223880597014925,0.0,6.858208955223881,39.135894775390625
596,1178.0,8.0,147.25,143.0,0.8391608391608392,-22.68978417266186,0.06293706293706294,0.0,7.244755244755245,37.63307189941406
597,2090.0,17.0,122.94117647058823,288.0,0.7395833333333334,22.745721153846176,0.04861111111111111,0.0,6.243055555555555,41.32224655151367
598,1463.0,10.0,146.3,200.0,0.785,18.04044444444446,0.055,0.0,6.32,55.797576904296875
599,1893.0,16.0,118.3125,271.0,0.7380073800738007,33.55054545454547,0.04059040590405904,0.0,5.977859778597786,73.51004028320312
600,1878.0,12.0,156.5,245.0,0.7346938775510204,5.241131147540983,0.0653061224489796,0.0,6.636734693877551,66.78827667236328
601,1264.0,9.0,140.44444444444446,179.0,0.8044692737430168,24.259480932203417,0.08379888268156424,0.0,6.067039106145251,68.72726440429688
602,1431.0,8.0,178.875,207.0,0.7198067632850241,11.706956521739158,0.057971014492753624,0.0,5.859903381642512,43.11285400390625
603,857.0,8.0,107.125,108.0,0.8425925925925926,-7.268333333333317,0.05555555555555555,0.0,6.944444444444445,71.08877563476562
604,2229.0,13.0,171.46153846153845,285.0,0.7473684210526316,-5.454490456163029,0.05964912280701754,0.0,6.803508771929825,37.5313720703125
605,1763.0,15.0,117.53333333333333,221.0,0.751131221719457,8.754149385560709,0.04524886877828054,0.0,6.97737556561086,62.47554397583008
606,2071.0,12.0,172.58333333333334,290.0,0.7137931034482758,9.591704545454576,0.05517241379310345,0.0,6.137931034482759,61.259910583496094
607,1103.0,8.0,137.875,155.0,0.8064516129032258,20.61806451612904,0.05806451612903226,0.0,6.122580645161291,52.30145263671875
608,1619.0,11.0,147.1818181818182,213.0,0.7699530516431925,3.7462452830188795,0.023474178403755867,0.0,6.605633802816901,67.87796783447266
609,1147.0,8.0,143.375,152.0,0.7828947368421053,18.93447368421056,0.08552631578947369,0.0,6.552631578947368,82.77664184570312
610,1995.0,10.0,199.5,259.0,0.7297297297297297,-2.3535950235950054,0.06177606177606178,0.0,6.671814671814672,41.03367614746094
611,2099.0,14.0,149.92857142857142,262.0,0.7480916030534351,-0.8865384615384357,0.0648854961832061,0.0,7.0,50.5212287902832
612,1803.0,12.0,150.25,226.0,0.7699115044247787,-12.416866452131899,0.048672566371681415,0.0,6.960176991150442,70.26844024658203
613,2695.0,23.0,117.17391304347827,335.0,0.7253731343283583,-1.54671175373133,0.08656716417910448,0.0,7.035820895522388,44.57957458496094
614,1692.0,9.0,188.0,225.0,0.7733333333333333,7.584125,0.057777777777777775,0.0,6.497777777777777,36.87200927734375
615,1764.0,11.0,160.36363636363637,216.0,0.8101851851851852,-7.09166666666664,0.12037037037037036,0.0,7.171296296296297,52.80514144897461
616,2131.0,13.0,163.92307692307693,279.0,0.7132616487455197,6.570037605294829,0.05017921146953405,0.0,6.602150537634409,42.588199615478516
617,1822.0,14.0,130.14285714285714,251.0,0.7410358565737052,20.51052800269909,0.05976095617529881,0.0,6.254980079681275,52.33755111694336
618,2321.0,12.0,193.41666666666666,304.0,0.75,-4.608672248803771,0.0756578947368421,0.0,6.615131578947368,53.964752197265625
619,1480.0,11.0,134.54545454545453,191.0,0.7905759162303665,-5.117499999999978,0.07853403141361257,0.0,6.7486910994764395,63.94317626953125
620,1525.0,9.0,169.44444444444446,216.0,0.7129629629629629,20.587572674418652,0.041666666666666664,0.0,6.032407407407407,66.80210876464844
621,1479.0,10.0,147.9,215.0,0.7348837209302326,24.263533438651933,0.06976744186046512,0.0,5.883720930232558,84.94376373291016
622,1206.0,12.0,100.5,171.0,0.783625730994152,24.85882352941178,0.05847953216374269,0.0,6.023391812865497,61.801143646240234
623,618.0,5.0,123.6,91.0,0.8351648351648352,24.770123626373646,0.06593406593406594,0.0,5.802197802197802,47.0194091796875
624,1201.0,7.0,171.57142857142858,158.0,0.7721518987341772,2.339578059071755,0.0949367088607595,0.0,6.6075949367088604,49.28596496582031
625,851.0,8.0,106.375,115.0,0.8347826086956521,22.5947463768116,0.034782608695652174,0.0,6.408695652173913,48.88538360595703
626,1709.0,10.0,170.9,220.0,0.7863636363636364,1.733926940639293,0.04090909090909091,0.0,6.7727272727272725,69.02597045898438
627,2115.0,15.0,141.0,272.0,0.7536764705882353,4.05333333333337,0.0661764705882353,0.0,6.75,36.92135238647461
628,1287.0,17.0,75.70588235294117,167.0,0.7904191616766467,13.715403225806483,0.0658682634730539,0.0,6.6706586826347305,47.572242736816406
629,1196.0,7.0,170.85714285714286,153.0,0.803921568627451,-4.282794117647057,0.06535947712418301,0.0,6.823529411764706,60.16999053955078
630,2059.0,12.0,171.58333333333334,258.0,0.7364341085271318,-4.823536931818154,0.05426356589147287,0.0,6.976744186046512,52.43601989746094
631,1839.0,17.0,108.17647058823529,236.0,0.8135593220338984,17.722446327683627,0.07203389830508475,0.0,6.75,66.41775512695312
632,2119.0,12.0,176.58333333333334,275.0,0.7454545454545455,4.077512487512507,0.06909090909090909,0.0036363636363636364,6.6872727272727275,44.623653411865234
633,2050.0,11.0,186.36363636363637,275.0,0.68,9.925500000000028,0.04727272727272727,0.0,6.447272727272727,47.84575653076172
634,2000.0,11.0,181.8181818181818,263.0,0.7604562737642585,-7.7165342205322816,0.09505703422053231,0.0,6.596958174904943,34.43348693847656
635,2121.0,18.0,117.83333333333333,269.0,0.7657992565055762,5.6986997455470885,0.07434944237918216,0.0,6.851301115241636,32.8338508605957
636,2352.0,17.0,138.35294117647058,297.0,0.7508417508417509,1.3506461888509875,0.07407407407407407,0.0,6.912457912457913,42.92918014526367
637,1210.0,8.0,151.25,158.0,0.8354430379746836,0.9690322580645159,0.056962025316455694,0.0,6.6645569620253164,70.75472259521484
638,1521.0,12.0,126.75,202.0,0.801980198019802,4.8024037403740465,0.07920792079207921,0.0,6.51980198019802,28.858383178710938
639,1409.0,12.0,117.41666666666667,196.0,0.7959183673469388,27.716519076778155,0.05612244897959184,0.0,6.188775510204081,70.76241302490234
640,1620.0,7.0,231.42857142857142,207.0,0.7971014492753623,-19.043369565217375,0.057971014492753624,0.0,6.830917874396135,64.20354461669922
641,1784.0,9.0,198.22222222222223,246.0,0.7520325203252033,7.760199688796689,0.0975609756097561,0.0,6.219512195121951,49.07710266113281
642,2111.0,12.0,175.91666666666666,295.0,0.711864406779661,17.52878374185545,0.04406779661016949,0.0,6.135593220338983,58.53399658203125
643,1312.0,8.0,164.0,188.0,0.7340425531914894,24.997005347593586,0.10106382978723404,0.0,5.98404255319149,46.66471481323242
644,1831.0,12.0,152.58333333333334,238.0,0.726890756302521,5.870909090909095,0.04201680672268908,0.0,6.697478991596639,67.18445587158203
645,2005.0,10.0,200.5,291.0,0.6597938144329897,11.323750000000047,0.027491408934707903,0.0,5.88659793814433,41.765235900878906
646,2276.0,14.0,162.57142857142858,301.0,0.6877076411960132,9.569942037827957,0.053156146179401995,0.0,6.561461794019934,42.31439971923828
647,1816.0,17.0,106.82352941176471,234.0,0.7478632478632479,9.925217391304386,0.05128205128205128,0.0,6.752136752136752,76.66912078857422
648,1706.0,8.0,213.25,234.0,0.7051282051282052,1.6714592274678353,0.05128205128205128,0.0,6.269230769230769,50.56363296508789
649,1467.0,14.0,104.78571428571429,185.0,0.8486486486486486,14.128296703296712,0.06486486486486487,0.0,6.918918918918919,73.02257537841797
650,2002.0,12.0,166.83333333333334,265.0,0.7245283018867924,3.4496217904233504,0.045283018867924525,0.0,6.532075471698113,56.98578643798828
651,1923.0,23.0,83.6086956521739,275.0,0.730909090909091,30.12560346964065,0.04363636363636364,0.0,5.974545454545455,66.2619857788086
652,1678.0,16.0,104.875,237.0,0.70042194092827,21.1486120401338,0.06329113924050633,0.0,6.033755274261603,33.54718017578125
653,1996.0,12.0,166.33333333333334,251.0,0.7928286852589641,-7.76500547645125,0.055776892430278883,0.0,6.920318725099602,61.6380729675293
654,1541.0,12.0,128.41666666666666,195.0,0.7948717948717948,0.9225000000000136,0.05641025641025641,0.0,6.907692307692308,39.23639678955078
655,916.0,6.0,152.66666666666666,119.0,0.7563025210084033,-2.162336134453767,0.058823529411764705,0.0,6.705882352941177,55.28590393066406
656,1276.0,8.0,159.5,172.0,0.813953488372093,2.7816766467066145,0.05232558139534884,0.0,6.424418604651163,78.82893371582031
657,1076.0,8.0,134.5,156.0,0.7628205128205128,20.980384615384622,0.04487179487179487,0.0,5.903846153846154,38.9981575012207
658,1177.0,8.0,147.125,159.0,0.8050314465408805,15.11207547169812,0.05660377358490566,0.0,6.408805031446541,57.12102508544922
659,512.0,5.0,102.4,64.0,0.921875,10.820000000000022,0.046875,0.0,7.015625,53.894535064697266
660,1602.0,9.0,178.0,210.0,0.8,3.739821428571446,0.06666666666666667,0.0,6.619047619047619,55.76555252075195
661,1840.0,10.0,184.0,239.0,0.7740585774058577,-1.8277777777777544,0.06694560669456066,0.0,6.656903765690377,43.96768569946289
662,1390.0,9.0,154.44444444444446,190.0,0.8105263157894737,17.9810327540107,0.06842105263157895,0.0,6.2894736842105265,77.26226806640625
663,1206.0,16.0,75.375,172.0,0.7848837209302325,34.44005588822358,0.08139534883720931,0.0,6.017441860465116,51.570499420166016
664,2157.0,17.0,126.88235294117646,299.0,0.7324414715719063,15.462214765100697,0.0802675585284281,0.0,6.210702341137123,52.972320556640625
665,1060.0,9.0,117.77777777777777,143.0,0.8251748251748252,12.260949883449882,0.04895104895104895,0.0,6.419580419580419,84.52839660644531
666,1961.0,10.0,196.1,248.0,0.717741935483871,-3.579005847953198,0.07661290322580645,0.0,6.903225806451613,51.561710357666016
667,2031.0,8.0,253.875,255.0,0.7254901960784313,-8.19745019920316,0.058823529411764705,0.0,6.96078431372549,47.936744689941406
668,1559.0,13.0,119.92307692307692,214.0,0.7990654205607477,20.720147975077907,0.102803738317757,0.0,6.289719626168225,52.693199157714844
669,2057.0,11.0,187.0,277.0,0.740072202166065,5.810131386861343,0.06859205776173286,0.0,6.411552346570397,62.72853088378906
670,1170.0,9.0,130.0,161.0,0.7950310559006211,23.625283018867947,0.049689440993788817,0.0,6.273291925465839,77.36154174804688
671,2174.0,12.0,181.16666666666666,283.0,0.734982332155477,0.1621008673305937,0.0636042402826855,0.0,6.65017667844523,54.485618591308594
672,1223.0,12.0,101.91666666666667,161.0,0.8260869565217391,9.233750000000015,0.049689440993788817,0.0,6.60248447204969,56.576786041259766
673,1711.0,10.0,171.1,221.0,0.7692307692307693,-0.2506565656565556,0.07692307692307693,0.0,6.733031674208145,73.2438735961914
674,1061.0,7.0,151.57142857142858,151.0,0.8609271523178808,17.74292792792795,0.0728476821192053,0.0,6.033112582781457,60.22507095336914
675,1836.0,11.0,166.9090909090909,240.0,0.7458333333333333,0.9375000000000284,0.075,0.0,6.629166666666666,78.91291046142578
676,1805.0,9.0,200.55555555555554,238.0,0.726890756302521,1.0404306722689114,0.07563025210084033,0.0,6.579831932773109,54.817359924316406
677,912.0,7.0,130.28571428571428,113.0,0.8761061946902655,-0.19764749262537862,0.061946902654867256,0.0,7.079646017699115,43.023292541503906
678,2126.0,13.0,163.53846153846155,265.0,0.7773584905660378,-4.572790880503106,0.09811320754716982,0.0,7.0150943396226415,50.97352600097656
679,1026.0,9.0,114.0,154.0,0.7987012987012987,33.70547794117647,0.03896103896103896,0.0,5.62987012987013,83.66567993164062
680,1207.0,8.0,150.875,164.0,0.8170731707317073,8.2907975460123,0.042682926829268296,0.0,6.365853658536586,72.03599548339844
681,1960.0,13.0,150.76923076923077,247.0,0.7935222672064778,6.636805555555554,0.08097165991902834,0.0,6.902834008097166,48.48246765136719
682,1677.0,9.0,186.33333333333334,225.0,0.7022222222222222,2.133803251121094,0.057777777777777775,0.0,6.457777777777777,72.72567749023438
683,1417.0,11.0,128.8181818181818,195.0,0.7282051282051282,21.28333333333333,0.09230769230769231,0.0,6.271794871794872,55.70201110839844
684,2061.0,12.0,171.75,283.0,0.6890459363957597,9.98577922077925,0.06007067137809187,0.0,6.275618374558304,57.11342239379883
685,980.0,12.0,81.66666666666667,129.0,0.8294573643410853,6.035503875969027,0.05426356589147287,0.0,6.5813953488372094,57.25286865234375
686,1551.0,10.0,155.1,187.0,0.8288770053475936,-5.169952465834797,0.0427807486631016,0.0,7.283422459893048,49.435279846191406
687,2257.0,15.0,150.46666666666667,295.0,0.735593220338983,3.8269494204426167,0.03389830508474576,0.0,6.623728813559322,47.961097717285156
688,2019.0,15.0,134.6,281.0,0.7046263345195729,18.088633093525203,0.05338078291814947,0.0,6.174377224199288,51.363704681396484
689,2106.0,15.0,140.4,277.0,0.7292418772563177,8.198467153284668,0.06859205776173286,0.0,6.574007220216607,41.003509521484375
690,2111.0,7.0,301.57142857142856,266.0,0.6879699248120301,-31.852807017543824,0.06766917293233082,0.0,6.921052631578948,36.71604537963867
691,1129.0,8.0,141.125,149.0,0.8523489932885906,15.462214765100697,0.03355704697986577,0.0,6.583892617449664,73.11780548095703
692,1495.0,16.0,93.4375,202.0,0.8168316831683168,19.247754783287803,0.04950495049504951,0.0,6.405940594059406,73.09323120117188
693,485.0,4.0,121.25,62.0,0.9032258064516129,-1.0803763440859768,0.06451612903225806,0.0,6.838709677419355,76.53795623779297
694,2276.0,15.0,151.73333333333332,289.0,0.7577854671280276,1.9621147145537918,0.07958477508650519,0.0,6.8719723183391,56.90419006347656
695,2224.0,19.0,117.05263157894737,285.0,0.7614035087719299,1.8462742950999314,0.05263157894736842,0.0,6.775438596491228,50.39190673828125
696,1315.0,10.0,131.5,190.0,0.7578947368421053,29.56511695906434,0.04736842105263158,0.0,5.905263157894737,63.8866081237793
697,1108.0,8.0,138.5,145.0,0.8206896551724138,2.067500000000024,0.07586206896551724,0.0,6.6482758620689655,35.5738639831543
698,1835.0,13.0,141.15384615384616,249.0,0.7791164658634538,13.18273224043719,0.06827309236947791,0.0,6.337349397590361,45.6695442199707
699,933.0,7.0,133.28571428571428,114.0,0.8508771929824561,2.0236842105263406,0.043859649122807015,0.0,7.131578947368421,94.40095520019531
700,1652.0,13.0,127.07692307692308,207.0,0.7681159420289855,-0.5407173913043266,0.057971014492753624,0.0,6.9855072463768115,46.13951873779297
701,1349.0,15.0,89.93333333333334,194.0,0.7319587628865979,23.03726190476192,0.05154639175257732,0.0,5.958762886597938,46.37108612060547
702,892.0,6.0,148.66666666666666,121.0,0.8925619834710744,14.68500000000003,0.05785123966942149,0.0,6.380165289256198,74.3375473022461
703,1649.0,15.0,109.93333333333334,210.0,0.8047619047619048,15.90923644338119,0.09523809523809523,0.0,6.828571428571428,65.25227355957031
704,1794.0,10.0,179.4,225.0,0.7733333333333333,-7.598963963963939,0.08444444444444445,0.0,6.96,59.36741638183594
705,1641.0,11.0,149.1818181818182,212.0,0.8207547169811321,3.46838995215316,0.08490566037735849,0.0,6.745283018867925,72.58356475830078
706,1613.0,8.0,201.625,219.0,0.7214611872146118,8.970410958904125,0.0593607305936073,0.0,6.365296803652968,34.77554702758789
707,1611.0,13.0,123.92307692307692,212.0,0.7641509433962265,15.840584415584459,0.0660377358490566,0.0,6.5754716981132075,76.42559051513672
708,1986.0,11.0,180.54545454545453,265.0,0.720754716981132,4.261083969465659,0.06037735849056604,0.0,6.490566037735849,37.855247497558594
709,1770.0,15.0,118.0,232.0,0.7672413793103449,11.083218390804632,0.05172413793103448,0.0,6.625,65.11132049560547
710,1504.0,10.0,150.4,202.0,0.7425742574257426,10.665770077007721,0.034653465346534656,0.0,6.435643564356436,71.40496063232422
711,2118.0,14.0,151.28571428571428,273.0,0.6886446886446886,7.599697493517738,0.054945054945054944,0.0,6.747252747252747,45.314430236816406
712,1047.0,8.0,130.875,135.0,0.8296296296296296,7.723333333333358,0.1259259259259259,0.0,6.762962962962963,38.89576721191406
713,1130.0,8.0,141.25,165.0,0.7757575757575758,16.91732919254659,0.03636363636363636,0.0,5.8545454545454545,54.909996032714844
714,2132.0,13.0,164.0,289.0,0.7024221453287197,3.632057200929154,0.058823529411764705,0.0,6.370242214532872,59.48588943481445
715,1150.0,9.0,127.77777777777777,154.0,0.7987012987012987,13.701444805194825,0.06493506493506493,0.0,6.474025974025974,64.55987548828125
716,2663.0,16.0,166.4375,335.0,0.7104477611940299,-2.627333333333297,0.0626865671641791,0.0,6.943283582089553,47.13689422607422
717,2029.0,11.0,184.45454545454547,250.0,0.76,-10.412799999999976,0.072,0.0,7.104,61.908241271972656
718,2746.0,16.0,171.625,362.0,0.7182320441988951,8.607932960893862,0.0718232044198895,0.0,6.580110497237569,45.03278350830078
719,1106.0,9.0,122.88888888888889,141.0,0.8226950354609929,1.7456250000000182,0.07801418439716312,0.0,6.851063829787234,38.84451675415039
720,1249.0,8.0,156.125,163.0,0.8098159509202454,7.252760736196336,0.08588957055214724,0.0,6.668711656441718,73.20557403564453
721,2349.0,12.0,195.75,283.0,0.734982332155477,-8.806097012528056,0.13780918727915195,0.0,7.293286219081272,29.579376220703125
722,2172.0,11.0,197.45454545454547,281.0,0.7330960854092526,-2.7546618705035826,0.05338078291814947,0.0,6.711743772241993,45.126869201660156
723,1176.0,10.0,117.6,169.0,0.7514792899408284,28.76848484848489,0.05325443786982249,0.0,5.958579881656805,57.348609924316406
724,1589.0,10.0,158.9,215.0,0.7767441860465116,6.304987080103359,0.06046511627906977,0.0,6.381395348837209,50.19548416137695
725,2261.0,14.0,161.5,327.0,0.6788990825688074,29.96092307692311,0.04892966360856269,0.0,5.90519877675841,47.19895553588867
726,1731.0,9.0,192.33333333333334,230.0,0.7347826086956522,-5.891467391304332,0.06956521739130435,0.0,6.5,53.74394607543945
727,2103.0,12.0,175.25,269.0,0.7843866171003717,7.117066895368794,0.11152416356877323,0.0,6.814126394052044,56.658912658691406
728,1721.0,11.0,156.45454545454547,253.0,0.7312252964426877,16.332111336032398,0.04743083003952569,0.0,5.8063241106719365,56.11913299560547
729,1286.0,10.0,128.6,191.0,0.7958115183246073,29.482777777777812,0.06282722513089005,0.0,5.738219895287958,64.03630065917969
730,2178.0,15.0,145.2,293.0,0.6825938566552902,3.2910815047022197,0.04778156996587031,0.0,6.4300341296928325,38.978599548339844
731,2033.0,15.0,135.53333333333333,280.0,0.7428571428571429,18.756428769786197,0.060714285714285714,0.0,6.203571428571428,38.58565139770508
732,1812.0,10.0,181.2,236.0,0.7711864406779662,-1.7134668574153125,0.1059322033898305,0.0,6.63135593220339,43.828330993652344
733,1601.0,11.0,145.54545454545453,218.0,0.7935779816513762,12.043669014084543,0.05045871559633028,0.0,6.348623853211009,42.57706832885742
734,991.0,6.0,165.16666666666666,128.0,0.8515625,3.7197500000000048,0.0390625,0.0,6.75,84.10022735595703
735,1677.0,11.0,152.45454545454547,222.0,0.7792792792792793,14.633897260274011,0.04504504504504504,0.0,6.545045045045045,57.829742431640625
736,1919.0,13.0,147.6153846153846,265.0,0.6792452830188679,12.54423670668956,0.04150943396226415,0.0,6.241509433962264,61.977149963378906
737,1205.0,7.0,172.14285714285714,158.0,0.8417721518987342,7.694008438818571,0.08860759493670886,0.0,6.632911392405063,50.657222747802734
738,1414.0,10.0,141.4,205.0,0.7609756097560976,21.464596674876844,0.04878048780487805,0.0,5.902439024390244,57.508644104003906
739,1385.0,10.0,138.5,182.0,0.7637362637362637,6.939349294045428,0.04395604395604396,0.0,6.615384615384615,81.49093627929688
740,1842.0,15.0,122.8,239.0,0.803347280334728,13.37163841807913,0.11715481171548117,0.0,6.682008368200837,53.588539123535156
741,1512.0,9.0,168.0,203.0,0.7389162561576355,12.554020522388072,0.04433497536945813,0.0,6.45320197044335,69.20512390136719
742,1248.0,9.0,138.66666666666666,169.0,0.8106508875739645,21.3557142857143,0.05325443786982249,0.0,6.390532544378698,71.87548828125
743,1259.0,13.0,96.84615384615384,173.0,0.7514450867052023,21.87294117647062,0.04046242774566474,0.0,6.213872832369942,50.27022933959961
744,1346.0,12.0,112.16666666666667,183.0,0.8032786885245902,17.211319672131168,0.08196721311475409,0.0,6.360655737704918,55.60493469238281
745,2530.0,14.0,180.71428571428572,332.0,0.7048192771084337,2.7900846859562876,0.08132530120481928,0.0,6.614457831325301,41.78242492675781
746,1849.0,10.0,184.9,243.0,0.7530864197530864,-2.3033333333333417,0.0411522633744856,0.0,6.613168724279835,45.95124435424805
747,1952.0,14.0,139.42857142857142,259.0,0.7181467181467182,5.303054968287512,0.06177606177606178,0.0,6.532818532818533,45.723636627197266
748,1503.0,11.0,136.63636363636363,191.0,0.8219895287958116,7.618133507853429,0.07329842931937172,0.0,6.858638743455497,49.311737060546875
749,2189.0,14.0,156.35714285714286,298.0,0.7114093959731543,10.804659090909098,0.07046979865771812,0.0,6.348993288590604,52.42583465576172
750,2182.0,14.0,155.85714285714286,288.0,0.7256944444444444,4.974600938967143,0.059027777777777776,0.0,6.545138888888889,53.653648376464844
751,1081.0,10.0,108.1,154.0,0.8376623376623377,20.717934602648995,0.05844155844155844,0.0,6.025974025974026,56.016204833984375
752,2159.0,17.0,127.0,267.0,0.7790262172284644,2.7516573033708482,0.06741573033707865,0.0,7.0411985018726595,64.32878875732422
753,1939.0,11.0,176.27272727272728,260.0,0.7,10.69321814671818,0.046153846153846156,0.0,6.426923076923077,73.1273193359375
754,2200.0,10.0,220.0,282.0,0.7092198581560284,-13.15101484155636,0.04609929078014184,0.0,6.801418439716312,34.30976486206055
755,2369.0,12.0,197.41666666666666,292.0,0.7054794520547946,-12.18337394564196,0.08904109589041095,0.0,7.1061643835616435,31.8913516998291
756,1468.0,11.0,133.45454545454547,191.0,0.8010471204188482,4.074678010471217,0.05759162303664921,0.0,6.69109947643979,72.92400360107422
757,2217.0,15.0,147.8,300.0,0.7266666666666667,6.470396270396293,0.03,0.0,6.376666666666667,38.450069427490234
758,2314.0,17.0,136.11764705882354,310.0,0.7258064516129032,13.01639856557378,0.06451612903225806,0.0,6.451612903225806,48.29090881347656
759,1162.0,11.0,105.63636363636364,156.0,0.7884615384615384,10.280128205128221,0.03205128205128205,0.0,6.455128205128205,73.97732543945312
760,1819.0,10.0,181.9,250.0,0.756,11.833949617633834,0.06,0.0,6.252,43.670711517333984
761,1070.0,7.0,152.85714285714286,146.0,0.8287671232876712,5.983242009132454,0.0410958904109589,0.0,6.335616438356165,45.42029571533203
762,1253.0,8.0,156.625,169.0,0.7514792899408284,15.132366863905332,0.04142011834319527,0.0,6.420118343195266,61.4756965637207
763,968.0,7.0,138.28571428571428,145.0,0.7655172413793103,17.58542540792544,0.034482758620689655,0.0,5.682758620689655,35.51245880126953
764,1896.0,15.0,126.4,234.0,0.7863247863247863,-3.127909698996632,0.08974358974358974,0.0,7.102564102564102,31.83723258972168
765,2117.0,17.0,124.52941176470588,288.0,0.7048611111111112,18.85300000000001,0.07291666666666667,0.0,6.322916666666667,48.36442184448242
766,848.0,7.0,121.14285714285714,105.0,0.8380952380952381,5.369642857142907,0.0761904761904762,0.0,7.085714285714285,29.200653076171875
767,1206.0,7.0,172.28571428571428,155.0,0.8064516129032258,2.2443722943722832,0.07741935483870968,0.0,6.754838709677419,126.50707244873047
768,1006.0,7.0,143.71428571428572,123.0,0.7723577235772358,-1.7432317073170793,0.07317073170731707,0.0,7.162601626016261,50.27021789550781
769,1286.0,10.0,128.6,174.0,0.7183908045977011,11.204770114942562,0.028735632183908046,0.0,6.362068965517241,42.5984001159668
770,1311.0,9.0,145.66666666666666,169.0,0.8284023668639053,7.182474112426036,0.05917159763313609,0.0,6.7514792899408285,67.19681549072266
771,840.0,5.0,168.0,108.0,0.8425925925925926,-5.436666666666639,0.046296296296296294,0.0,6.787037037037037,83.57644653320312
772,1915.0,12.0,159.58333333333334,254.0,0.7401574803149606,4.326452318460241,0.06299212598425197,0.0,6.535433070866142,45.4405403137207
773,2153.0,12.0,179.41666666666666,305.0,0.6721311475409836,10.601326378539511,0.04590163934426229,0.0,6.059016393442623,55.57980728149414
774,1203.0,8.0,150.375,163.0,0.7975460122699386,9.035341614906855,0.04294478527607362,0.0,6.3496932515337425,98.86674499511719
775,1906.0,9.0,211.77777777777777,242.0,0.7644628099173554,-8.616995292887026,0.09504132231404959,0.0,6.855371900826446,45.65663146972656
776,1421.0,13.0,109.3076923076923,186.0,0.7688172043010753,26.385175953079198,0.05913978494623656,0.0,6.645161290322581,57.73699951171875
777,1833.0,10.0,183.3,223.0,0.7488789237668162,-12.171565656565633,0.07623318385650224,0.0,7.2242152466367715,51.18276596069336
778,2046.0,11.0,186.0,264.0,0.7196969696969697,6.352636363636378,0.041666666666666664,0.0,6.71969696969697,62.50122833251953
779,1176.0,7.0,168.0,170.0,0.7235294117647059,12.857843137254946,0.058823529411764705,0.0,5.894117647058824,32.98549270629883
780,954.0,6.0,159.0,125.0,0.896,2.9113870967742344,0.048,0.0,6.64,86.57353973388672
781,1737.0,10.0,173.7,214.0,0.7850467289719626,-13.381687435098627,0.04205607476635514,0.0,7.088785046728972,81.8560791015625
782,1127.0,9.0,125.22222222222223,153.0,0.7647058823529411,15.458419117647082,0.032679738562091505,0.0,6.372549019607843,42.719688415527344
783,795.0,5.0,159.0,104.0,0.8653846153846154,1.4834615384615688,0.07692307692307693,0.0,6.653846153846154,114.71023559570312
784,1719.0,11.0,156.27272727272728,232.0,0.7974137931034483,10.892396103896147,0.06896551724137931,0.0,6.413793103448276,66.8205795288086
785,902.0,6.0,150.33333333333334,119.0,0.8823529411764706,4.946907563025206,0.05042016806722689,0.0,6.588235294117647,66.62564849853516
786,1454.0,11.0,132.1818181818182,211.0,0.7630331753554502,24.118233009708774,0.052132701421800945,0.0,5.876777251184834,56.59419250488281
787,2007.0,21.0,95.57142857142857,261.0,0.7816091954022989,10.825854452452944,0.08812260536398467,0.0,6.693486590038314,29.20000648498535
788,1055.0,8.0,131.875,143.0,0.8251748251748252,13.35034965034967,0.04195804195804196,0.0,6.384615384615385,92.69332122802734
789,1265.0,7.0,180.71428571428572,160.0,0.8,1.5795833333333462,0.11875,0.0,6.86875,44.865753173828125
790,1883.0,11.0,171.1818181818182,253.0,0.7470355731225297,15.191966135458188,0.039525691699604744,0.0,6.4229249011857705,71.49214935302734
791,1520.0,11.0,138.1818181818182,217.0,0.7695852534562212,23.164795774647928,0.055299539170506916,0.0,6.009216589861751,53.502593994140625
792,720.0,6.0,120.0,100.0,0.8,9.72100000000006,0.03,0.0,6.21,47.081565856933594
793,917.0,7.0,131.0,132.0,0.7727272727272727,36.46794871794873,0.03787878787878788,0.0,5.954545454545454,42.3306884765625
794,2403.0,18.0,133.5,307.0,0.758957654723127,9.464294117647086,0.07166123778501629,0.0,6.801302931596092,53.102577209472656
795,960.0,5.0,192.0,132.0,0.8181818181818182,0.9354545454545473,0.08333333333333333,0.0,6.28030303030303,58.24796676635742
796,2168.0,11.0,197.0909090909091,294.0,0.717687074829932,9.155904109589073,0.05102040816326531,0.0,6.370748299319728,64.10420989990234
797,1619.0,15.0,107.93333333333334,214.0,0.7570093457943925,9.255661993769479,0.0794392523364486,0.0,6.55607476635514,46.42766189575195
798,1412.0,10.0,141.2,177.0,0.8248587570621468,-0.48937853107344154,0.07344632768361582,0.0,6.983050847457627,75.22977447509766
799,1946.0,11.0,176.9090909090909,254.0,0.7086614173228346,0.30700000000001637,0.04330708661417323,0.0,6.625984251968504,45.6602897644043
800,1295.0,9.0,143.88888888888889,174.0,0.7816091954022989,20.08678106936418,0.06896551724137931,0.0,6.431034482758621,48.264686584472656
801,2192.0,14.0,156.57142857142858,291.0,0.738831615120275,5.400698315911768,0.07216494845360824,0.0,6.52233676975945,53.557193756103516
802,1863.0,13.0,143.30769230769232,232.0,0.771551724137931,-5.9404347826086905,0.06896551724137931,0.0,7.0344827586206895,54.33087158203125
803,1125.0,10.0,112.5,159.0,0.7610062893081762,19.590176886792477,0.07547169811320754,0.0,6.069182389937107,49.103904724121094
804,1279.0,10.0,127.9,174.0,0.7183908045977011,16.044956896551753,0.04597701149425287,0.0,6.35632183908046,45.140663146972656
805,1782.0,10.0,178.2,240.0,0.7125,7.1413621571362285,0.03333333333333333,0.0,6.429166666666666,74.95056915283203
806,1072.0,8.0,134.0,134.0,0.8582089552238806,-1.3666417910447706,0.05970149253731343,0.0,7.007462686567164,69.34498596191406
807,1911.0,10.0,191.1,244.0,0.7622950819672131,-3.7516302367941705,0.08196721311475409,0.0,6.786885245901639,61.29094314575195
808,1922.0,12.0,160.16666666666666,245.0,0.7673469387755102,3.6786512667660247,0.07346938775510205,0.0,6.840816326530613,67.17948913574219
809,2132.0,12.0,177.66666666666666,271.0,0.7084870848708487,-4.1986363636363535,0.04797047970479705,0.0,6.863468634686347,57.59318923950195
810,2130.0,21.0,101.42857142857143,309.0,0.6957928802588996,21.337710040983637,0.042071197411003236,0.0,5.84789644012945,52.317230224609375
811,2167.0,15.0,144.46666666666667,295.0,0.6847457627118644,12.808456269757642,0.05423728813559322,0.0,6.305084745762712,56.0650520324707
812,1576.0,8.0,197.0,193.0,0.8082901554404145,-13.42452936096717,0.15544041450777202,0.0,7.160621761658031,61.2248420715332
813,1175.0,10.0,117.5,160.0,0.78125,29.10805555555558,0.05,0.0,6.3125,120.22463989257812
814,1780.0,14.0,127.14285714285714,244.0,0.7049180327868853,18.91376721763089,0.040983606557377046,0.0,6.299180327868853,94.78417205810547
815,1791.0,11.0,162.8181818181818,229.0,0.7641921397379913,-1.8635218340611175,0.0611353711790393,0.0,6.82532751091703,61.158634185791016
816,2437.0,14.0,174.07142857142858,290.0,0.7620689655172413,-11.696165795586523,0.06896551724137931,0.0,7.382758620689655,39.29625701904297
817,2005.0,14.0,143.21428571428572,270.0,0.7444444444444445,8.968905472636862,0.03333333333333333,0.0,6.4185185185185185,55.3439826965332
818,1477.0,15.0,98.46666666666667,210.0,0.7571428571428571,31.204110671936775,0.08571428571428572,0.0,6.038095238095238,60.54153823852539
819,2110.0,14.0,150.71428571428572,279.0,0.7311827956989247,7.791698255114312,0.07168458781362007,0.0,6.544802867383512,49.63959503173828
820,1698.0,9.0,188.66666666666666,205.0,0.7658536585365854,-12.30998475609752,0.08780487804878048,0.0,7.258536585365854,43.920433044433594
821,980.0,6.0,163.33333333333334,134.0,0.7985074626865671,10.433000000000021,0.05223880597014925,0.0,6.32089552238806,62.22983932495117
822,2467.0,16.0,154.1875,312.0,0.7403846153846154,-3.48884615384614,0.07371794871794872,0.0,6.881410256410256,40.64763259887695
823,857.0,9.0,95.22222222222223,119.0,0.8151260504201681,20.380000000000024,0.05042016806722689,0.0,6.2100840336134455,51.904624938964844
824,2150.0,12.0,179.16666666666666,267.0,0.7378277153558053,-3.4478913192070877,0.06741573033707865,0.0,7.0187265917602994,49.36750030517578
825,1448.0,13.0,111.38461538461539,189.0,0.8095238095238095,7.261023809523834,0.042328042328042326,0.0,6.666666666666667,57.206993103027344
826,1849.0,9.0,205.44444444444446,235.0,0.7319148936170212,-10.853749999999991,0.059574468085106386,0.0,6.863829787234042,56.019222259521484
827,2157.0,13.0,165.92307692307693,277.0,0.7472924187725631,1.2369442601194578,0.07942238267148015,0.0,6.783393501805054,50.64833068847656
828,2336.0,16.0,146.0,333.0,0.6996996996996997,24.534090909090907,0.06606606606606606,0.0,6.009009009009009,49.204280853271484
829,2594.0,23.0,112.78260869565217,331.0,0.7069486404833837,7.233939393939437,0.0513595166163142,0.0,6.770392749244713,37.3648796081543
830,2373.0,12.0,197.75,287.0,0.7386759581881533,-5.354589800443449,0.08362369337979095,0.0,7.2578397212543555,38.03482437133789
831,2338.0,12.0,194.83333333333334,290.0,0.7482758620689656,-4.839430638565574,0.07241379310344828,0.0,7.0344827586206895,44.35844421386719
832,2045.0,12.0,170.41666666666666,277.0,0.7184115523465704,10.190958858659627,0.05054151624548736,0.0,6.379061371841155,64.41510009765625
833,1645.0,11.0,149.54545454545453,215.0,0.7441860465116279,7.175321910695743,0.04186046511627907,0.0,6.623255813953488,45.145389556884766
834,1294.0,8.0,161.75,171.0,0.8187134502923976,12.345263157894749,0.08187134502923976,0.0,6.573099415204679,69.42879486083984
835,1229.0,9.0,136.55555555555554,168.0,0.7797619047619048,7.671590909090924,0.05952380952380952,0.0,6.291666666666667,78.65673828125
836,1908.0,13.0,146.76923076923077,247.0,0.757085020242915,3.9186481481481508,0.0728744939271255,0.0,6.712550607287449,49.23616409301758
837,1517.0,11.0,137.9090909090909,205.0,0.7804878048780488,6.510426829268312,0.07804878048780488,0.0,6.404878048780488,73.864501953125
838,1635.0,11.0,148.63636363636363,215.0,0.7395348837209302,11.960728971962624,0.07441860465116279,0.0,6.609302325581395,71.06890869140625
839,2097.0,12.0,174.75,270.0,0.7111111111111111,-5.427255829672163,0.05555555555555555,0.0,6.7592592592592595,68.55441284179688
840,2022.0,16.0,126.375,271.0,0.7195571955719557,17.261303974835585,0.05904059040590406,0.0,6.4575645756457565,66.07888793945312
841,1119.0,7.0,159.85714285714286,144.0,0.7847222222222222,8.575000000000045,0.06944444444444445,0.0,6.777777777777778,41.92403030395508
842,1498.0,9.0,166.44444444444446,200.0,0.775,13.952000000000027,0.1,0.0,6.495,43.25706100463867
843,1324.0,10.0,132.4,173.0,0.7745664739884393,2.964906872190113,0.07514450867052024,0.0,6.658959537572255,45.542274475097656
844,1689.0,11.0,153.54545454545453,225.0,0.7422222222222222,18.67578571428575,0.04888888888888889,0.0,6.511111111111111,82.42203521728516
845,1571.0,14.0,112.21428571428571,198.0,0.8333333333333334,3.1748863636364035,0.050505050505050504,0.0,6.924242424242424,61.22597885131836
846,1021.0,9.0,113.44444444444444,122.0,0.860655737704918,2.608934426229524,0.05737704918032787,0.0,7.377049180327869,54.138973236083984
847,1613.0,13.0,124.07692307692308,215.0,0.7209302325581395,11.168075615972839,0.03255813953488372,0.0,6.502325581395349,64.55962371826172
848,654.0,5.0,130.8,86.0,0.8837209302325582,11.877616279069798,0.046511627906976744,0.0,6.5813953488372094,52.72404861450195
849,1487.0,10.0,148.7,204.0,0.7156862745098039,15.043039215686292,0.03431372549019608,0.0,6.294117647058823,51.56466293334961
850,2209.0,12.0,184.08333333333334,286.0,0.7307692307692307,2.432009569378039,0.06293706293706294,0.0,6.72027972027972,59.260589599609375
851,1799.0,11.0,163.54545454545453,223.0,0.757847533632287,-4.965565520677615,0.12556053811659193,0.0,7.062780269058296,39.507049560546875
852,1966.0,13.0,151.23076923076923,262.0,0.7251908396946565,6.485629370629368,0.061068702290076333,0.0,6.4961832061068705,59.867286682128906
853,1122.0,8.0,140.25,156.0,0.7564102564102564,11.76115384615386,0.04487179487179487,0.0,6.198717948717949,65.7136459350586
854,1768.0,13.0,136.0,225.0,0.8488888888888889,9.729636363636416,0.09333333333333334,0.0,6.835555555555556,53.59479904174805
855,1587.0,9.0,176.33333333333334,199.0,0.7939698492462312,2.1838599246231354,0.1507537688442211,0.0,6.9798994974874375,67.73789978027344
856,2097.0,13.0,161.30769230769232,265.0,0.7169811320754716,-3.6018181818181745,0.04905660377358491,0.0,6.90566037735849,50.22085952758789
857,1588.0,12.0,132.33333333333334,216.0,0.7916666666666666,20.80266666666668,0.05092592592592592,0.0,6.328703703703703,38.92152404785156
858,1721.0,12.0,143.41666666666666,231.0,0.7619047619047619,7.443000000000012,0.06926406926406926,0.0,6.428571428571429,53.962528228759766
859,1499.0,8.0,187.375,181.0,0.8011049723756906,-7.306132596685046,0.11049723756906077,0.0,7.287292817679558,54.18307113647461
860,1189.0,9.0,132.11111111111111,169.0,0.7810650887573964,30.420000000000016,0.05917159763313609,0.0,6.035502958579881,45.88962936401367
861,2016.0,16.0,126.0,254.0,0.7322834645669292,0.9007142857142867,0.07086614173228346,0.0,6.929133858267717,65.60963439941406
862,1941.0,15.0,129.4,265.0,0.7471698113207547,18.47487477638643,0.0830188679245283,0.0,6.29433962264151,53.163902282714844
863,1561.0,10.0,156.1,216.0,0.7222222222222222,8.575000000000045,0.08333333333333333,0.0,6.226851851851852,38.7326545715332
864,980.0,6.0,163.33333333333334,143.0,0.7482517482517482,16.8885174825175,0.04895104895104895,0.0,5.86013986013986,53.555240631103516
865,681.0,6.0,113.5,94.0,0.8297872340425532,20.35300000000001,0.06382978723404255,0.0,6.212765957446808,58.26341247558594
866,1809.0,23.0,78.65217391304348,258.0,0.751937984496124,34.22555555555556,0.046511627906976744,0.0,6.003875968992248,63.30760955810547
867,1597.0,13.0,122.84615384615384,208.0,0.75,9.134545454545474,0.052884615384615384,0.0,6.639423076923077,65.3438491821289
868,1863.0,10.0,186.3,245.0,0.746938775510204,-0.6311384335154742,0.05714285714285714,0.0,6.591836734693878,86.51890563964844
869,1969.0,15.0,131.26666666666668,241.0,0.8049792531120332,-11.065961538461494,0.0912863070539419,0.0,7.16597510373444,63.15729904174805
870,2412.0,15.0,160.8,300.0,0.7466666666666667,-1.5713422818791685,0.07333333333333333,0.0,7.033333333333333,39.7764778137207
871,1153.0,6.0,192.16666666666666,144.0,0.8263888888888888,-13.283510489510462,0.0763888888888889,0.0,7.013888888888889,52.96183776855469
872,1550.0,11.0,140.9090909090909,197.0,0.8020304568527918,12.84112803158493,0.050761421319796954,0.0,6.8274111675126905,61.343482971191406
873,1118.0,6.0,186.33333333333334,144.0,0.7986111111111112,6.053000000000026,0.09027777777777778,0.0,6.770833333333333,63.51279067993164
874,1066.0,7.0,152.28571428571428,127.0,0.905511811023622,-8.496410761154806,0.06299212598425197,0.0,7.4015748031496065,56.675804138183594
875,2066.0,13.0,158.92307692307693,266.0,0.7142857142857143,12.420909090909078,0.07142857142857142,0.0,6.7481203007518795,68.29792022705078
876,1125.0,9.0,125.0,148.0,0.8648648648648649,16.57101351351352,0.10135135135135136,0.0,6.608108108108108,67.3150634765625
877,1206.0,9.0,134.0,164.0,0.7987804878048781,17.859207317073185,0.054878048780487805,0.0,6.359756097560975,33.08902359008789
878,950.0,6.0,158.33333333333334,122.0,0.8278688524590164,6.628016393442664,0.05737704918032787,0.0,6.795081967213115,183.75906372070312
879,1459.0,15.0,97.26666666666667,198.0,0.7424242424242424,27.182307692307717,0.04040404040404041,0.0,6.373737373737374,50.087677001953125
880,1495.0,12.0,124.58333333333333,199.0,0.8040201005025126,15.021470991320285,0.05025125628140704,0.0,6.517587939698492,63.03364944458008
881,1767.0,11.0,160.63636363636363,238.0,0.7226890756302521,9.652917721519003,0.04201680672268908,0.0,6.428571428571429,56.689208984375
882,2123.0,12.0,176.91666666666666,268.0,0.7649253731343284,-6.89246629213477,0.05970149253731343,0.0,6.880597014925373,46.109771728515625
883,1803.0,9.0,200.33333333333334,225.0,0.7777777777777778,-1.6599187219730993,0.06666666666666667,0.0,7.017777777777778,61.70623779296875
884,1423.0,9.0,158.11111111111111,197.0,0.7461928934010152,6.199000634517773,0.06091370558375635,0.0,6.218274111675127,36.08491897583008
885,1194.0,8.0,149.25,158.0,0.7658227848101266,9.370569620253207,0.04430379746835443,0.0,6.563291139240507,45.49540328979492
886,2071.0,16.0,129.4375,289.0,0.71280276816609,19.77523519163765,0.05536332179930796,0.0,6.1522491349480966,57.2011604309082
887,1811.0,14.0,129.35714285714286,243.0,0.7448559670781894,14.941759065550912,0.06172839506172839,0.0,6.423868312757202,37.096923828125
888,2220.0,13.0,170.76923076923077,282.0,0.7127659574468085,-4.176904761904751,0.04964539007092199,0.0,6.865248226950355,52.23772048950195
889,1815.0,15.0,121.0,244.0,0.7868852459016393,21.85076502732244,0.09836065573770492,0.0,6.434426229508197,76.60181427001953
890,1247.0,6.0,207.83333333333334,157.0,0.8343949044585988,-14.098384615384617,0.07643312101910828,0.0,6.949044585987261,59.231632232666016
891,2010.0,11.0,182.72727272727272,263.0,0.7490494296577946,2.323679389313014,0.060836501901140684,0.0,6.638783269961977,45.97242736816406
892,1068.0,8.0,133.5,142.0,0.7887323943661971,5.12950704225355,0.07042253521126761,0.0,6.485915492957746,59.139122009277344
893,1701.0,9.0,189.0,213.0,0.784037558685446,-6.331607142857109,0.07511737089201878,0.0,6.962441314553991,58.86562728881836
894,1531.0,12.0,127.58333333333333,204.0,0.8284313725490197,16.408106185002765,0.06862745098039216,0.0,6.46078431372549,48.536895751953125
895,1967.0,14.0,140.5,262.0,0.7480916030534351,11.366632413388146,0.04961832061068702,0.0,6.511450381679389,48.724205017089844
896,1265.0,9.0,140.55555555555554,167.0,0.718562874251497,1.2492702095808852,0.0658682634730539,0.0,6.580838323353293,37.85542678833008
897,1252.0,7.0,178.85714285714286,171.0,0.8070175438596491,8.044649901380694,0.08771929824561403,0.0,6.304093567251462,60.00669860839844
898,1139.0,8.0,142.375,153.0,0.7843137254901961,9.472631578947414,0.0718954248366013,0.0,6.450980392156863,56.36876678466797
899,2347.0,13.0,180.53846153846155,305.0,0.7377049180327869,3.63001237623763,0.06885245901639345,0.0,6.688524590163935,56.7791862487793
900,1409.0,9.0,156.55555555555554,198.0,0.8333333333333334,15.931931818181823,0.07575757575757576,0.0,6.116161616161616,52.0665168762207
901,2063.0,12.0,171.91666666666666,271.0,0.7269372693726938,1.1280303030303571,0.08856088560885608,0.0,6.605166051660516,49.82126235961914
902,1583.0,8.0,197.875,214.0,0.7616822429906542,7.941549295774678,0.06074766355140187,0.0,6.364485981308412,70.18331909179688
903,2081.0,13.0,160.07692307692307,267.0,0.7602996254681648,4.24385934819901,0.07116104868913857,0.0,6.771535580524344,53.08329772949219
904,2242.0,17.0,131.88235294117646,284.0,0.7640845070422535,11.241147686832733,0.08450704225352113,0.0,6.862676056338028,60.259056091308594
905,1913.0,15.0,127.53333333333333,249.0,0.7630522088353414,15.676857410881809,0.07630522088353414,0.0,6.650602409638554,52.028831481933594
906,1562.0,15.0,104.13333333333334,190.0,0.7842105263157895,-13.263684210526293,0.15263157894736842,0.0,7.226315789473684,25.597126007080078
907,2055.0,13.0,158.07692307692307,281.0,0.701067615658363,12.662812870699923,0.05338078291814947,0.0,6.277580071174377,53.5556755065918
908,1917.0,11.0,174.27272727272728,255.0,0.7098039215686275,-7.861863656485127,0.054901960784313725,0.0,6.486274509803922,51.905921936035156
909,1094.0,8.0,136.75,137.0,0.8029197080291971,-3.225620437956195,0.043795620437956206,0.0,6.992700729927007,56.98075866699219
910,1641.0,11.0,149.1818181818182,234.0,0.7393162393162394,20.030153846153866,0.0811965811965812,0.0,6.017094017094017,61.92970657348633
911,1380.0,16.0,86.25,175.0,0.8228571428571428,13.36647058823533,0.08571428571428572,0.0,6.8342857142857145,52.88127517700195
912,2234.0,12.0,186.16666666666666,276.0,0.7644927536231884,-14.245928571428522,0.07608695652173914,0.0,7.076086956521739,45.358741760253906
913,1241.0,7.0,177.28571428571428,161.0,0.8385093167701864,1.9917132505176198,0.07453416149068323,0.0,6.714285714285714,40.67045211791992
914,2067.0,13.0,159.0,277.0,0.7581227436823105,15.439863968148671,0.061371841155234655,0.0,6.433212996389892,57.337615966796875
915,2283.0,18.0,126.83333333333333,282.0,0.7730496453900709,2.694889688249418,0.05319148936170213,0.0,7.088652482269503,55.85811233520508
916,974.0,7.0,139.14285714285714,122.0,0.8688524590163934,-5.207720385674918,0.06557377049180328,0.0,6.991803278688525,63.33375549316406
917,1357.0,8.0,169.625,173.0,0.8092485549132948,-0.6534682080924483,0.10404624277456648,0.0,6.84393063583815,58.771026611328125
918,778.0,6.0,129.66666666666666,108.0,0.8148148148148148,22.760999999999996,0.05555555555555555,0.0,6.212962962962963,88.00479125976562
919,2292.0,15.0,152.8,293.0,0.6860068259385665,-2.277033342084536,0.05460750853242321,0.0,6.815699658703072,61.4271125793457
920,1312.0,9.0,145.77777777777777,159.0,0.8238993710691824,0.9675353773585016,0.05660377358490566,0.0,7.220125786163522,96.47956085205078
921,2113.0,14.0,150.92857142857142,255.0,0.788235294117647,-8.786310160427774,0.15294117647058825,0.0,7.2823529411764705,34.83942794799805
922,1906.0,11.0,173.27272727272728,246.0,0.6951219512195121,5.444048780487833,0.044715447154471545,0.0040650406504065045,6.719512195121951,35.027435302734375
923,1681.0,11.0,152.8181818181818,224.0,0.7321428571428571,7.294171232876749,0.0625,0.0,6.446428571428571,44.41950988769531
924,2194.0,20.0,109.7,269.0,0.7732342007434945,2.135268897149956,0.07806691449814127,0.0,7.141263940520446,45.640472412109375
925,2219.0,14.0,158.5,283.0,0.7137809187279152,-3.6859090909090924,0.07420494699646643,0.0,6.823321554770318,60.726139068603516
926,1766.0,9.0,196.22222222222223,230.0,0.7608695652173914,-2.1153571428571354,0.06956521739130435,0.0,6.673913043478261,74.78485107421875
927,1222.0,11.0,111.0909090909091,167.0,0.7904191616766467,24.727966867469917,0.05389221556886228,0.0,6.287425149700598,41.681915283203125
928,2050.0,11.0,186.36363636363637,264.0,0.7462121212121212,-1.8220172413792852,0.08712121212121213,0.0,6.765151515151516,53.598567962646484
929,1314.0,8.0,164.25,156.0,0.8653846153846154,0.37269230769234696,0.05128205128205128,0.0,7.391025641025641,61.53218078613281
930,2163.0,15.0,144.2,283.0,0.7067137809187279,2.4173076923077303,0.045936395759717315,0.0,6.625441696113074,57.10974884033203
931,2123.0,20.0,106.15,290.0,0.7551724137931034,21.212507739938076,0.05862068965517241,0.0,6.272413793103448,49.72071838378906
932,1775.0,10.0,177.5,229.0,0.759825327510917,-3.662543859649105,0.08296943231441048,0.0,6.729257641921397,38.73830795288086
933,1024.0,7.0,146.28571428571428,143.0,0.8461538461538461,15.810600233100246,0.04895104895104895,0.0,6.1678321678321675,88.86177062988281
934,1943.0,12.0,161.91666666666666,261.0,0.6973180076628352,14.620244755244755,0.038314176245210725,0.0,6.3869731800766285,74.88472747802734
935,1917.0,10.0,191.7,255.0,0.7568627450980392,13.985507436570458,0.0784313725490196,0.0,6.513725490196078,48.08750534057617
936,1205.0,8.0,150.625,172.0,0.7151162790697675,19.58104651162793,0.01744186046511628,0.0,5.994186046511628,60.696990966796875
937,1772.0,15.0,118.13333333333334,239.0,0.7071129707112971,22.11615384615385,0.07112970711297072,0.0,6.405857740585774,39.282535552978516
938,2184.0,13.0,168.0,292.0,0.6917808219178082,4.896843088418478,0.06506849315068493,0.0,6.441780821917808,42.81229019165039
939,1579.0,13.0,121.46153846153847,217.0,0.7511520737327189,19.618750000000034,0.07373271889400922,0.0,6.28110599078341,42.22877502441406
940,1480.0,11.0,134.54545454545453,186.0,0.7741935483870968,-6.551051051051019,0.053763440860215055,0.0,6.962365591397849,71.08467102050781
941,1538.0,11.0,139.8181818181818,185.0,0.8324324324324325,-8.837537537537514,0.06486486486486487,0.0,7.286486486486487,79.97784423828125
942,713.0,6.0,118.83333333333333,97.0,0.845360824742268,24.921319587628886,0.030927835051546393,0.0,6.360824742268041,51.08126449584961
943,1882.0,19.0,99.05263157894737,251.0,0.749003984063745,22.41033333333337,0.055776892430278883,0.0,6.49402390438247,70.41609191894531
944,1573.0,8.0,196.625,211.0,0.7772511848341233,6.6543718592965035,0.10426540284360189,0.0,6.388625592417061,57.70592498779297
945,1313.0,9.0,145.88888888888889,179.0,0.7988826815642458,12.561246508379924,0.0670391061452514,0.0,6.307262569832402,64.35563659667969
946,999.0,6.0,166.5,126.0,0.8571428571428571,-8.085857142857122,0.05555555555555555,0.0,6.904761904761905,80.33287811279297
947,1493.0,11.0,135.72727272727272,183.0,0.8415300546448088,-3.532499999999999,0.04371584699453552,0.0,7.131147540983607,55.761192321777344
948,2027.0,12.0,168.91666666666666,275.0,0.7636363636363637,9.325787545787563,0.05454545454545454,0.0,6.352727272727273,44.03681182861328
949,2147.0,15.0,143.13333333333333,280.0,0.7428571428571429,9.860401678657098,0.075,0.0,6.660714285714286,54.678733825683594
950,1943.0,11.0,176.63636363636363,243.0,0.7489711934156379,-5.1065123966942,0.06584362139917696,0.0,7.0,62.48296356201172
951,851.0,5.0,170.2,104.0,0.8942307692307693,-9.904999999999973,0.038461538461538464,0.0,7.1923076923076925,89.28740692138672
952,1473.0,8.0,184.125,188.0,0.8085106382978723,0.29216216216218527,0.06914893617021277,0.0,6.808510638297872,68.98397827148438
953,1731.0,9.0,192.33333333333334,221.0,0.7918552036199095,-7.6306193438913965,0.09954751131221719,0.0,6.8054298642533935,55.27686309814453
954,1590.0,12.0,132.5,211.0,0.7962085308056872,5.181021739130443,0.052132701421800945,0.0,6.511848341232228,46.65230941772461
955,1275.0,9.0,141.66666666666666,172.0,0.7965116279069767,17.288081395348854,0.05813953488372093,0.0,6.406976744186046,54.57808303833008
956,1134.0,11.0,103.0909090909091,150.0,0.82,26.35833333333335,0.04666666666666667,0.0,6.54,57.80595016479492
957,1262.0,8.0,157.75,161.0,0.8074534161490683,-4.101304347826073,0.09937888198757763,0.0,6.84472049689441,51.087188720703125
958,2369.0,14.0,169.21428571428572,331.0,0.7069486404833837,7.906525229357811,0.054380664652567974,0.0,6.148036253776435,37.6019172668457
959,2015.0,10.0,201.5,268.0,0.7574626865671642,-1.3077272727272486,0.07835820895522388,0.0,6.485074626865671,45.588356018066406
960,990.0,7.0,141.42857142857142,129.0,0.8294573643410853,11.221802325581422,0.05426356589147287,0.0,6.682170542635659,109.59494018554688
961,2259.0,17.0,132.88235294117646,293.0,0.726962457337884,13.857465753424691,0.09215017064846416,0.0,6.6825938566552905,51.293251037597656
962,2058.0,14.0,147.0,276.0,0.75,17.642194570135757,0.04710144927536232,0.0,6.452898550724638,46.99496841430664
963,1253.0,8.0,156.625,180.0,0.7611111111111111,15.765000000000015,0.022222222222222223,0.0,5.933333333333334,50.04911804199219
964,1666.0,17.0,98.0,238.0,0.7857142857142857,32.96230769230769,0.058823529411764705,0.0,6.004201680672269,48.7802734375
965,1636.0,6.0,272.6666666666667,191.0,0.8115183246073299,-41.0086842105263,0.04712041884816754,0.0,7.570680628272251,55.6865234375
966,1657.0,10.0,165.7,222.0,0.7027027027027027,-3.671172945205484,0.09009009009009009,0.0,6.468468468468468,39.07062911987305
967,2149.0,10.0,214.9,269.0,0.7434944237918215,-16.264817578772806,0.07434944237918216,0.0,6.981412639405204,56.25314712524414
968,2100.0,14.0,150.0,272.0,0.7463235294117647,5.447139095415139,0.0625,0.0,6.665441176470588,50.1448974609375
969,1948.0,14.0,139.14285714285714,267.0,0.7528089887640449,15.135833333333352,0.0749063670411985,0.0,6.277153558052435,48.09107971191406
970,2133.0,12.0,177.75,275.0,0.7127272727272728,5.799636363636409,0.04,0.0,6.756363636363637,56.37782669067383
971,1533.0,13.0,117.92307692307692,201.0,0.845771144278607,9.665589056393088,0.06965174129353234,0.0,6.567164179104478,58.764381408691406
972,1232.0,8.0,154.0,159.0,0.8238993710691824,-1.9143396226415064,0.05660377358490566,0.0,6.754716981132075,71.68238067626953
973,1964.0,13.0,151.07692307692307,265.0,0.7471698113207547,20.84461406518014,0.06415094339622641,0.0,6.40377358490566,52.66816711425781
974,1060.0,11.0,96.36363636363636,151.0,0.8344370860927153,31.415850340136075,0.10596026490066225,0.0,6.026490066225166,66.82660675048828
975,1879.0,11.0,170.8181818181818,234.0,0.7735042735042735,-11.06215384615382,0.11538461538461539,0.0,7.0256410256410255,53.1878776550293
976,2674.0,18.0,148.55555555555554,346.0,0.7196531791907514,4.178923816568073,0.0953757225433526,0.0,6.722543352601156,41.04197692871094
977,1344.0,9.0,149.33333333333334,173.0,0.7861271676300579,-0.9409645953757035,0.09248554913294797,0.0,6.77456647398844,76.20924377441406
978,2045.0,12.0,170.41666666666666,276.0,0.717391304347826,6.177090245520901,0.050724637681159424,0.0,6.405797101449275,47.95003890991211
979,2014.0,19.0,106.0,274.0,0.7408759124087592,10.878955007256906,0.09124087591240876,0.0,6.339416058394161,35.47810745239258
980,1508.0,11.0,137.0909090909091,184.0,0.7554347826086957,5.165521739130469,0.125,0.0,7.168478260869565,56.13315963745117
981,2014.0,18.0,111.88888888888889,290.0,0.7275862068965517,34.723944636678226,0.06896551724137931,0.0,5.893103448275862,42.64031982421875
982,1283.0,10.0,128.3,173.0,0.8092485549132948,16.663659682080947,0.057803468208092484,0.0,6.421965317919075,78.44832611083984
983,952.0,7.0,136.0,131.0,0.8320610687022901,23.223784987277384,0.030534351145038167,0.0,6.2748091603053435,58.18220901489258
984,2301.0,12.0,191.75,291.0,0.7319587628865979,-4.333889409559475,0.06872852233676977,0.0,6.900343642611684,49.63452911376953
985,945.0,7.0,135.0,124.0,0.782258064516129,6.42446236559141,0.056451612903225805,0.0,6.629032258064516,40.84052658081055
986,1989.0,14.0,142.07142857142858,254.0,0.7755905511811023,5.20063405797103,0.07874015748031496,0.0,6.799212598425197,55.18931579589844
987,1872.0,12.0,156.0,232.0,0.771551724137931,-5.604379310344825,0.10775862068965517,0.0,7.038793103448276,32.678401947021484
988,2127.0,11.0,193.36363636363637,282.0,0.7340425531914894,10.016702846975107,0.09574468085106383,0.0,6.5,44.839111328125
989,2184.0,16.0,136.5,290.0,0.696551724137931,9.371461091753787,0.05517241379310345,0.0,6.520689655172414,59.511199951171875
990,1782.0,10.0,178.2,240.0,0.7208333333333333,8.557261738726197,0.029166666666666667,0.0,6.395833333333333,92.62889862060547
991,493.0,6.0,82.16666666666667,63.0,0.8888888888888888,17.620178571428596,0.07936507936507936,0.0,6.841269841269841,64.5740966796875
992,1538.0,10.0,153.8,188.0,0.8297872340425532,-3.817222222222199,0.0851063829787234,0.0,7.175531914893617,56.43266677856445
993,1502.0,9.0,166.88888888888889,204.0,0.7745098039215687,12.996617647058855,0.058823529411764705,0.0,6.333333333333333,64.25437927246094
994,1135.0,11.0,103.18181818181819,152.0,0.7960526315789473,24.63978890728478,0.07894736842105263,0.0,6.467105263157895,65.27974700927734
995,2260.0,13.0,173.84615384615384,312.0,0.6602564102564102,1.524755244755255,0.05448717948717949,0.0,6.198717948717949,54.24668884277344
996,1395.0,9.0,155.0,194.0,0.7835051546391752,12.585167525773215,0.06701030927835051,0.0,6.185567010309279,43.522335052490234
997,1689.0,9.0,187.66666666666666,238.0,0.7184873949579832,11.41937500000003,0.04201680672268908,0.0,6.0966386554621845,59.98458480834961
998,1771.0,9.0,196.77777777777777,234.0,0.7735042735042735,4.553448275862081,0.0811965811965812,0.0,6.572649572649572,59.41150665283203
999,2169.0,11.0,197.1818181818182,275.0,0.7709090909090909,-7.04124169741695,0.06909090909090909,0.0,6.872727272727273,48.996212005615234
1000,1697.0,13.0,130.53846153846155,224.0,0.7633928571428571,11.053157248157277,0.07589285714285714,0.0,6.575892857142857,48.42121124267578
1001,1012.0,10.0,101.2,130.0,0.8384615384615385,9.958504273504303,0.046153846153846156,0.0,6.792307692307692,72.29876708984375
1002,2104.0,11.0,191.27272727272728,274.0,0.7372262773722628,-2.616666666666646,0.06569343065693431,0.0,6.660583941605839,53.17002487182617
1003,1733.0,8.0,216.625,232.0,0.7198275862068966,8.006206896551731,0.08189655172413793,0.0,6.461206896551724,46.64944076538086
1004,1217.0,10.0,121.7,168.0,0.8095238095238095,27.249047619047644,0.041666666666666664,0.0,6.25,67.42823791503906
1005,1244.0,8.0,155.5,160.0,0.825,6.503750000000025,0.0375,0.0,6.78125,66.98762512207031
1006,2011.0,20.0,100.55,261.0,0.7509578544061303,14.452391076115532,0.06896551724137931,0.0,6.693486590038314,42.22941970825195
1007,2007.0,13.0,154.3846153846154,258.0,0.7325581395348837,8.72568181818184,0.07364341085271318,0.0,6.771317829457364,59.65020751953125
1008,2134.0,12.0,177.83333333333334,284.0,0.7359154929577465,3.2140909090909133,0.0528169014084507,0.0,6.507042253521127,55.51634216308594
1009,1291.0,9.0,143.44444444444446,176.0,0.8068181818181818,14.343636363636392,0.05113636363636364,0.0,6.340909090909091,66.14808654785156
1010,1472.0,11.0,133.8181818181818,208.0,0.7403846153846154,23.84415384615386,0.04326923076923077,0.0,6.0625,73.35747528076172
1011,1157.0,11.0,105.18181818181819,179.0,0.7932960893854749,41.093672316384186,0.0335195530726257,0.0,5.4692737430167595,88.64254760742188
1012,1129.0,7.0,161.28571428571428,159.0,0.8050314465408805,20.314858490566053,0.03773584905660377,0.0,6.1069182389937104,62.87646484375
1013,2155.0,9.0,239.44444444444446,266.0,0.7443609022556391,-22.803478773584857,0.09398496240601503,0.0,7.093984962406015,36.983680725097656
1014,1382.0,8.0,172.75,185.0,0.7405405405405405,9.438108108108139,0.05405405405405406,0.0,6.443243243243243,48.67621612548828
1015,1908.0,11.0,173.45454545454547,245.0,0.763265306122449,-1.2610578512396557,0.053061224489795916,0.0,6.783673469387755,54.76698684692383
1016,2004.0,10.0,200.4,258.0,0.751937984496124,-7.7115686274509585,0.08527131782945736,0.0,6.763565891472868,39.88822555541992
1017,1989.0,15.0,132.6,256.0,0.74609375,0.8277835208269835,0.04296875,0.0,6.76953125,43.884498596191406
1018,1498.0,9.0,166.44444444444446,208.0,0.7451923076923077,16.93923076923079,0.04807692307692308,0.0,6.206730769230769,58.727603912353516
1019,2024.0,13.0,155.69230769230768,258.0,0.7248062015503876,-6.829503171247353,0.05813953488372093,0.0,6.8062015503875966,57.972896575927734
1020,1419.0,11.0,129.0,206.0,0.7864077669902912,31.029000000000025,0.06796116504854369,0.0,5.883495145631068,52.96793746948242
1021,884.0,7.0,126.28571428571429,119.0,0.8403361344537815,18.215091036414577,0.10084033613445378,0.0,6.436974789915967,43.565364837646484
1022,1882.0,9.0,209.11111111111111,257.0,0.7159533073929961,2.191751482213448,0.06614785992217899,0.0,6.326848249027237,41.638954162597656
1023,2270.0,13.0,174.6153846153846,295.0,0.7389830508474576,1.9270776255708313,0.05084745762711865,0.0,6.671186440677966,66.51200103759766
1024,1956.0,11.0,177.8181818181818,250.0,0.76,-5.879637188208591,0.064,0.0,6.784,44.46897506713867
1025,1072.0,7.0,153.14285714285714,147.0,0.7619047619047619,19.098112244897976,0.047619047619047616,0.0,6.299319727891157,61.96201705932617
1026,1280.0,8.0,160.0,174.0,0.7528735632183908,0.7360344827586687,0.04597701149425287,0.0,6.362068965517241,56.23699951171875
1027,1208.0,9.0,134.22222222222223,156.0,0.8141025641025641,2.65788461538466,0.03205128205128205,0.0,6.75,62.93708801269531
1028,1532.0,8.0,191.5,193.0,0.7668393782383419,-9.63704663212431,0.07253886010362694,0.0,6.94300518134715,55.017555236816406
1029,1205.0,6.0,200.83333333333334,151.0,0.8344370860927153,0.41700000000003,0.046357615894039736,0.0,6.986754966887418,63.92905807495117
1030,1794.0,11.0,163.0909090909091,244.0,0.7295081967213115,6.779438016528957,0.036885245901639344,0.0,6.331967213114754,66.63190460205078
1031,1569.0,11.0,142.63636363636363,193.0,0.772020725388601,-7.801577432354634,0.046632124352331605,0.0,7.098445595854923,54.34366226196289
1032,2407.0,13.0,185.15384615384616,305.0,0.7639344262295082,5.60853949329362,0.08852459016393442,0.0,6.865573770491803,58.82634353637695
1033,1617.0,10.0,161.7,219.0,0.7579908675799086,12.936666666666696,0.0319634703196347,0.0,6.378995433789954,51.9570198059082
1034,1373.0,10.0,137.3,182.0,0.7912087912087912,15.714938949938983,0.04945054945054945,0.0,6.549450549450549,43.0520133972168
1035,2006.0,10.0,200.6,266.0,0.7330827067669173,5.727840434419392,0.10526315789473684,0.0,6.533834586466165,31.350688934326172
1036,980.0,8.0,122.5,122.0,0.8114754098360656,4.689262295081988,0.07377049180327869,0.0,7.040983606557377,61.970558166503906
1037,1857.0,14.0,132.64285714285714,236.0,0.7838983050847458,5.282561901617726,0.05084745762711865,0.0,6.834745762711864,65.60478973388672
1038,1413.0,10.0,141.3,191.0,0.7539267015706806,18.7520360674811,0.05235602094240838,0.0,6.371727748691099,54.9255485534668
1039,1365.0,18.0,75.83333333333333,191.0,0.7696335078534031,33.30653846153848,0.08376963350785341,0.0,6.151832460732984,51.652523040771484
1040,1077.0,7.0,153.85714285714286,141.0,0.8439716312056738,13.182500000000033,0.07801418439716312,0.0,6.6453900709219855,54.23616409301758
1041,2239.0,12.0,186.58333333333334,293.0,0.7372013651877133,4.969203373945646,0.05802047781569966,0.0,6.597269624573379,56.1518440246582
1042,2045.0,15.0,136.33333333333334,271.0,0.7195571955719557,16.441729323308294,0.04428044280442804,0.0,6.516605166051661,58.48171615600586
1043,1373.0,11.0,124.81818181818181,192.0,0.7239583333333334,24.731250000000045,0.052083333333333336,0.0,6.151041666666667,58.32807159423828
1044,1860.0,12.0,155.0,240.0,0.7041666666666667,7.734545454545469,0.05416666666666667,0.0,6.741666666666666,58.51814651489258
1045,1588.0,8.0,198.5,205.0,0.7902439024390244,-7.771951219512175,0.11219512195121951,0.0,6.736585365853658,53.40011215209961
1046,1976.0,10.0,197.6,271.0,0.7195571955719557,6.983279636513885,0.04797047970479705,0.0,6.273062730627307,57.050086975097656
1047,970.0,7.0,138.57142857142858,136.0,0.8455882352941176,22.093039215686304,0.04411764705882353,0.0,6.139705882352941,68.1064682006836
1048,1198.0,12.0,99.83333333333333,155.0,0.8258064516129032,11.075421052631583,0.06451612903225806,0.0,6.735483870967742,62.746421813964844
1049,1960.0,17.0,115.29411764705883,269.0,0.724907063197026,24.83410447761196,0.06691449814126393,0.0,6.278810408921933,35.5759162902832
1050,1794.0,10.0,179.4,240.0,0.7583333333333333,-0.2254388422035163,0.04583333333333333,0.0,6.479166666666667,65.76725006103516
1051,2167.0,15.0,144.46666666666667,300.0,0.7366666666666667,21.54392307692308,0.056666666666666664,0.0,6.196666666666666,63.03256607055664
1052,1234.0,9.0,137.11111111111111,162.0,0.7839506172839507,15.748750000000058,0.037037037037037035,0.0,6.6234567901234565,91.44332885742188
1053,1695.0,10.0,169.5,220.0,0.7545454545454545,3.2791324200913436,0.05909090909090909,0.0,6.672727272727273,94.27661895751953
1054,1254.0,7.0,179.14285714285714,166.0,0.7771084337349398,2.41839357429717,0.04216867469879518,0.0,6.5602409638554215,41.792598724365234
1055,1119.0,7.0,159.85714285714286,150.0,0.8333333333333334,9.440000000000026,0.06,0.0,6.466666666666667,34.78306579589844
1056,2106.0,10.0,210.6,275.0,0.7127272727272728,5.297216117216152,0.09454545454545454,0.0,6.632727272727273,39.16989517211914
1057,1208.0,10.0,120.8,168.0,0.7916666666666666,14.581056578050465,0.041666666666666664,0.0,6.196428571428571,58.79314041137695
1058,2420.0,19.0,127.36842105263158,313.0,0.744408945686901,6.585746131921837,0.11182108626198083,0.0,6.715654952076678,42.64044952392578
1059,1498.0,11.0,136.1818181818182,225.0,0.72,29.09056880733945,0.04888888888888889,0.0,5.662222222222222,57.08440017700195
1060,1498.0,10.0,149.8,192.0,0.765625,-7.812083333333305,0.057291666666666664,0.0,6.807291666666667,39.00270462036133
1061,2209.0,15.0,147.26666666666668,290.0,0.7103448275862069,5.113510537905029,0.03793103448275862,0.0,6.606896551724138,60.517234802246094
1062,1199.0,8.0,149.875,146.0,0.8493150684931506,-6.133630136986255,0.04794520547945205,0.0,7.219178082191781,76.40213012695312
1063,1384.0,7.0,197.71428571428572,169.0,0.7810650887573964,-18.48671104536487,0.05325443786982249,0.0,7.195266272189349,55.21250534057617
1064,1317.0,9.0,146.33333333333334,160.0,0.775,-10.688749999999942,0.0375,0.0,7.2375,73.46336364746094
1065,2109.0,13.0,162.23076923076923,268.0,0.7350746268656716,-5.356161995898816,0.05223880597014925,0.0,6.865671641791045,41.548404693603516
1066,1790.0,13.0,137.69230769230768,248.0,0.7338709677419355,16.73310185185187,0.07258064516129033,0.0,6.173387096774194,42.737579345703125
1067,1405.0,15.0,93.66666666666667,183.0,0.7650273224043715,23.221155737704947,0.07103825136612021,0.0,6.683060109289618,62.77685546875
1068,2137.0,14.0,152.64285714285714,282.0,0.7411347517730497,6.570037605294829,0.05319148936170213,0.0,6.570921985815603,43.428184509277344
1069,1281.0,8.0,160.125,167.0,0.7964071856287425,3.2882634730539166,0.04790419161676647,0.0,6.676646706586826,51.40635681152344
1070,1156.0,6.0,192.66666666666666,166.0,0.7108433734939759,5.465915662650616,0.04819277108433735,0.0,5.969879518072289,63.21756362915039
1071,1441.0,11.0,131.0,188.0,0.7978723404255319,6.592614379084978,0.0851063829787234,0.0,6.670212765957447,62.94114303588867
1072,922.0,8.0,115.25,123.0,0.7967479674796748,9.543360655737757,0.056910569105691054,0.0,6.504065040650406,43.43198776245117
1073,1169.0,8.0,146.125,164.0,0.7621951219512195,26.751341463414633,0.036585365853658534,0.0,6.134146341463414,50.691810607910156
1074,1870.0,10.0,187.0,233.0,0.7811158798283262,-10.756926406926368,0.0944206008583691,0.0,6.991416309012876,38.71864700317383
1075,981.0,5.0,196.2,133.0,0.8270676691729323,5.7945206766917465,0.045112781954887216,0.0,6.383458646616542,56.18291091918945
1076,1455.0,8.0,181.875,189.0,0.7671957671957672,-3.198571428571398,0.08994708994708994,0.0,6.703703703703703,40.41648864746094
1077,1646.0,16.0,102.875,219.0,0.817351598173516,24.6734190031153,0.0502283105022831,0.0,6.4840182648401825,56.732666015625
1078,1463.0,11.0,133.0,176.0,0.8125,-0.9149285714285327,0.0625,0.0,7.318181818181818,83.64362335205078
1079,1913.0,13.0,147.15384615384616,239.0,0.7531380753138075,-0.3217074102368258,0.0502092050209205,0.0,7.00836820083682,77.22925567626953
1080,2033.0,10.0,203.3,286.0,0.6853146853146853,8.231666666666712,0.045454545454545456,0.0,6.080419580419581,48.03163528442383
1081,1750.0,8.0,218.75,215.0,0.7813953488372093,-19.116744186046475,0.07906976744186046,0.0,7.144186046511628,39.29549789428711
1082,2365.0,14.0,168.92857142857142,319.0,0.6896551724137931,5.145183207959263,0.034482758620689655,0.0,6.407523510971787,52.80229568481445
1083,1537.0,12.0,128.08333333333334,200.0,0.8,14.30397323488694,0.075,0.0,6.66,63.983341217041016
1084,1299.0,9.0,144.33333333333334,174.0,0.7988505747126436,-2.4309051724137305,0.028735632183908046,0.0,6.471264367816092,46.5916633605957
1085,1849.0,9.0,205.44444444444446,243.0,0.7489711934156379,5.532902892562021,0.04938271604938271,0.0,6.584362139917696,66.43156433105469
1086,1156.0,10.0,115.6,159.0,0.8364779874213837,20.8869971870605,0.050314465408805034,0.0,6.251572327044025,58.7277717590332
1087,1031.0,8.0,128.875,130.0,0.8384615384615385,9.092790697674417,0.08461538461538462,0.0,6.938461538461539,123.9921875
1088,1380.0,8.0,172.5,177.0,0.7909604519774012,7.6683050847458105,0.06779661016949153,0.0,6.790960451977401,46.74308395385742
1089,1670.0,14.0,119.28571428571429,220.0,0.7545454545454545,18.662606589147288,0.05454545454545454,0.0,6.595454545454546,87.21635437011719
1090,2122.0,12.0,176.83333333333334,283.0,0.6784452296819788,4.6461998072599044,0.045936395759717315,0.0,6.4946996466431095,53.59537124633789
1091,2396.0,16.0,149.75,304.0,0.7828947368421053,-2.4566029900332182,0.0756578947368421,0.0,6.871710526315789,49.606964111328125
1092,2110.0,13.0,162.30769230769232,276.0,0.7101449275362319,3.3438381995134137,0.07246376811594203,0.0,6.615942028985507,63.390132904052734
1093,1718.0,9.0,190.88888888888889,230.0,0.7478260869565218,1.465054347826083,0.0782608695652174,0.0,6.434782608695652,31.10004997253418
1094,2060.0,11.0,187.27272727272728,252.0,0.7341269841269841,-11.934999999999974,0.05555555555555555,0.0,7.178571428571429,47.37395095825195
1095,2264.0,15.0,150.93333333333334,307.0,0.7263843648208469,11.639221311475467,0.03257328990228013,0.0,6.368078175895765,51.3499755859375
1096,1400.0,9.0,155.55555555555554,191.0,0.7382198952879581,7.643759816753942,0.05759162303664921,0.0,6.335078534031414,51.935062408447266
1097,1400.0,11.0,127.27272727272727,162.0,0.8518518518518519,-16.14611111111111,0.09876543209876543,0.0,7.648148148148148,77.83145904541016
1098,1644.0,9.0,182.66666666666666,222.0,0.7297297297297297,9.33795454545458,0.05405405405405406,0.0,6.378378378378378,92.41876220703125
1099,2045.0,14.0,146.07142857142858,277.0,0.7292418772563177,16.311721411192252,0.07220216606498195,0.0,6.353790613718411,60.54136276245117
1100,1644.0,15.0,109.6,210.0,0.8142857142857143,2.1465570175438415,0.05238095238095238,0.0,6.833333333333333,63.03683090209961
1101,1552.0,13.0,119.38461538461539,226.0,0.7168141592920354,23.34668834080719,0.035398230088495575,0.0,5.849557522123894,35.28432846069336
1102,2271.0,13.0,174.69230769230768,297.0,0.734006734006734,2.09793528505395,0.050505050505050504,0.0,6.622895622895623,47.4341926574707
1103,1005.0,6.0,167.5,138.0,0.782608695652174,7.7818695652173915,0.043478260869565216,0.0,6.2898550724637685,76.58556365966797
1104,1142.0,7.0,163.14285714285714,152.0,0.8289473684210527,9.695350877193022,0.09868421052631579,0.0,6.519736842105263,59.997657775878906
1105,1942.0,15.0,129.46666666666667,250.0,0.788,11.398665430954594,0.088,0.0,6.764,49.56507873535156
1106,814.0,5.0,162.8,96.0,0.8645833333333334,-18.530197368421,0.0625,0.0,7.489583333333333,56.56896209716797
1107,1337.0,9.0,148.55555555555554,171.0,0.8070175438596491,7.892631578947402,0.05847953216374269,0.0,6.824561403508772,58.29629135131836
1108,1921.0,14.0,137.21428571428572,252.0,0.7658730158730159,17.07868691899074,0.07539682539682539,0.0,6.603174603174603,57.69932174682617
1109,1916.0,13.0,147.3846153846154,266.0,0.7330827067669173,10.94801029159521,0.041353383458646614,0.0,6.184210526315789,67.83393096923828
1110,929.0,6.0,154.83333333333334,118.0,0.8050847457627118,2.2098135593220434,0.059322033898305086,0.0,6.88135593220339,47.92588806152344
1111,2203.0,15.0,146.86666666666667,296.0,0.7128378378378378,7.303661749209709,0.06418918918918919,0.0,6.4358108108108105,53.54113006591797
1112,1294.0,8.0,161.75,163.0,0.803680981595092,-0.5325153374232627,0.0736196319018405,0.0,6.920245398773006,49.34852600097656
1113,905.0,6.0,150.83333333333334,125.0,0.84,21.73520000000002,0.048,0.0,6.248,52.32975387573242
1114,2120.0,12.0,176.66666666666666,305.0,0.7081967213114754,16.60642404107523,0.07213114754098361,0.0,5.947540983606557,35.859825134277344
1115,2019.0,13.0,155.30769230769232,278.0,0.7194244604316546,19.100003281916656,0.050359712230215826,0.0,6.233812949640288,59.348480224609375
1116,1330.0,10.0,133.0,174.0,0.8045977011494253,15.094425287356358,0.05747126436781609,0.0,6.649425287356322,64.10807037353516
1117,2369.0,17.0,139.35294117647058,281.0,0.7651245551601423,-15.951538461538433,0.11743772241992882,0.0,7.423487544483986,42.306434631347656
1118,1036.0,8.0,129.5,142.0,0.7394366197183099,13.470352112676068,0.04225352112676056,0.0,6.302816901408451,60.823543548583984
1119,2073.0,19.0,109.10526315789474,278.0,0.7266187050359713,14.313500000000005,0.0683453237410072,0.0,6.39568345323741,44.51395034790039
1120,518.0,5.0,103.6,74.0,0.8783783783783784,20.000743243243278,0.02702702702702703,0.0,6.013513513513513,58.621036529541016
1121,1995.0,13.0,153.46153846153845,267.0,0.7228464419475655,2.7000000000000455,0.0449438202247191,0.0,6.449438202247191,58.56565856933594
1122,1163.0,9.0,129.22222222222223,152.0,0.8223684210526315,9.016821192052987,0.05263157894736842,0.0,6.657894736842105,53.36021041870117
1123,1906.0,14.0,136.14285714285714,244.0,0.7418032786885246,2.8578855463347566,0.06147540983606557,0.0,6.807377049180328,58.93109130859375
1124,1436.0,8.0,179.5,185.0,0.7621621621621621,1.2067567567567608,0.05405405405405406,0.0,6.718918918918919,53.5134162902832
1125,2304.0,19.0,121.26315789473684,308.0,0.7077922077922078,3.5855788934426585,0.05519480519480519,0.0,6.454545454545454,50.638526916503906
1126,1816.0,14.0,129.71428571428572,241.0,0.7136929460580913,9.099751131221723,0.08298755186721991,0.0,6.518672199170124,50.195987701416016
1127,1938.0,17.0,114.0,253.0,0.7312252964426877,12.742000000000019,0.07509881422924901,0.0,6.648221343873518,46.88053512573242
1128,1444.0,10.0,144.4,198.0,0.7626262626262627,5.540620417371741,0.07575757575757576,0.0,6.297979797979798,48.93252944946289
1129,1631.0,11.0,148.27272727272728,230.0,0.691304347826087,23.62730786026202,0.043478260869565216,0.0,6.086956521739131,38.90343475341797
1130,2055.0,12.0,171.25,256.0,0.76171875,-15.089839572192489,0.09765625,0.0,7.0234375,42.44588851928711
1131,1976.0,17.0,116.23529411764706,257.0,0.7509727626459144,6.966583665338675,0.038910505836575876,0.0,6.684824902723736,40.02914047241211
1132,1664.0,9.0,184.88888888888889,217.0,0.7096774193548387,-9.779824308755735,0.11981566820276497,0.0,6.658986175115207,36.773468017578125
1133,1271.0,8.0,158.875,175.0,0.8171428571428572,13.226857142857142,0.045714285714285714,0.0,6.268571428571429,77.11922454833984
1134,2178.0,21.0,103.71428571428571,300.0,0.7366666666666667,19.429121621621647,0.05333333333333334,0.0,6.233333333333333,43.613162994384766
1135,1400.0,13.0,107.6923076923077,194.0,0.7319587628865979,18.239181342218018,0.061855670103092786,0.0,6.211340206185567,60.22222900390625
1136,2014.0,11.0,183.0909090909091,272.0,0.7352941176470589,0.20333333333334735,0.04779411764705882,0.0,6.397058823529412,55.21706008911133
1137,2164.0,15.0,144.26666666666668,287.0,0.7317073170731707,8.741905655320323,0.0627177700348432,0.0,6.536585365853658,77.84396362304688
1138,1755.0,13.0,135.0,227.0,0.7709251101321586,13.643832042397094,0.06167400881057269,0.0,6.726872246696035,76.54324340820312
1139,2102.0,16.0,131.375,271.0,0.7195571955719557,7.154230769230793,0.08856088560885608,0.0,6.752767527675276,40.02886962890625
1140,1096.0,8.0,137.0,159.0,0.7421383647798742,22.029056603773597,0.031446540880503145,0.0,5.89937106918239,48.987266540527344
1141,1502.0,8.0,187.75,202.0,0.7871287128712872,8.069104477611944,0.04950495049504951,0.0,6.410891089108911,57.20361328125
1142,1985.0,10.0,198.5,264.0,0.6931818181818182,6.465709995710029,0.07575757575757576,0.0,6.4772727272727275,45.703975677490234
1143,1521.0,14.0,108.64285714285714,205.0,0.775609756097561,14.514405487804908,0.05365853658536585,0.0,6.414634146341464,50.866764068603516
1144,1253.0,7.0,179.0,165.0,0.8363636363636363,3.569772727272749,0.048484848484848485,0.0,6.6,68.08231353759766
1145,1386.0,8.0,173.25,179.0,0.8044692737430168,-4.38927374301673,0.05027932960893855,0.0,6.726256983240224,95.31635284423828
1146,2052.0,16.0,128.25,282.0,0.7446808510638298,16.398913043478274,0.04964539007092199,0.0,6.2695035460992905,41.35746383666992
1147,2107.0,11.0,191.54545454545453,287.0,0.7073170731707317,1.659704225352158,0.04529616724738676,0.0,6.334494773519164,55.479820251464844
1148,1030.0,7.0,147.14285714285714,137.0,0.8175182481751825,5.196392944038962,0.051094890510948905,0.0,6.525547445255475,55.08491134643555
1149,1550.0,15.0,103.33333333333333,217.0,0.7419354838709677,27.63357293868924,0.07373271889400922,0.009216589861751152,6.1336405529953915,36.125404357910156
1150,1812.0,13.0,139.3846153846154,252.0,0.7142857142857143,13.375129870129882,0.051587301587301584,0.0,6.158730158730159,59.364837646484375
1151,1595.0,13.0,122.6923076923077,214.0,0.7663551401869159,11.289219554030922,0.06074766355140187,0.0,6.457943925233645,57.77001953125
1152,1192.0,8.0,149.0,151.0,0.8410596026490066,6.2154966887417515,0.08609271523178808,0.0,6.900662251655629,64.10816192626953
1153,1655.0,9.0,183.88888888888889,204.0,0.7696078431372549,-16.032794117647057,0.05392156862745098,0.0,7.112745098039215,65.09796905517578
1154,2406.0,13.0,185.07692307692307,298.0,0.7684563758389261,-10.540663265306108,0.053691275167785234,0.0,7.063758389261745,65.85562133789062
1155,908.0,6.0,151.33333333333334,117.0,0.8717948717948718,8.822461538461567,0.07692307692307693,0.0,6.769230769230769,70.78292846679688
1156,1905.0,11.0,173.1818181818182,248.0,0.6854838709677419,2.348926829268322,0.056451612903225805,0.0,6.67741935483871,62.450347900390625
1157,1506.0,9.0,167.33333333333334,196.0,0.8316326530612245,3.2715816326530955,0.11734693877551021,0.0,6.688775510204081,56.44541931152344
1158,1986.0,14.0,141.85714285714286,266.0,0.7255639097744361,7.186363636363694,0.045112781954887216,0.0,6.462406015037594,67.1050796508789
1159,2119.0,15.0,141.26666666666668,285.0,0.7263157894736842,16.08943610129566,0.0912280701754386,0.0,6.431578947368421,42.59159851074219
1160,1412.0,11.0,128.36363636363637,182.0,0.7692307692307693,1.5283653846153982,0.054945054945054944,0.0,6.763736263736264,48.28356170654297
1161,1951.0,16.0,121.9375,252.0,0.753968253968254,6.881043956043982,0.1111111111111111,0.0,6.714285714285714,51.54957580566406
1162,2286.0,13.0,175.84615384615384,307.0,0.6872964169381107,3.181911764705916,0.03908794788273615,0.0,6.4397394136807815,71.41980743408203
1163,1507.0,8.0,188.375,188.0,0.7712765957446809,-6.724999999999966,0.047872340425531915,0.0,7.0212765957446805,48.80393600463867
1164,1649.0,9.0,183.22222222222223,212.0,0.7877358490566038,2.2128618421052977,0.1179245283018868,0.0,6.783018867924528,52.46257019042969
1165,1057.0,8.0,132.125,144.0,0.8194444444444444,17.34250000000003,0.0763888888888889,0.0,6.340277777777778,63.800697326660156
1166,2259.0,24.0,94.125,276.0,0.7427536231884058,8.616464147702914,0.057971014492753624,0.0,7.134057971014493,40.83257293701172
1167,1659.0,10.0,165.9,221.0,0.8099547511312217,3.3790022935780257,0.07239819004524888,0.0,6.506787330316742,66.9537124633789
1168,1498.0,11.0,136.1818181818182,204.0,0.7843137254901961,21.02155970149255,0.04411764705882353,0.0,6.294117647058823,67.60411834716797
1169,1867.0,14.0,133.35714285714286,258.0,0.7403100775193798,18.47487477638643,0.06976744186046512,0.0,6.232558139534884,40.81276321411133
1170,1135.0,7.0,162.14285714285714,140.0,0.8642857142857143,-2.364047619047625,0.07142857142857142,0.0,7.114285714285714,73.50288391113281
1171,758.0,11.0,68.9090909090909,79.0,0.8481012658227848,-15.883012658227841,0.0379746835443038,0.0,8.60759493670886,25.61994743347168
1172,981.0,5.0,196.2,139.0,0.7841726618705036,6.015548561151121,0.04316546762589928,0.0,6.0647482014388485,51.680240631103516
1173,1958.0,11.0,178.0,251.0,0.7250996015936255,4.54704216867475,0.0398406374501992,0.0,6.796812749003984,54.624244689941406
1174,1263.0,12.0,105.25,167.0,0.8323353293413174,19.307697937458443,0.029940119760479042,0.0,6.568862275449102,74.35562896728516
1175,1110.0,9.0,123.33333333333333,156.0,0.8269230769230769,27.24808467741937,0.07692307692307693,0.0,6.102564102564102,80.91376495361328
1176,1188.0,8.0,148.5,144.0,0.8819444444444444,-7.919999999999959,0.06944444444444445,0.0,7.256944444444445,83.55520629882812
1177,1150.0,7.0,164.28571428571428,153.0,0.7450980392156863,0.6936764705882581,0.05228758169934641,0.0,6.522875816993464,82.579833984375
1178,1282.0,7.0,183.14285714285714,172.0,0.7441860465116279,9.03019379844963,0.05232558139534884,0.0,6.453488372093023,30.18001937866211
1179,2202.0,10.0,220.2,282.0,0.6808510638297872,-14.52815342032423,0.0673758865248227,0.0,6.804964539007092,46.74919891357422
1180,1536.0,11.0,139.63636363636363,204.0,0.7598039215686274,3.7300198019802338,0.049019607843137254,0.0,6.534313725490196,62.15703201293945
1181,1921.0,11.0,174.63636363636363,250.0,0.784,2.5702580645161675,0.092,0.0,6.676,50.68422317504883
1182,1895.0,9.0,210.55555555555554,250.0,0.74,-4.844477040816287,0.068,0.0,6.532,42.28355026245117
1183,1917.0,10.0,191.7,249.0,0.7349397590361446,1.2161358524516288,0.05220883534136546,0.0,6.6546184738955825,44.16171646118164
1184,1793.0,12.0,149.41666666666666,236.0,0.7542372881355932,12.350909090909113,0.05084745762711865,0.0,6.601694915254237,80.72686004638672
1185,1028.0,7.0,146.85714285714286,132.0,0.8333333333333334,-1.999545454545455,0.022727272727272728,0.0,6.795454545454546,49.09605026245117
1186,2139.0,16.0,133.6875,279.0,0.7670250896057348,8.56703030303035,0.03942652329749104,0.0,6.648745519713262,43.486572265625
1187,1355.0,9.0,150.55555555555554,175.0,0.7657142857142857,-1.275999999999982,0.05714285714285714,0.0,6.748571428571428,76.26461029052734
1188,1450.0,9.0,161.11111111111111,176.0,0.7954545454545454,-9.209772727272707,0.07386363636363637,0.0,7.238636363636363,44.961952209472656
1189,1687.0,11.0,153.36363636363637,237.0,0.6919831223628692,13.422500000000014,0.05485232067510549,0.0,6.063291139240507,54.22769546508789
1190,1140.0,6.0,190.0,157.0,0.7388535031847133,5.424692307692311,0.03821656050955414,0.0,6.267515923566879,37.42374801635742
1191,1821.0,9.0,202.33333333333334,250.0,0.728,2.2969207317073312,0.036,0.0,6.28,50.37078857421875
1192,2092.0,16.0,130.75,287.0,0.7386759581881533,20.352962703962703,0.06968641114982578,0.0,6.2822299651567945,63.534053802490234
1193,1614.0,12.0,134.5,226.0,0.7300884955752213,20.061500000000024,0.05309734513274336,0.0,6.146017699115045,77.16230773925781
1194,1813.0,13.0,139.46153846153845,244.0,0.7418032786885246,11.922031680440796,0.05327868852459016,0.0,6.409836065573771,68.10456085205078
1195,1127.0,7.0,161.0,151.0,0.8145695364238411,4.807389624724067,0.052980132450331126,0.0,6.470198675496689,74.19402313232422
1196,1144.0,7.0,163.42857142857142,153.0,0.8431372549019608,14.517205882352982,0.0457516339869281,0.0,6.4640522875816995,96.5083236694336
1197,1787.0,17.0,105.11764705882354,238.0,0.7689075630252101,24.384625080801555,0.05042016806722689,0.0,6.474789915966387,56.37371063232422
1198,2240.0,14.0,160.0,289.0,0.754325259515571,-2.881249999999966,0.05536332179930796,0.0,6.743944636678201,44.214656829833984
1199,1642.0,8.0,205.25,206.0,0.7912621359223301,-5.787427184466026,0.12135922330097088,0.0,6.946601941747573,40.95685577392578
1200,1858.0,12.0,154.83333333333334,240.0,0.75,10.278840336134465,0.0375,0.0,6.720833333333333,68.93611145019531
1201,2434.0,19.0,128.10526315789474,327.0,0.7003058103975535,17.465487179487184,0.07339449541284404,0.0,6.437308868501529,47.08544921875
1202,2329.0,18.0,129.38888888888889,299.0,0.7290969899665551,16.176612612612615,0.056856187290969896,0.0,6.752508361204013,39.474510192871094
1203,1377.0,11.0,125.18181818181819,193.0,0.772020725388601,21.231375000000014,0.05181347150259067,0.0,6.108808290155441,59.77936935424805
1204,1403.0,8.0,175.375,187.0,0.8021390374331551,5.091122994652437,0.0748663101604278,0.0,6.508021390374331,47.308624267578125
1205,1905.0,12.0,158.75,246.0,0.8211382113821138,-1.090097560975579,0.04878048780487805,0.0,6.711382113821138,70.89287567138672
1206,1503.0,13.0,115.61538461538461,211.0,0.7819905213270142,19.063441558441582,0.04739336492890995,0.0,6.118483412322274,73.6119384765625
1207,1089.0,7.0,155.57142857142858,167.0,0.8023952095808383,37.246442115768474,0.05389221556886228,0.0,5.526946107784431,60.47359085083008
1208,1368.0,14.0,97.71428571428571,186.0,0.7741935483870968,19.62830645161293,0.07526881720430108,0.0,6.360215053763441,62.317317962646484
1209,1056.0,8.0,132.0,150.0,0.8133333333333334,19.81037472035794,0.08,0.0,6.046666666666667,43.538536071777344
1210,1690.0,9.0,187.77777777777777,225.0,0.7422222222222222,9.592678571428621,0.06222222222222222,0.0,6.502222222222223,65.72652435302734
1211,1912.0,9.0,212.44444444444446,257.0,0.7276264591439688,5.028125000000017,0.07003891050583658,0.0,6.416342412451362,43.28165054321289
1212,950.0,8.0,118.75,133.0,0.8045112781954887,26.619172932330855,0.06766917293233082,0.0,6.150375939849624,68.48815155029297
1213,1128.0,7.0,161.14285714285714,136.0,0.7720588235294118,-12.742254901960763,0.10294117647058823,0.0,7.279411764705882,49.7611083984375
1214,2155.0,10.0,215.5,273.0,0.6959706959706959,-13.915970695970657,0.040293040293040296,0.0,6.868131868131868,51.217166900634766
1215,1627.0,12.0,135.58333333333334,208.0,0.7788461538461539,3.9949320388349747,0.0625,0.0,6.783653846153846,63.45112991333008
1216,1652.0,10.0,165.2,235.0,0.7446808510638298,19.412222222222255,0.0425531914893617,0.0,5.995744680851064,67.05994415283203
1217,1729.0,12.0,144.08333333333334,230.0,0.782608695652174,9.79140316205536,0.05652173913043478,0.0,6.495652173913044,71.04505157470703
1218,1522.0,12.0,126.83333333333333,204.0,0.7450980392156863,23.37312834224602,0.0392156862745098,0.0,6.465686274509804,48.31361770629883
1219,1742.0,10.0,174.2,238.0,0.680672268907563,11.620590717299592,0.058823529411764705,0.0,6.2899159663865545,88.11581420898438
1220,939.0,9.0,104.33333333333333,131.0,0.732824427480916,29.40979484732827,0.06870229007633588,0.0,6.175572519083969,86.00474548339844
1221,1353.0,9.0,150.33333333333334,189.0,0.7619047619047619,16.341339285714298,0.047619047619047616,0.0,6.164021164021164,60.521881103515625
1222,1295.0,8.0,161.875,178.0,0.7696629213483146,18.954213483146106,0.056179775280898875,0.0,6.280898876404494,43.75574493408203
1223,1464.0,9.0,162.66666666666666,198.0,0.7474747474747475,4.3955681818181915,0.045454545454545456,0.0,6.398989898989899,61.45731735229492
1224,1471.0,8.0,183.875,197.0,0.7715736040609137,9.928883248730983,0.04060913705583756,0.0,6.461928934010152,36.4403190612793
1225,1032.0,7.0,147.42857142857142,138.0,0.8260869565217391,16.7421739130435,0.07246376811594203,0.0,6.4855072463768115,80.4151611328125
1226,905.0,7.0,129.28571428571428,121.0,0.7768595041322314,19.26335399449036,0.04132231404958678,0.0,6.487603305785124,82.11699676513672
1227,1980.0,22.0,90.0,269.0,0.7732342007434945,24.32214074512126,0.07063197026022305,0.0,6.319702602230484,47.88898849487305
1228,2444.0,14.0,174.57142857142858,306.0,0.7058823529411765,-0.8497267206477659,0.05555555555555555,0.0,6.980392156862745,31.507688522338867
1229,2228.0,19.0,117.26315789473684,288.0,0.7534722222222222,10.887228438228448,0.0625,0.0,6.732638888888889,56.974647521972656
1230,1315.0,11.0,119.54545454545455,190.0,0.7421052631578947,24.40300000000002,0.05789473684210526,0.0,5.91578947368421,49.496429443359375
1231,2065.0,15.0,137.66666666666666,268.0,0.7649253731343284,11.836690856313538,0.0708955223880597,0.0,6.701492537313433,58.7864990234375
1232,2316.0,15.0,154.4,297.0,0.7609427609427609,8.094442090395518,0.1447811447811448,0.0,6.7912457912457915,55.91809844970703
1233,2156.0,14.0,154.0,278.0,0.6906474820143885,6.991310606060637,0.05755395683453238,0.0,6.751798561151079,46.618553161621094
1234,2338.0,18.0,129.88888888888889,333.0,0.6876876876876877,28.12318181818182,0.024024024024024024,0.0,6.015015015015015,41.85849380493164
1235,2270.0,15.0,151.33333333333334,305.0,0.7016393442622951,10.770390920554888,0.10163934426229508,0.0,6.436065573770492,33.09762954711914
1236,1660.0,14.0,118.57142857142857,225.0,0.8,12.815513513513537,0.057777777777777775,0.0,6.3822222222222225,80.91777801513672
1237,994.0,6.0,165.66666666666666,127.0,0.8267716535433071,-0.8026929133858403,0.03937007874015748,0.0,6.834645669291339,49.44012451171875
1238,2008.0,15.0,133.86666666666667,261.0,0.7509578544061303,12.533430232558175,0.06896551724137931,0.0,6.674329501915709,54.576210021972656
1239,1514.0,10.0,151.4,199.0,0.7889447236180904,9.750454545454545,0.035175879396984924,0.0,6.613065326633166,60.92551803588867
1240,2349.0,16.0,146.8125,308.0,0.7142857142857143,9.644117647058835,0.06818181818181818,0.0,6.616883116883117,38.740989685058594
1241,1299.0,9.0,144.33333333333334,175.0,0.7771428571428571,14.218572976878647,0.05142857142857143,0.0,6.394285714285714,52.876068115234375
1242,2247.0,17.0,132.1764705882353,301.0,0.6910299003322259,11.373000000000019,0.06312292358803986,0.0,6.425249169435216,56.319061279296875
1243,1870.0,9.0,207.77777777777777,240.0,0.7708333333333334,2.250000000000057,0.0625,0.0,6.783333333333333,62.305076599121094
1244,975.0,7.0,139.28571428571428,135.0,0.7777777777777778,15.424166666666679,0.037037037037037035,0.0,6.229629629629629,32.6122932434082
1245,2145.0,13.0,165.0,281.0,0.7330960854092526,3.942922077922077,0.060498220640569395,0.0,6.612099644128114,43.507537841796875
1246,1232.0,7.0,176.0,157.0,0.8535031847133758,-1.3177972399150804,0.08280254777070063,0.0,6.834394904458598,71.36588287353516
1247,1906.0,11.0,173.27272727272728,258.0,0.7635658914728682,13.293049407114637,0.05813953488372093,0.0,6.383720930232558,55.73667907714844
1248,1425.0,9.0,158.33333333333334,175.0,0.7942857142857143,-5.834353448275834,0.08571428571428572,0.0,7.137142857142857,48.280662536621094
1249,1770.0,13.0,136.15384615384616,226.0,0.7699115044247787,1.2198938053097663,0.06637168141592921,0.0,6.836283185840708,66.48471069335938
1250,2206.0,19.0,116.10526315789474,304.0,0.7467105263157895,18.48329372808726,0.05592105263157895,0.0,6.25,58.06887435913086
1251,1100.0,7.0,157.14285714285714,143.0,0.7692307692307693,5.753257575757601,0.06993006993006994,0.0,6.699300699300699,69.45862579345703
1252,1384.0,8.0,173.0,186.0,0.7741935483870968,7.935967741935514,0.043010752688172046,0.0,6.446236559139785,75.72930908203125
1253,2161.0,23.0,93.95652173913044,277.0,0.7256317689530686,8.925223271790514,0.07942238267148015,0.0,6.794223826714801,60.17957305908203
1254,2284.0,12.0,190.33333333333334,305.0,0.6885245901639344,-0.771132637853924,0.04918032786885246,0.0,6.462295081967213,58.385196685791016
1255,1578.0,12.0,131.5,225.0,0.7333333333333333,22.723621621621646,0.07111111111111111,0.0,6.017777777777778,61.281211853027344
1256,2194.0,13.0,168.76923076923077,285.0,0.7228070175438597,-4.0985167464114625,0.06315789473684211,0.0,6.698245614035088,39.9900016784668
1257,1187.0,8.0,148.375,162.0,0.808641975308642,14.667222222222222,0.06790123456790123,0.0,6.333333333333333,56.40312957763672
1258,1559.0,9.0,173.22222222222223,204.0,0.7843137254901961,4.702500000000015,0.06862745098039216,0.0,6.622549019607843,66.32223510742188
1259,1805.0,15.0,120.33333333333333,241.0,0.7178423236514523,11.006923076923101,0.06224066390041494,0.0,6.481327800829876,48.26387023925781
1260,1269.0,7.0,181.28571428571428,164.0,0.7865853658536586,-3.5205284552845626,0.06707317073170732,0.0,6.7439024390243905,65.5689468383789
1261,2148.0,17.0,126.3529411764706,281.0,0.7402135231316725,12.14774725274728,0.099644128113879,0.0,6.640569395017794,43.62711715698242
1262,1304.0,13.0,100.3076923076923,174.0,0.7701149425287356,18.541637931034472,0.05747126436781609,0.0,6.477011494252873,45.55757522583008
1263,2398.0,15.0,159.86666666666667,321.0,0.7009345794392523,17.506415094339644,0.056074766355140186,0.0,6.464174454828661,45.78217315673828
1264,1487.0,9.0,165.22222222222223,191.0,0.7801047120418848,0.5568488219895471,0.09947643979057591,0.0,6.7591623036649215,38.57976150512695
1265,746.0,7.0,106.57142857142857,110.0,0.7818181818181819,20.56484848484851,0.0,0.0,5.790909090909091,40.41276168823242
1266,915.0,6.0,152.5,117.0,0.8717948717948718,0.8686153846153957,0.05128205128205128,0.0,6.829059829059829,75.35205841064453
1267,2290.0,13.0,176.15384615384616,307.0,0.7263843648208469,3.183433014354108,0.09446254071661238,0.0,6.423452768729642,37.90761947631836
1268,1408.0,11.0,128.0,175.0,0.8342857142857143,-3.9052678571428316,0.09142857142857143,0.0,7.051428571428572,50.025447845458984
1269,1878.0,13.0,144.46153846153845,240.0,0.7333333333333333,3.9400000000000546,0.05416666666666667,0.0,6.8125,64.95242309570312
1270,1333.0,10.0,133.3,171.0,0.8304093567251462,18.350000000000023,0.07017543859649122,0.0,6.8011695906432745,78.49453735351562
1271,1329.0,8.0,166.125,177.0,0.768361581920904,5.866136363636372,0.096045197740113,0.0,6.5141242937853105,96.4327392578125
1272,984.0,5.0,196.8,125.0,0.792,-8.973349999999982,0.056,0.0,6.88,67.05271911621094
1273,2133.0,12.0,177.75,276.0,0.7572463768115942,-2.4301798201797737,0.057971014492753624,0.0,6.706521739130435,52.2102165222168
1274,1566.0,9.0,174.0,207.0,0.7391304347826086,4.015353260869574,0.06763285024154589,0.0,6.570048309178744,43.8066291809082
1275,2015.0,11.0,183.1818181818182,251.0,0.7330677290836654,-1.275999999999982,0.05976095617529881,0.0,6.99601593625498,57.93570327758789
1276,1467.0,10.0,146.7,197.0,0.7715736040609137,9.83503666102655,0.06091370558375635,0.0,6.431472081218274,55.8572883605957
1277,1435.0,16.0,89.6875,176.0,0.8409090909090909,12.173333333333375,0.10795454545454546,0.0,7.142045454545454,42.64792251586914
1278,2117.0,13.0,162.84615384615384,274.0,0.7700729927007299,-1.9677762757687844,0.08029197080291971,0.0,6.708029197080292,35.14084243774414
1279,1849.0,14.0,132.07142857142858,256.0,0.72265625,16.396558441558454,0.0859375,0.0,6.1953125,38.0711669921875
1280,2098.0,16.0,131.125,283.0,0.6395759717314488,12.990000000000009,0.038869257950530034,0.0,6.406360424028269,52.6859130859375
1281,1851.0,11.0,168.27272727272728,249.0,0.7389558232931727,5.587852459016432,0.05220883534136546,0.0,6.42570281124498,49.644718170166016
1282,1694.0,9.0,188.22222222222223,227.0,0.7224669603524229,5.966559734513282,0.06167400881057269,0.0,6.431718061674009,59.7232666015625
1283,1766.0,11.0,160.54545454545453,235.0,0.7617021276595745,11.62250000000003,0.05531914893617021,0.0,6.51063829787234,44.52397918701172
1284,1189.0,9.0,132.11111111111111,173.0,0.815028901734104,31.397941176470596,0.08092485549132948,0.0,5.878612716763006,61.24098587036133
1285,2323.0,16.0,145.1875,305.0,0.7377049180327869,-0.16854525386310115,0.05573770491803279,0.0,6.609836065573771,39.7923469543457
1286,1977.0,10.0,197.7,257.0,0.7276264591439688,-0.9293983311374348,0.042801556420233464,0.0,6.684824902723736,52.71728515625
1287,2267.0,11.0,206.0909090909091,304.0,0.7006578947368421,2.971589108910905,0.07894736842105263,0.0,6.453947368421052,54.179325103759766
1288,1946.0,9.0,216.22222222222223,250.0,0.724,-15.929908536585344,0.088,0.0,6.768,72.83531188964844
1289,1310.0,9.0,145.55555555555554,172.0,0.8255813953488372,6.467151162790714,0.046511627906976744,0.0,6.622093023255814,93.36946105957031
1290,874.0,8.0,109.25,119.0,0.8235294117647058,24.645546218487425,0.03361344537815126,0.0,6.352941176470588,79.13270568847656
1291,1882.0,11.0,171.0909090909091,240.0,0.7541666666666667,1.995000000000033,0.05,0.0,6.808333333333334,65.66822814941406
1292,1752.0,10.0,175.2,230.0,0.7695652173913043,-3.9800736899563276,0.06086956521739131,0.0,6.595652173913043,65.64615631103516
1293,1518.0,10.0,151.8,200.0,0.8,10.003444444444483,0.065,0.0,6.595,56.0447883605957
1294,2229.0,18.0,123.83333333333333,302.0,0.7086092715231788,9.11650276854931,0.04966887417218543,0.0,6.374172185430464,35.71434783935547
1295,2185.0,13.0,168.07692307692307,275.0,0.7672727272727272,2.471980756469833,0.06909090909090909,0.0,6.916363636363636,54.63203430175781
1296,2494.0,18.0,138.55555555555554,336.0,0.7232142857142857,11.27162650602412,0.07738095238095238,0.0,6.404761904761905,51.56692123413086
1297,1183.0,8.0,147.875,166.0,0.7771084337349398,19.171024096385565,0.04216867469879518,0.0,6.096385542168675,48.50480270385742
1298,1949.0,14.0,139.21428571428572,268.0,0.7164179104477612,11.389473270440277,0.03731343283582089,0.0,6.227611940298507,39.435142517089844
1299,1939.0,13.0,149.15384615384616,253.0,0.758893280632411,11.721285714285727,0.06324110671936758,0.0,6.624505928853755,50.775489807128906
1300,1715.0,9.0,190.55555555555554,223.0,0.8385650224215246,-3.352045454545447,0.07174887892376682,0.0,6.695067264573991,52.70395278930664
1301,1749.0,10.0,174.9,230.0,0.8,3.9879999999999995,0.05217391304347826,0.0,6.604347826086957,54.15510940551758
1302,1293.0,9.0,143.66666666666666,181.0,0.6961325966850829,16.99883977900555,0.03867403314917127,0.0,6.149171270718232,76.5351791381836
1303,1566.0,11.0,142.36363636363637,208.0,0.75,8.73799457994582,0.04326923076923077,0.0,6.533653846153846,41.06624221801758
1304,903.0,6.0,150.5,116.0,0.7931034482758621,8.981827586206919,0.11206896551724138,0.0,6.793103448275862,48.77371597290039
1305,878.0,9.0,97.55555555555556,121.0,0.8677685950413223,30.577603305785146,0.06611570247933884,0.0,6.264462809917355,59.47522735595703
1306,1695.0,10.0,169.5,236.0,0.7457627118644068,17.471986817325842,0.05508474576271186,0.0,6.177966101694915,55.2333869934082
1307,1808.0,12.0,150.66666666666666,248.0,0.7419354838709677,15.7556851851852,0.036290322580645164,0.0,6.278225806451613,45.83892059326172
1308,1943.0,12.0,161.91666666666666,269.0,0.7063197026022305,13.63188968335038,0.06691449814126393,0.0,6.197026022304833,56.55882263183594
1309,1051.0,7.0,150.14285714285714,140.0,0.8642857142857143,6.700238095238092,0.05714285714285714,0.0,6.514285714285714,49.4696044921875
1310,1662.0,9.0,184.66666666666666,206.0,0.8009708737864077,-3.5916176470587686,0.0970873786407767,0.0,7.072815533980583,57.36296463012695
1311,1952.0,14.0,139.42857142857142,270.0,0.7148148148148148,19.810833333333363,0.037037037037037035,0.0,6.203703703703703,55.57476806640625
1312,1574.0,9.0,174.88888888888889,212.0,0.7452830188679245,7.54504716981134,0.05660377358490566,0.0,6.429245283018868,60.68995666503906
1313,1617.0,10.0,161.7,219.0,0.8036529680365296,11.005159817351625,0.0547945205479452,0.0,6.378995433789954,43.134700775146484
1314,986.0,6.0,164.33333333333334,128.0,0.8046875,-8.17712499999999,0.03125,0.0,6.7109375,53.97301483154297
1315,2190.0,14.0,156.42857142857142,310.0,0.7290322580645161,26.89274617890254,0.03870967741935484,0.0,6.061290322580645,49.26104736328125
1316,1999.0,14.0,142.78571428571428,244.0,0.7295081967213115,-6.580382513661164,0.11475409836065574,0.0,7.131147540983607,39.4702033996582
1317,1759.0,9.0,195.44444444444446,237.0,0.7257383966244726,0.08514216738200275,0.0759493670886076,0.0,6.4261603375527425,56.30244064331055
1318,1369.0,12.0,114.08333333333333,182.0,0.8021978021978022,17.265909090909133,0.06043956043956044,0.0,6.521978021978022,122.13566589355469
1319,2045.0,14.0,146.07142857142858,270.0,0.7222222222222222,9.915920398009973,0.08888888888888889,0.0,6.57037037037037,39.17071533203125
1320,1848.0,11.0,168.0,233.0,0.7253218884120172,-0.49920689655172623,0.12017167381974249,0.0,6.909871244635193,31.871780395507812
1321,1834.0,16.0,114.625,237.0,0.7932489451476793,12.756303780964828,0.04219409282700422,0.0,6.70464135021097,65.95037078857422
1322,1877.0,11.0,170.63636363636363,250.0,0.772,10.662704819277167,0.056,0.0,6.476,58.625980377197266
1323,1197.0,9.0,133.0,157.0,0.8152866242038217,11.78823646496815,0.050955414012738856,0.0,6.630573248407643,47.22762680053711
1324,2168.0,12.0,180.66666666666666,270.0,0.7888888888888889,-7.612747625508774,0.07777777777777778,0.0,7.025925925925926,54.20537185668945
1325,1078.0,7.0,154.0,150.0,0.7333333333333333,20.720000000000027,0.06666666666666667,0.0,6.193333333333333,41.69435501098633
1326,1977.0,11.0,179.72727272727272,248.0,0.7903225806451613,0.18235483870969915,0.056451612903225805,0.0,6.967741935483871,55.66794204711914
1327,2118.0,14.0,151.28571428571428,281.0,0.7473309608540926,4.025732009925605,0.07473309608540925,0.0,6.5088967971530245,40.21932601928711
1328,2155.0,19.0,113.42105263157895,272.0,0.7536764705882353,4.922313725490227,0.07720588235294118,0.0,6.882352941176471,42.30836868286133
1329,1197.0,9.0,133.0,145.0,0.8344827586206897,-3.5475000000000136,0.08275862068965517,0.0,7.241379310344827,72.33390808105469
1330,1614.0,10.0,161.4,202.0,0.8168316831683168,6.477651265126525,0.06435643564356436,0.0,6.9950495049504955,69.89315795898438
1331,2228.0,16.0,139.25,292.0,0.7397260273972602,12.024422764227666,0.0684931506849315,0.0,6.623287671232877,53.26913833618164
1332,1143.0,11.0,103.9090909090909,161.0,0.8136645962732919,18.75125,0.055900621118012424,0.0,6.105590062111801,66.54918670654297
1333,1190.0,12.0,99.16666666666667,153.0,0.8366013071895425,29.84667647058822,0.032679738562091505,0.0,6.718954248366013,65.2513656616211
1334,1209.0,9.0,134.33333333333334,158.0,0.8354430379746836,5.9117307692308145,0.06329113924050633,0.0,6.658227848101266,62.55582046508789
1335,1285.0,9.0,142.77777777777777,171.0,0.8187134502923976,20.886743421052643,0.07602339181286549,0.0,6.47953216374269,80.35192108154297
1336,2407.0,14.0,171.92857142857142,334.0,0.6796407185628742,14.603018824076258,0.029940119760479042,0.0,6.173652694610778,52.70762252807617
1337,1882.0,16.0,117.625,249.0,0.7309236947791165,14.150544217687099,0.0642570281124498,0.0,6.526104417670683,49.85129928588867
1338,1089.0,8.0,136.125,145.0,0.8344827586206897,6.180000000000035,0.05517241379310345,0.0,6.517241379310345,55.665870666503906
1339,1408.0,8.0,176.0,191.0,0.7382198952879581,1.5242931937172841,0.06806282722513089,0.0,6.345549738219895,43.48118591308594
1340,1064.0,8.0,133.0,142.0,0.8309859154929577,11.087253521126797,0.04929577464788732,0.0,6.5,50.48966598510742
1341,1696.0,11.0,154.1818181818182,223.0,0.7219730941704036,2.101845291479833,0.08071748878923767,0.0,6.556053811659193,44.127017974853516
1342,1965.0,15.0,131.0,248.0,0.7983870967741935,-3.24813186813185,0.06451612903225806,0.0,6.875,40.19563293457031
1343,1723.0,7.0,246.14285714285714,227.0,0.7092511013215859,-6.5860471976400845,0.05286343612334802,0.0,6.577092511013216,66.87078857421875
1344,2034.0,11.0,184.9090909090909,261.0,0.7471264367816092,1.0156478599222112,0.0842911877394636,0.0,6.7701149425287355,43.68524932861328
1345,996.0,7.0,142.28571428571428,130.0,0.8307692307692308,8.484871794871793,0.046153846153846156,0.0,6.6692307692307695,72.24652099609375
1346,1273.0,9.0,141.44444444444446,171.0,0.8011695906432749,9.596838235294115,0.029239766081871343,0.0,6.450292397660819,62.221561431884766
1347,1728.0,9.0,192.0,217.0,0.7557603686635944,-11.311666666666667,0.055299539170506916,0.0,6.940092165898617,72.50611877441406
1348,1167.0,6.0,194.5,161.0,0.7888198757763976,9.38500000000002,0.043478260869565216,0.0,6.254658385093168,62.3156852722168
1349,1971.0,16.0,123.1875,276.0,0.6920289855072463,20.172739852398536,0.07246376811594203,0.0,6.1231884057971016,37.34089279174805
1350,598.0,5.0,119.6,79.0,0.8987341772151899,2.5963449367089027,0.06329113924050633,0.0,6.582278481012659,44.589420318603516
1351,1576.0,9.0,175.11111111111111,195.0,0.764102564102564,-17.50452319587629,0.06666666666666667,0.0,7.087179487179487,50.571250915527344
1352,1584.0,10.0,158.4,200.0,0.775,1.1204444444444732,0.07,0.0,6.88,58.726341247558594
1353,1563.0,9.0,173.66666666666666,218.0,0.6972477064220184,13.398394495412873,0.05045871559633028,0.0,6.151376146788991,83.01475524902344
1354,1690.0,9.0,187.77777777777777,220.0,0.7454545454545455,-7.440653801843268,0.06363636363636363,0.0,6.6863636363636365,56.6147575378418
1355,1653.0,11.0,150.27272727272728,218.0,0.7844036697247706,16.20598837209306,0.06880733944954129,0.0,6.577981651376147,46.98761749267578
1356,2102.0,12.0,175.16666666666666,272.0,0.7242647058823529,-2.246329715061023,0.08088235294117647,0.0,6.705882352941177,44.19862365722656
1357,1334.0,10.0,133.4,177.0,0.8248587570621468,18.151299435028278,0.062146892655367235,0.0,6.5423728813559325,58.85485076904297
1358,1471.0,8.0,183.875,196.0,0.7346938775510204,-1.1441836734693709,0.04591836734693878,0.0,6.489795918367347,53.55638885498047
1359,1011.0,10.0,101.1,139.0,0.7985611510791367,22.433907374100727,0.10071942446043165,0.0,6.223021582733813,51.41392517089844
1360,2311.0,15.0,154.06666666666666,293.0,0.7610921501706485,-4.844549071618019,0.10580204778156997,0.0,6.8839590443686,44.583595275878906
1361,1390.0,8.0,173.75,170.0,0.8235294117647058,1.1157988165680877,0.06470588235294118,0.0,7.129411764705883,64.9804916381836
1362,2662.0,13.0,204.76923076923077,340.0,0.6852941176470588,-1.41320351137486,0.03823529411764706,0.0,6.788235294117647,50.19264602661133
1363,1896.0,13.0,145.84615384615384,225.0,0.7777777777777778,-13.02649999999997,0.10666666666666667,0.0,7.413333333333333,25.782459259033203
1364,1917.0,11.0,174.27272727272728,262.0,0.7366412213740458,14.060741379310372,0.08778625954198473,0.0,6.312977099236641,53.493309020996094
1365,1802.0,12.0,150.16666666666666,228.0,0.7719298245614035,1.506157894736873,0.09210526315789473,0.0,6.87719298245614,57.83478927612305
1366,2069.0,11.0,188.0909090909091,272.0,0.7132352941176471,-5.75,0.051470588235294115,0.0,6.577205882352941,79.23978424072266
1367,894.0,6.0,149.0,117.0,0.8461538461538461,3.8766551724138196,0.05982905982905983,0.0,6.64957264957265,91.78031158447266
1368,1653.0,14.0,118.07142857142857,218.0,0.7522935779816514,16.4038284296349,0.0779816513761468,0.0,6.587155963302752,56.12266540527344
1369,2210.0,13.0,170.0,281.0,0.7330960854092526,-1.7884326809014794,0.12099644128113879,0.0,6.857651245551601,40.70418167114258
1370,2121.0,11.0,192.8181818181818,272.0,0.7389705882352942,-6.336901486988808,0.07352941176470588,0.0,6.7536764705882355,47.5516242980957
1371,1799.0,10.0,179.9,241.0,0.7510373443983402,1.8317387261738816,0.04979253112033195,0.0,6.468879668049793,52.46270751953125
1372,1235.0,8.0,154.375,156.0,0.782051282051282,-0.16961538461535497,0.0641025641025641,0.0,6.923076923076923,53.00526809692383
1373,1314.0,11.0,119.45454545454545,176.0,0.8011363636363636,2.807272727272732,0.03977272727272727,0.0,6.471590909090909,64.35409545898438
1374,2171.0,10.0,217.1,291.0,0.7594501718213058,3.4708237547893077,0.03436426116838488,0.0,6.422680412371134,72.64942932128906
1375,1656.0,11.0,150.54545454545453,226.0,0.8008849557522124,13.270231071779762,0.06637168141592921,0.0,6.331858407079646,67.41614532470703
1376,1425.0,17.0,83.82352941176471,191.0,0.7905759162303665,30.67573198198201,0.06806282722513089,0.0,6.4136125654450264,82.6552734375
1377,2266.0,13.0,174.30769230769232,314.0,0.7006369426751592,11.516153846153884,0.07961783439490445,0.0,6.210191082802548,40.61502456665039
1378,1214.0,9.0,134.88888888888889,170.0,0.7764705882352941,24.526250000000033,0.041176470588235294,0.0,6.147058823529412,120.69420623779297
1379,1992.0,20.0,99.6,288.0,0.71875,31.550699510676168,0.05555555555555555,0.0,5.913194444444445,45.001075744628906
1380,2064.0,17.0,121.41176470588235,276.0,0.7391304347826086,19.40309245742094,0.06159420289855073,0.0,6.449275362318841,61.35714340209961
1381,2086.0,11.0,189.63636363636363,265.0,0.7773584905660378,-13.95979035639408,0.0830188679245283,0.0,6.875471698113207,34.566558837890625
1382,1817.0,10.0,181.7,244.0,0.7581967213114754,5.798149678604233,0.0942622950819672,0.0,6.418032786885246,42.74955368041992
1383,1948.0,12.0,162.33333333333334,262.0,0.7290076335877863,13.088327586206901,0.09923664122137404,0.0,6.404580152671755,46.74430847167969
1384,2049.0,16.0,128.0625,276.0,0.7282608695652174,13.560588235294148,0.03985507246376811,0.0,6.420289855072464,67.56592559814453
1385,1597.0,9.0,177.44444444444446,201.0,0.7761194029850746,5.819692164179116,0.03482587064676617,0.0,6.9502487562189055,75.42449188232422
1386,1062.0,7.0,151.71428571428572,142.0,0.8450704225352113,5.2724882629108265,0.04225352112676056,0.0,6.485915492957746,97.32736206054688
1387,1877.0,16.0,117.3125,258.0,0.7403100775193798,16.222362204724448,0.09689922480620156,0.0,6.27906976744186,40.96568298339844
1388,2001.0,14.0,142.92857142857142,260.0,0.7307692307692307,5.55641025641026,0.07692307692307693,0.0,6.6923076923076925,53.560142517089844
1389,1748.0,12.0,145.66666666666666,223.0,0.7623318385650224,15.20350000000002,0.04035874439461883,0.004484304932735426,6.7847533632287,38.45840072631836
1390,1305.0,10.0,130.5,163.0,0.852760736196319,-0.1520833333333087,0.06748466257668712,0.0,6.993865030674846,51.744651794433594
1391,1709.0,11.0,155.36363636363637,234.0,0.717948717948718,17.860923076923086,0.0641025641025641,0.0,6.252136752136752,43.94499588012695
1392,1814.0,12.0,151.16666666666666,245.0,0.7142857142857143,9.226545454545487,0.0653061224489796,0.0,6.4,61.085304260253906
1393,1834.0,11.0,166.72727272727272,238.0,0.7226890756302521,13.414502164502181,0.05042016806722689,0.0,6.680672268907563,46.75630187988281
1394,1917.0,15.0,127.8,245.0,0.7428571428571429,7.553607755880506,0.09795918367346938,0.0,6.795918367346939,47.166378021240234
1395,743.0,8.0,92.875,112.0,0.8035714285714286,45.56642857142859,0.03571428571428571,0.0,5.642857142857143,49.2991828918457
1396,1716.0,11.0,156.0,238.0,0.7310924369747899,20.62250000000003,0.05042016806722689,0.0,6.168067226890757,48.69000244140625
1397,1425.0,11.0,129.54545454545453,194.0,0.7319587628865979,11.831368843069896,0.05154639175257732,0.0,6.319587628865979,60.3397102355957
1398,2129.0,11.0,193.54545454545453,283.0,0.7455830388692579,7.909229537366571,0.06007067137809187,0.0,6.5053003533568905,65.16803741455078
1399,1294.0,8.0,161.75,174.0,0.8045977011494253,14.349827586206914,0.07471264367816093,0.0,6.442528735632184,80.7008056640625
1400,1938.0,13.0,149.07692307692307,258.0,0.7325581395348837,14.812357293868928,0.05813953488372093,0.0,6.503875968992248,53.182586669921875
1401,1037.0,7.0,148.14285714285714,139.0,0.8633093525179856,15.946732613908921,0.014388489208633094,0.0,6.467625899280575,75.52249145507812
1402,1962.0,11.0,178.36363636363637,269.0,0.7211895910780669,6.73225280898879,0.06319702602230483,0.0,6.275092936802974,52.99471664428711
1403,1289.0,12.0,107.41666666666667,161.0,0.8322981366459627,11.070324361628707,0.043478260869565216,0.0,6.975155279503106,59.8704833984375
1404,1173.0,9.0,130.33333333333334,160.0,0.775,9.791320754716963,0.04375,0.0,6.3375,57.337562561035156
1405,1112.0,9.0,123.55555555555556,151.0,0.8211920529801324,15.219750000000005,0.08609271523178808,0.0,6.370860927152318,60.568363189697266
1406,2004.0,12.0,167.0,263.0,0.7946768060836502,10.634576802507866,0.07984790874524715,0.0,6.61596958174905,75.48680877685547
1407,1464.0,8.0,183.0,188.0,0.8031914893617021,-12.125,0.05851063829787234,0.0,6.792553191489362,53.08619689941406
1408,1801.0,10.0,180.1,220.0,0.759090909090909,-24.534566210045654,0.10909090909090909,0.0,7.1909090909090905,45.090171813964844
1409,1875.0,9.0,208.33333333333334,254.0,0.6850393700787402,3.9839285714286063,0.05905511811023622,0.0,6.362204724409449,42.16416931152344
1410,1938.0,11.0,176.1818181818182,231.0,0.7835497835497836,-7.419292207792154,0.11688311688311688,0.0,7.346320346320346,38.28201675415039
1411,1839.0,11.0,167.1818181818182,241.0,0.7261410788381742,2.7327339787920835,0.08713692946058091,0.0,6.630705394190872,54.08454132080078
1412,1105.0,8.0,138.125,145.0,0.896551724137931,13.109310344827605,0.07586206896551724,0.0,6.627586206896551,73.80760192871094
1413,1825.0,9.0,202.77777777777777,253.0,0.6996047430830039,10.992250000000013,0.04743083003952569,0.0,6.209486166007905,47.64412307739258
1414,1604.0,12.0,133.66666666666666,228.0,0.75,22.182725663716838,0.07017543859649122,0.0,6.0394736842105265,47.918888092041016
1415,1607.0,11.0,146.0909090909091,224.0,0.7098214285714286,17.883138009049816,0.044642857142857144,0.0,6.178571428571429,62.86447525024414
1416,1442.0,11.0,131.0909090909091,189.0,0.8253968253968254,11.023741935483912,0.08465608465608465,0.0,6.634920634920635,73.190185546875
1417,1278.0,8.0,159.75,171.0,0.8128654970760234,8.387368421052656,0.04678362573099415,0.0,6.47953216374269,57.578556060791016
1418,1321.0,9.0,146.77777777777777,168.0,0.8273809523809523,-0.21937499999998522,0.047619047619047616,0.0,6.869047619047619,78.19963073730469
1419,1408.0,11.0,128.0,180.0,0.7777777777777778,16.39500000000004,0.06666666666666667,0.0,6.794444444444444,44.55376434326172
1420,2055.0,12.0,171.25,270.0,0.8074074074074075,7.223819538670313,0.040740740740740744,0.0,6.592592592592593,52.50163269042969
1421,1184.0,9.0,131.55555555555554,148.0,0.831081081081081,12.569662162162189,0.07432432432432433,0.0,7.006756756756757,96.8011245727539
1422,2519.0,15.0,167.93333333333334,325.0,0.7076923076923077,-6.1598064978499565,0.052307692307692305,0.0,6.7446153846153845,54.064517974853516
1423,2001.0,13.0,153.92307692307693,262.0,0.7480916030534351,0.6707265707265719,0.08015267175572519,0.0,6.637404580152672,43.335853576660156
1424,2157.0,13.0,165.92307692307693,252.0,0.7817460317460317,-24.413198247535576,0.07936507936507936,0.0,7.555555555555555,52.42064666748047
1425,1402.0,9.0,155.77777777777777,182.0,0.7692307692307693,0.6975000000000193,0.06593406593406594,0.0,6.708791208791209,77.8939437866211
1426,2452.0,19.0,129.05263157894737,338.0,0.7189349112426036,16.11830553116772,0.05029585798816568,0.0,6.2514792899408285,47.66757583618164
1427,2294.0,15.0,152.93333333333334,300.0,0.75,10.96136551368096,0.09666666666666666,0.0,6.633333333333334,45.99522018432617
1428,1331.0,9.0,147.88888888888889,178.0,0.7865168539325843,7.530667372881368,0.05056179775280899,0.0,6.48314606741573,117.41018676757812
1429,1133.0,8.0,141.625,131.0,0.8549618320610687,-12.295298982188285,0.07633587786259542,0.0,7.625954198473282,67.91820526123047
1430,849.0,7.0,121.28571428571429,109.0,0.908256880733945,22.30042048929667,0.09174311926605505,0.0,6.752293577981652,126.18336486816406
1431,1129.0,7.0,161.28571428571428,154.0,0.8051948051948052,8.836580086580113,0.06493506493506493,0.0,6.337662337662338,52.27629470825195
1432,2197.0,12.0,183.08333333333334,283.0,0.7420494699646644,-2.6281370106761415,0.07773851590106007,0.0,6.756183745583039,45.21419906616211
1433,1303.0,10.0,130.3,178.0,0.8033707865168539,12.415706214689294,0.06741573033707865,0.0,6.325842696629214,57.8353157043457
1434,1850.0,14.0,132.14285714285714,236.0,0.7457627118644068,-0.22604895104893785,0.1059322033898305,0.0,6.834745762711864,39.371524810791016
1435,1498.0,13.0,115.23076923076923,182.0,0.7967032967032966,2.7177564102564133,0.07142857142857142,0.0,7.230769230769231,47.95743942260742
1436,1235.0,10.0,123.5,168.0,0.8273809523809523,20.34857142857146,0.06547619047619048,0.0,6.357142857142857,84.4253158569336
1437,812.0,6.0,135.33333333333334,110.0,0.8363636363636363,12.228636363636383,0.05454545454545454,0.0,6.390909090909091,55.25931167602539
1438,1077.0,17.0,63.35294117647059,144.0,0.8125,24.66065047961635,0.041666666666666664,0.0,6.381944444444445,43.675148010253906
1439,1798.0,19.0,94.63157894736842,246.0,0.8048780487804879,24.934110354885803,0.10975609756097561,0.0,6.304878048780488,57.00733947753906
1440,1044.0,9.0,116.0,133.0,0.849624060150376,17.580173872180467,0.08270676691729323,0.0,6.857142857142857,42.79083251953125
1441,1251.0,8.0,156.375,168.0,0.8392857142857143,10.757142857142895,0.05357142857142857,0.0,6.416666666666667,68.32815551757812
1442,2248.0,14.0,160.57142857142858,294.0,0.7482993197278912,-1.0033858998144751,0.061224489795918366,0.0,6.619047619047619,43.39869689941406
1443,2086.0,19.0,109.78947368421052,263.0,0.7604562737642585,11.97315362595424,0.06463878326996197,0.0,6.870722433460076,50.90336608886719
1444,1540.0,12.0,128.33333333333334,187.0,0.7807486631016043,-1.4127470355730907,0.058823529411764705,0.0,7.181818181818182,69.06626892089844
1445,1318.0,10.0,131.8,169.0,0.863905325443787,4.5589875082183084,0.14201183431952663,0.0,6.804733727810651,66.83202362060547
1446,2038.0,10.0,203.8,267.0,0.7153558052434457,3.1834795321637444,0.0599250936329588,0.0,6.6254681647940075,42.84727478027344
1447,1879.0,10.0,187.9,252.0,0.753968253968254,-2.8060867640548395,0.051587301587301584,0.0,6.444444444444445,63.51336669921875
1448,1729.0,9.0,192.11111111111111,230.0,0.7391304347826086,2.9363586956521885,0.06086956521739131,0.0,6.521739130434782,71.95764923095703
1449,1217.0,9.0,135.22222222222223,168.0,0.7976190476190477,23.370000000000005,0.047619047619047616,0.0,6.25,72.8225326538086
1450,1469.0,10.0,146.9,190.0,0.8315789473684211,1.5135380116959425,0.07368421052631578,0.0,6.7368421052631575,46.38722229003906
1451,1714.0,10.0,171.4,227.0,0.7577092511013216,4.953387175721986,0.030837004405286344,0.0,6.546255506607929,56.21522903442383
1452,886.0,7.0,126.57142857142857,119.0,0.8487394957983193,16.08231792717089,0.09243697478991597,0.0,6.453781512605042,56.469974517822266
1453,1739.0,10.0,173.9,234.0,0.7435897435897436,12.329615384615408,0.05982905982905983,0.0,6.384615384615385,46.931827545166016
1454,1873.0,10.0,187.3,243.0,0.7242798353909465,6.052222222222213,0.04526748971193416,0.0,6.711934156378601,65.21976470947266
1455,1716.0,12.0,143.0,224.0,0.8169642857142857,19.231980519480544,0.09375,0.0,6.651785714285714,68.70626068115234
1456,623.0,5.0,124.6,80.0,0.875,9.932500000000033,0.0375,0.0,6.8,103.58226013183594
1457,1287.0,8.0,160.875,171.0,0.7719298245614035,1.9557894736842343,0.03508771929824561,0.0,6.5321637426900585,54.253997802734375
1458,1616.0,10.0,161.6,199.0,0.8040201005025126,-10.144783291457259,0.08040201005025126,0.0,7.125628140703518,72.97972106933594
1459,834.0,6.0,139.0,118.0,0.8220338983050848,17.265745762711873,0.05084745762711865,0.0,6.076271186440678,47.95789337158203
1460,1138.0,8.0,142.25,161.0,0.782608695652174,22.171987577639783,0.043478260869565216,0.0,6.074534161490683,66.99755859375
1461,1202.0,9.0,133.55555555555554,164.0,0.823170731707317,23.017743902439037,0.07317073170731707,0.0,6.335365853658536,74.44844055175781
1462,2012.0,14.0,143.71428571428572,271.0,0.7564575645756457,6.4115071770335135,0.07011070110701106,0.0,6.4206642066420665,57.270973205566406
1463,1302.0,7.0,186.0,180.0,0.7666666666666667,6.245000000000033,0.09444444444444444,0.0,6.227777777777778,60.657901763916016
1464,1293.0,8.0,161.625,171.0,0.7719298245614035,-1.0126315789473495,0.07017543859649122,0.0,6.5321637426900585,92.78729248046875
1465,1907.0,16.0,119.1875,255.0,0.7607843137254902,14.393369230769252,0.058823529411764705,0.0,6.447058823529412,51.66765213012695
1466,2198.0,16.0,137.375,274.0,0.7956204379562044,0.2057142857142935,0.09124087591240876,0.0,7.021897810218978,35.91971969604492
1467,1407.0,10.0,140.7,197.0,0.8121827411167513,18.423869148336195,0.07106598984771574,0.0,6.147208121827411,72.56713104248047
1468,1572.0,14.0,112.28571428571429,206.0,0.7864077669902912,16.003899253731362,0.07281553398058252,0.0,6.635922330097087,37.99134063720703
1469,631.0,5.0,126.2,88.0,0.7840909090909091,6.652727272727304,0.045454545454545456,0.0,6.181818181818182,29.894073486328125
1470,1069.0,8.0,133.625,153.0,0.7712418300653595,22.638235294117663,0.032679738562091505,0.0,5.993464052287582,55.35686111450195
1471,860.0,8.0,107.5,124.0,0.7258064516129032,27.574462365591444,0.04838709677419355,0.0,5.943548387096774,46.67142105102539
1472,1341.0,8.0,167.625,172.0,0.813953488372093,0.8903488372093307,0.05232558139534884,0.0,6.8023255813953485,47.86682891845703
1473,1426.0,8.0,178.25,190.0,0.8105263157894737,6.522894736842119,0.08421052631578947,0.0,6.510526315789473,59.91663360595703
1474,1764.0,11.0,160.36363636363637,239.0,0.6861924686192469,13.73047489539752,0.04602510460251046,0.0,6.359832635983263,75.47083282470703
1475,1656.0,14.0,118.28571428571429,220.0,0.7727272727272727,7.812264976958545,0.10909090909090909,0.0,6.495454545454545,48.88836669921875
1476,1544.0,11.0,140.36363636363637,209.0,0.7655502392344498,22.49327033492827,0.07655502392344497,0.0,6.382775119617225,36.66353225708008
1477,1611.0,9.0,179.0,209.0,0.7177033492822966,-6.610733695652158,0.04784688995215311,0.0,6.684210526315789,61.199825286865234
1478,2112.0,13.0,162.46153846153845,259.0,0.7760617760617761,-9.119630681818165,0.0694980694980695,0.0,7.123552123552123,45.66836166381836
1479,1791.0,10.0,179.1,252.0,0.7261904761904762,12.361243913235967,0.05952380952380952,0.0,6.111111111111111,53.10671615600586
1480,2308.0,14.0,164.85714285714286,303.0,0.6864686468646864,2.286197571743969,0.056105610561056105,0.0,6.6072607260726075,58.935279846191406
1481,1361.0,10.0,136.1,187.0,0.7647058823529411,17.45036838978018,0.0427807486631016,0.0,6.283422459893048,41.82786560058594
1482,1714.0,10.0,171.4,231.0,0.7532467532467533,11.808888888888902,0.05194805194805195,0.0,6.393939393939394,76.91724395751953
1483,1075.0,7.0,153.57142857142858,136.0,0.875,-2.1672549019607743,0.051470588235294115,0.0,6.911764705882353,66.53414154052734
1484,2392.0,11.0,217.45454545454547,312.0,0.6826923076923077,-6.172657556270082,0.07051282051282051,0.0,6.641025641025641,35.154754638671875
1485,1846.0,10.0,184.6,257.0,0.7354085603112841,2.7258192823173317,0.054474708171206226,0.0,6.175097276264592,87.77705383300781
1486,1967.0,17.0,115.70588235294117,262.0,0.7633587786259542,17.415948275862092,0.04961832061068702,0.0,6.5038167938931295,65.98260498046875
1487,1399.0,10.0,139.9,172.0,0.7965116279069767,8.434593023255843,0.06395348837209303,0.0,7.1395348837209305,76.1708755493164
1488,1862.0,14.0,133.0,236.0,0.7754237288135594,-3.858324391988532,0.05084745762711865,0.0,6.8940677966101696,55.7467041015625
1489,1602.0,11.0,145.63636363636363,190.0,0.8157894736842105,2.836645161290363,0.05789473684210526,0.0,7.410526315789474,62.90105438232422
1490,1587.0,12.0,132.25,230.0,0.782608695652174,25.607924901185783,0.07391304347826087,0.0,5.904347826086957,36.46787643432617
1491,1229.0,9.0,136.55555555555554,156.0,0.8012820512820513,5.9117307692308145,0.04487179487179487,0.0,6.878205128205129,104.3859634399414
1492,1717.0,10.0,171.7,228.0,0.7587719298245614,4.063849206349232,0.03508771929824561,0.0,6.526315789473684,55.21929931640625
1493,1525.0,13.0,117.3076923076923,210.0,0.7666666666666667,15.917142857142892,0.047619047619047616,0.0,6.266666666666667,63.71073913574219
1494,1912.0,10.0,191.2,237.0,0.810126582278481,-10.154092827004177,0.04219409282700422,0.0,7.063291139240507,62.99713897705078
1495,1283.0,9.0,142.55555555555554,167.0,0.8203592814371258,3.8327861445783356,0.04790419161676647,0.0,6.688622754491018,49.30743408203125
1496,588.0,4.0,147.0,82.0,0.8658536585365854,18.145325203252042,0.08536585365853659,0.0,6.182926829268292,37.629615783691406
1497,2190.0,16.0,136.875,301.0,0.7242524916943521,7.466000000000008,0.05647840531561462,0.0,6.2425249169435215,65.04146575927734
1498,2079.0,13.0,159.92307692307693,260.0,0.7423076923076923,-13.48423076923072,0.09615384615384616,0.0,6.992307692307692,31.135282516479492
1499,2331.0,25.0,93.24,308.0,0.698051948051948,14.576107715813635,0.08441558441558442,0.0,6.5519480519480515,42.06541442871094
1500,2116.0,7.0,302.2857142857143,267.0,0.7528089887640449,-27.718220551378437,0.04868913857677903,0.0,6.895131086142322,43.60300064086914
1501,2343.0,14.0,167.35714285714286,286.0,0.7062937062937062,-19.518636363636347,0.05944055944055944,0.0,7.153846153846154,47.96263122558594
1502,837.0,7.0,119.57142857142857,110.0,0.8363636363636363,15.181212121212155,0.1,0.0,6.618181818181818,48.43498611450195
1503,1239.0,9.0,137.66666666666666,166.0,0.8132530120481928,12.598806818181856,0.04819277108433735,0.0,6.469879518072289,66.33821105957031
1504,1352.0,9.0,150.22222222222223,167.0,0.8263473053892215,7.83489895209587,0.08383233532934131,0.0,7.089820359281437,76.0589828491211
1505,2024.0,12.0,168.66666666666666,260.0,0.75,1.9772902772902796,0.09615384615384616,0.0,6.776923076923077,34.44402313232422
1506,1750.0,12.0,145.83333333333334,232.0,0.7629310344827587,10.122253303964783,0.06896551724137931,0.0,6.5344827586206895,37.896568298339844
1507,2130.0,14.0,152.14285714285714,306.0,0.6405228758169934,26.114429824561427,0.032679738562091505,0.0,5.934640522875817,59.60275650024414
1508,1414.0,10.0,141.4,176.0,0.8011363636363636,4.8077020202020435,0.056818181818181816,0.0,7.0397727272727275,62.21150207519531
1509,1241.0,10.0,124.1,160.0,0.8125,4.645000000000039,0.05625,0.0,6.7625,65.4609146118164
1510,2071.0,12.0,172.58333333333334,263.0,0.7338403041825095,1.8828526645768306,0.07984790874524715,0.0,6.855513307984791,52.55770492553711
1511,1533.0,16.0,95.8125,217.0,0.7649769585253456,31.647722868217073,0.05069124423963134,0.0,6.0691244239631335,58.52727127075195
1512,1533.0,10.0,153.3,212.0,0.7028301886792453,16.08836788942054,0.04716981132075472,0.0,6.19811320754717,68.63471221923828
1513,1864.0,12.0,155.33333333333334,257.0,0.7159533073929961,7.5363099498926545,0.058365758754863814,0.0,6.249027237354086,55.04035568237305
1514,1724.0,9.0,191.55555555555554,207.0,0.7681159420289855,-20.50638586956518,0.12077294685990338,0.0,7.333333333333333,70.468017578125
1515,2271.0,13.0,174.69230769230768,298.0,0.6845637583892618,7.234103107344652,0.08053691275167785,0.0,6.614093959731544,44.841434478759766
1516,1988.0,11.0,180.72727272727272,250.0,0.728,-8.38239999999999,0.044,0.0,6.92,42.38011932373047
1517,1132.0,7.0,161.71428571428572,144.0,0.8333333333333334,-2.5874999999999773,0.08333333333333333,0.0,6.868055555555555,60.00077819824219
1518,2406.0,16.0,150.375,289.0,0.7785467128027682,-5.407223264540335,0.0726643598615917,0.0,7.321799307958478,59.836036682128906
1519,1136.0,9.0,126.22222222222223,158.0,0.8354430379746836,17.726538461538496,0.056962025316455694,0.0,6.19620253164557,54.42784118652344
1520,2327.0,11.0,211.54545454545453,289.0,0.7716262975778547,-8.766352112676032,0.07612456747404844,0.0,7.048442906574395,41.699981689453125
1521,2121.0,13.0,163.15384615384616,276.0,0.7355072463768116,10.02207509881427,0.06521739130434782,0.0,6.655797101449275,50.912445068359375
1522,1788.0,12.0,149.0,226.0,0.7566371681415929,7.523944805194844,0.07079646017699115,0.0,6.893805309734513,67.28794860839844
1523,1970.0,19.0,103.6842105263158,255.0,0.7803921568627451,9.293571428571425,0.06274509803921569,0.0,6.7254901960784315,37.19398880004883
1524,2129.0,14.0,152.07142857142858,286.0,0.7552447552447552,1.5233110913404744,0.08741258741258741,0.0,6.423076923076923,34.09825134277344
1525,901.0,7.0,128.71428571428572,127.0,0.8110236220472441,23.478392388451482,0.07874015748031496,0.0,6.102362204724409,60.40122604370117
1526,2021.0,16.0,126.3125,264.0,0.7840909090909091,3.8600875486381767,0.04924242424242424,0.0,6.651515151515151,47.25421905517578
1527,1597.0,11.0,145.1818181818182,206.0,0.7427184466019418,6.189185544768094,0.05825242718446602,0.0,6.728155339805825,51.16234588623047
1528,2071.0,12.0,172.58333333333334,272.0,0.7389705882352942,2.43519770192637,0.058823529411764705,0.0,6.595588235294118,51.72666549682617
1529,1506.0,8.0,188.25,190.0,0.7842105263157895,-7.725526315789466,0.06315789473684211,0.0,6.910526315789474,44.95090103149414
1530,1884.0,14.0,134.57142857142858,260.0,0.7153846153846154,15.594133492966193,0.046153846153846156,0.0,6.226923076923077,61.12507629394531
1531,2054.0,11.0,186.72727272727272,269.0,0.7657992565055762,6.73225280898879,0.07806691449814127,0.0,6.591078066914498,53.0392951965332
1532,1748.0,13.0,134.46153846153845,230.0,0.7565217391304347,10.928947368421092,0.06521739130434782,0.0,6.534782608695652,56.20624923706055
1533,1893.0,12.0,157.75,241.0,0.7261410788381742,4.028975346687247,0.06224066390041494,0.0,6.83402489626556,69.01830291748047
1534,1848.0,14.0,132.0,252.0,0.6984126984126984,7.927142857142883,0.05952380952380952,0.0,6.333333333333333,58.727684020996094
1535,1711.0,9.0,190.11111111111111,228.0,0.7412280701754386,5.217887168141601,0.043859649122807015,0.0,6.478070175438597,62.18996810913086
1536,1924.0,17.0,113.17647058823529,252.0,0.7976190476190477,18.40768674698799,0.10714285714285714,0.0,6.626984126984127,51.511417388916016
1537,1168.0,8.0,146.0,160.0,0.7875,20.78000000000003,0.05625,0.0,6.30625,60.508174896240234
1538,1382.0,15.0,92.13333333333334,190.0,0.7736842105263158,25.919473684210544,0.05263157894736842,0.0,6.278947368421052,70.07062530517578
1539,1686.0,12.0,140.5,221.0,0.751131221719457,3.768636363636375,0.08597285067873303,0.0,6.624434389140271,38.66288375854492
1540,1815.0,10.0,181.5,244.0,0.7704918032786885,0.28910123966946344,0.0778688524590164,0.0,6.442622950819672,50.79093551635742
1541,2078.0,13.0,159.84615384615384,247.0,0.8097165991902834,-7.260255102040816,0.0931174089068826,0.0,7.4089068825910935,48.72999954223633
1542,1550.0,12.0,129.16666666666666,211.0,0.7582938388625592,13.411864928909978,0.052132701421800945,0.0,6.341232227488152,50.893184661865234
1543,530.0,4.0,132.5,73.0,0.8356164383561644,15.254474885844786,0.0273972602739726,0.0,6.273972602739726,105.00890350341797
1544,2079.0,14.0,148.5,278.0,0.7158273381294964,6.320434782608714,0.050359712230215826,0.0,6.471223021582734,49.447608947753906
1545,1863.0,9.0,207.0,252.0,0.7420634920634921,-3.3110234063744883,0.05952380952380952,0.0,6.388888888888889,55.83182907104492
1546,1176.0,11.0,106.9090909090909,155.0,0.8129032258064516,14.694536290322617,0.04516129032258064,0.0,6.593548387096774,37.532005310058594
1547,2099.0,12.0,174.91666666666666,277.0,0.7003610108303249,0.18577272727273453,0.07581227436823104,0.0,6.541516245487364,36.5638427734375
1548,1875.0,12.0,156.25,249.0,0.7309236947791165,14.509774193548395,0.07630522088353414,0.0,6.502008032128514,48.21587371826172
1549,2036.0,15.0,135.73333333333332,276.0,0.7137681159420289,4.817835485682224,0.057971014492753624,0.0,6.336956521739131,42.822265625
1550,1828.0,12.0,152.33333333333334,251.0,0.7091633466135459,9.902464403066858,0.07171314741035857,0.0,6.2629482071713145,47.083316802978516
1551,1453.0,9.0,161.44444444444446,191.0,0.774869109947644,0.99978075916232,0.09424083769633508,0.0,6.612565445026178,71.25965118408203
1552,1937.0,14.0,138.35714285714286,243.0,0.7448559670781894,-2.5239256198346993,0.07407407407407407,0.0,6.967078189300412,50.94764709472656
1553,2061.0,11.0,187.36363636363637,265.0,0.7245283018867924,-0.2595267175572076,0.0830188679245283,0.0,6.739622641509434,52.64250564575195
1554,2368.0,14.0,169.14285714285714,326.0,0.7331288343558282,11.186647435897441,0.05828220858895705,0.0,6.257668711656442,53.71033477783203
1555,2292.0,12.0,191.0,310.0,0.6935483870967742,8.665649350649375,0.05161290322580645,0.0,6.390322580645162,67.91649627685547
1556,1868.0,9.0,207.55555555555554,236.0,0.7584745762711864,-10.492211538461532,0.059322033898305086,0.0,6.889830508474576,75.16838836669922
1557,1197.0,6.0,199.5,154.0,0.8116883116883117,-6.141647058823509,0.11688311688311688,0.0,6.753246753246753,101.6374282836914
1558,1179.0,8.0,147.375,165.0,0.7696969696969697,14.222727272727298,0.03636363636363636,0.0,6.115151515151515,61.53845977783203
1559,2135.0,15.0,142.33333333333334,283.0,0.7491166077738516,6.663356145633742,0.0636042402826855,0.0,6.5371024734982335,43.72154998779297
1560,2097.0,15.0,139.8,252.0,0.7619047619047619,-6.183633333333319,0.07936507936507936,0.0,7.325396825396825,59.37350082397461
1561,2272.0,15.0,151.46666666666667,305.0,0.7573770491803279,7.67840669988928,0.10163934426229508,0.0,6.442622950819672,44.45043182373047
1562,1795.0,9.0,199.44444444444446,237.0,0.7426160337552743,-0.46062499999996476,0.05063291139240506,0.0,6.578059071729958,60.03512191772461
1563,1668.0,12.0,139.0,216.0,0.7546296296296297,2.4338953488372113,0.05092592592592592,0.004629629629629629,6.694444444444445,79.27436065673828
1564,2096.0,16.0,131.0,286.0,0.7377622377622378,21.390000000000015,0.07342657342657342,0.0,6.325174825174825,60.684226989746094
1565,2273.0,14.0,162.35714285714286,307.0,0.749185667752443,11.727042079207934,0.0781758957654723,0.0,6.394136807817589,49.891380310058594
1566,1071.0,7.0,153.0,147.0,0.7278911564625851,9.314438775510212,0.047619047619047616,0.0,6.292517006802721,54.6329460144043
1567,2020.0,18.0,112.22222222222223,263.0,0.779467680608365,7.3886279069767795,0.07604562737642585,0.0,6.67680608365019,53.52593231201172
1568,1084.0,11.0,98.54545454545455,148.0,0.831081081081081,20.000743243243278,0.04054054054054054,0.0,6.263513513513513,45.72456359863281
1569,1924.0,12.0,160.33333333333334,273.0,0.6776556776556777,15.854696969696988,0.06227106227106227,0.0,6.007326007326007,58.1779899597168
1570,1229.0,9.0,136.55555555555554,170.0,0.7529411764705882,19.549779411764746,0.041176470588235294,0.0,6.229411764705882,73.08263397216797
1571,2265.0,13.0,174.23076923076923,294.0,0.7482993197278912,-0.860794405997666,0.06462585034013606,0.0,6.6938775510204085,55.40222930908203
1572,1976.0,20.0,98.8,246.0,0.7398373983739838,6.405561224489816,0.07317073170731707,0.0,7.012195121951219,42.59360122680664
1573,1734.0,10.0,173.4,220.0,0.7545454545454545,-0.4333333333333087,0.09090909090909091,0.0,6.886363636363637,40.48969268798828
1574,2233.0,14.0,159.5,304.0,0.7203947368421053,10.694179826795704,0.06578947368421052,0.0,6.332236842105263,35.80845642089844
1575,583.0,4.0,145.75,81.0,0.8395061728395061,18.585555555555572,0.08641975308641975,0.0,6.209876543209877,31.508575439453125
1576,1910.0,11.0,173.63636363636363,241.0,0.7468879668049793,-3.939647058823539,0.058091286307053944,0.0,6.929460580912863,44.77885055541992
1577,1555.0,12.0,129.58333333333334,209.0,0.784688995215311,14.082615384615423,0.09569377990430622,0.0,6.444976076555024,76.6168212890625
1578,1999.0,12.0,166.58333333333334,276.0,0.6739130434782609,16.057382216323845,0.04710144927536232,0.0,6.2101449275362315,52.636959075927734
1579,2314.0,15.0,154.26666666666668,297.0,0.7205387205387206,0.3216014702021823,0.07407407407407407,0.0,6.784511784511785,59.29046630859375
1580,2395.0,12.0,199.58333333333334,319.0,0.7241379310344828,3.0034018529241564,0.04075235109717868,0.0,6.482758620689655,63.933143615722656
1581,2239.0,14.0,159.92857142857142,287.0,0.7282229965156795,5.499396944518907,0.10452961672473868,0.0,6.794425087108014,41.33574676513672
1582,1703.0,10.0,170.3,224.0,0.8258928571428571,5.952242063492093,0.08035714285714286,0.0,6.598214285714286,44.66762161254883
1583,1551.0,9.0,172.33333333333334,214.0,0.7429906542056075,12.460385514018725,0.07009345794392523,0.0,6.252336448598131,56.154842376708984
1584,1822.0,8.0,227.75,237.0,0.7383966244725738,-4.359999999999957,0.05485232067510549,0.0,6.658227848101266,50.633277893066406
1585,2443.0,19.0,128.57894736842104,313.0,0.7412140575079872,-6.879881188118787,0.054313099041533544,0.0,6.798722044728435,20.291038513183594
1586,1446.0,8.0,180.75,191.0,0.743455497382199,-0.6903664921465804,0.07329842931937172,0.0,6.544502617801047,57.04445266723633
1587,1232.0,9.0,136.88888888888889,173.0,0.791907514450867,23.998919797687876,0.046242774566473986,0.0,6.104046242774566,65.07369995117188
1588,1059.0,8.0,132.375,141.0,0.8439716312056738,29.190000000000026,0.04964539007092199,0.0,6.5177304964539005,59.66187286376953
1589,1190.0,7.0,170.0,169.0,0.7810650887573964,6.042283037475357,0.029585798816568046,0.0,6.047337278106509,32.003326416015625
1590,1799.0,9.0,199.88888888888889,231.0,0.7142857142857143,-1.1952029220778968,0.05194805194805195,0.0,6.792207792207792,65.56509399414062
1591,1658.0,12.0,138.16666666666666,213.0,0.7699530516431925,-4.630789099526055,0.07042253521126761,0.0,6.788732394366197,37.940467834472656
1592,867.0,6.0,144.5,118.0,0.7711864406779662,8.662355932203411,0.09322033898305085,0.0,6.3559322033898304,34.38499069213867
1593,1212.0,8.0,151.5,147.0,0.8775510204081632,-9.002448979591804,0.061224489795918366,0.0,7.2517006802721085,70.66812896728516
1594,2309.0,12.0,192.41666666666666,283.0,0.7137809187279152,-13.58136363636362,0.09540636042402827,0.0,7.15547703180212,37.1766242980957
1595,1948.0,12.0,162.33333333333334,244.0,0.7581967213114754,-8.816487603305774,0.05737704918032787,0.0,6.975409836065574,54.559425354003906
1596,1719.0,10.0,171.9,230.0,0.7043478260869566,8.017850241545887,0.0391304347826087,0.0,6.460869565217391,53.90263366699219
1597,1511.0,8.0,188.875,206.0,0.7621359223300971,10.229077669902921,0.024271844660194174,0.0,6.310679611650485,57.921836853027344
1598,1751.0,13.0,134.69230769230768,225.0,0.7688888888888888,17.475750000000033,0.07555555555555556,0.0,6.777777777777778,69.8879623413086
1599,610.0,5.0,122.0,69.0,0.9130434782608695,-21.560706521739093,0.13043478260869565,0.0,7.855072463768116,72.65570068359375
1600,1804.0,9.0,200.44444444444446,230.0,0.7782608695652173,-7.247763157894724,0.0782608695652174,0.0,6.8478260869565215,42.12399673461914
1601,788.0,7.0,112.57142857142857,88.0,0.8977272727272727,-0.3243939393939286,0.056818181818181816,0.0,7.920454545454546,63.93670654296875
1602,1833.0,15.0,122.2,230.0,0.7608695652173914,-2.7146837944663673,0.10869565217391304,0.0,6.973913043478261,44.636444091796875
1603,2148.0,20.0,107.4,286.0,0.7377622377622378,19.32086267605635,0.08041958041958042,0.0,6.506993006993007,36.07315444946289
1604,1338.0,9.0,148.66666666666666,175.0,0.7942857142857143,12.047875000000005,0.04,0.0,6.611428571428571,64.60840606689453
1605,1657.0,11.0,150.63636363636363,218.0,0.7844036697247706,16.284146788990824,0.08256880733944955,0.0,6.5963302752293576,47.91478729248047
1606,1530.0,10.0,153.0,209.0,0.7464114832535885,9.611812865497086,0.06220095693779904,0.0,6.282296650717703,61.59164810180664
1607,2088.0,11.0,189.8181818181818,274.0,0.718978102189781,9.71597058823528,0.0364963503649635,0.0,6.605839416058394,54.55720138549805
1608,2484.0,16.0,155.25,322.0,0.7204968944099379,6.305384615384611,0.043478260869565216,0.0,6.708074534161491,73.6982650756836
1609,1564.0,11.0,142.1818181818182,191.0,0.7853403141361257,-4.783960732984269,0.08376963350785341,0.0,7.183246073298429,57.839698791503906
1610,1725.0,10.0,172.5,210.0,0.7285714285714285,-3.3412971823497912,0.09047619047619047,0.0,7.219047619047619,64.93155670166016
1611,1791.0,17.0,105.3529411764706,257.0,0.7665369649805448,26.109871391076155,0.04669260700389105,0.0,5.929961089494164,82.71626281738281
1612,1220.0,7.0,174.28571428571428,160.0,0.775,-1.592916666666639,0.05,0.0,6.63125,42.649784088134766
1613,1522.0,10.0,152.2,198.0,0.7373737373737373,8.241022727272735,0.0707070707070707,0.0,6.691919191919192,58.53843307495117
1614,2203.0,14.0,157.35714285714286,302.0,0.6920529801324503,14.222840909090905,0.06291390728476821,0.0,6.268211920529802,63.087501525878906
1615,1117.0,7.0,159.57142857142858,169.0,0.7633136094674556,27.567726824457594,0.029585798816568046,0.0,5.615384615384615,63.337501525878906
1616,1870.0,15.0,124.66666666666667,232.0,0.7413793103448276,-3.4636520376175497,0.10775862068965517,0.0,7.060344827586207,54.155521392822266
1617,1062.0,10.0,106.2,134.0,0.8507462686567164,10.532257462686601,0.04477611940298507,0.0,6.932835820895522,46.662132263183594
1618,1567.0,10.0,156.7,195.0,0.8153846153846154,-9.085897435897408,0.05128205128205128,0.0,7.030769230769231,68.39350891113281
1619,2392.0,13.0,184.0,321.0,0.6791277258566978,2.490330188679252,0.03426791277258567,0.0,6.4485981308411215,32.95029830932617
1620,1291.0,9.0,143.44444444444446,177.0,0.807909604519774,13.498160714285746,0.096045197740113,0.0,6.299435028248587,54.081058502197266
1621,2075.0,13.0,159.6153846153846,271.0,0.7343173431734318,6.964166666666671,0.05166051660516605,0.0,6.6531365313653135,56.48772430419922
1622,693.0,5.0,138.6,86.0,0.7790697674418605,-9.764244186046483,0.046511627906976744,0.0,7.069767441860465,120.8011245727539
1623,1849.0,10.0,184.9,237.0,0.7215189873417721,-1.1077777777777555,0.04219409282700422,0.0,6.767932489451477,64.75812530517578
1624,1309.0,9.0,145.44444444444446,176.0,0.8238636363636364,10.017500000000013,0.045454545454545456,0.0,6.443181818181818,62.96125030517578
1625,2147.0,13.0,165.15384615384616,286.0,0.7552447552447552,3.7830516431924934,0.06643356643356643,0.0,6.468531468531468,75.46794891357422
1626,2273.0,13.0,174.84615384615384,309.0,0.6990291262135923,8.361076275787212,0.04854368932038835,0.0,6.336569579288026,59.82889938354492
1627,1004.0,6.0,167.33333333333334,136.0,0.8529411764705882,6.294647058823557,0.0661764705882353,0.0,6.389705882352941,83.95578002929688
1628,1639.0,9.0,182.11111111111111,212.0,0.7877358490566038,-2.431367924528274,0.08490566037735849,0.0,6.735849056603773,73.94068145751953
1629,1995.0,14.0,142.5,246.0,0.7317073170731707,-11.372500000000002,0.06910569105691057,0.0,7.109756097560975,64.72370147705078
1630,2012.0,10.0,201.2,279.0,0.7383512544802867,9.325787545787563,0.06810035842293907,0.0,6.193548387096774,49.837642669677734
1631,1818.0,11.0,165.27272727272728,255.0,0.7098039215686275,15.078428571428589,0.050980392156862744,0.0,6.090196078431372,66.44170379638672
1632,1227.0,12.0,102.25,166.0,0.7590361445783133,17.45737116564416,0.04216867469879518,0.0,6.397590361445783,50.27468490600586
1633,1887.0,9.0,209.66666666666666,247.0,0.7125506072874493,-0.1103963414633995,0.0728744939271255,0.0,6.59919028340081,47.76732635498047
1634,1900.0,10.0,190.0,240.0,0.7416666666666667,-5.557371615312775,0.05416666666666667,0.0,6.908333333333333,57.71916580200195
1635,1474.0,16.0,92.125,201.0,0.8407960199004975,26.49986295111927,0.10945273631840796,0.0,6.338308457711443,46.46237564086914
1636,1306.0,9.0,145.11111111111111,166.0,0.8072289156626506,-0.24432228915659948,0.06626506024096386,0.0,6.837349397590361,70.86026000976562
1637,1133.0,9.0,125.88888888888889,152.0,0.75,20.01973684210529,0.07236842105263158,0.0,6.4605263157894735,52.007896423339844
1638,1953.0,12.0,162.75,252.0,0.7817460317460317,10.998944281524956,0.11904761904761904,0.0,6.738095238095238,37.123104095458984
1639,1361.0,11.0,123.72727272727273,184.0,0.7989130434782609,26.74195303867404,0.125,0.0,6.4021739130434785,53.37980651855469
1640,2108.0,11.0,191.63636363636363,264.0,0.7727272727272727,-8.953051724137907,0.04924242424242424,0.0,6.981060606060606,55.85480880737305
1641,2113.0,13.0,162.53846153846155,281.0,0.7330960854092526,9.55608513189452,0.06405693950177936,0.0,6.516014234875445,56.42596435546875
1642,2461.0,16.0,153.8125,338.0,0.6982248520710059,14.131183431952678,0.05325443786982249,0.0,6.275147928994083,44.02336120605469
1643,1039.0,7.0,148.42857142857142,136.0,0.8161764705882353,2.809215686274541,0.051470588235294115,0.0,6.639705882352941,64.20458221435547
1644,2182.0,15.0,145.46666666666667,286.0,0.7587412587412588,3.342183098591562,0.06993006993006994,0.0,6.6223776223776225,68.21245574951172
1645,980.0,6.0,163.33333333333334,125.0,0.824,-4.52912195121948,0.08,0.0,6.848,58.99995040893555
1646,1460.0,11.0,132.72727272727272,194.0,0.788659793814433,19.252247422680426,0.06701030927835051,0.0,6.520618556701031,66.02919006347656
1647,1603.0,13.0,123.3076923076923,222.0,0.7972972972972973,22.668310810810823,0.04504504504504504,0.0,6.216216216216216,75.04239654541016
1648,1100.0,8.0,137.5,141.0,0.8581560283687943,8.79000000000002,0.06382978723404255,0.0,6.76595744680851,48.63190460205078
1649,2268.0,15.0,151.2,287.0,0.7282229965156795,-2.1306072874493793,0.10452961672473868,0.0,6.898954703832753,44.16638946533203
1650,1561.0,15.0,104.06666666666666,217.0,0.7649769585253456,19.270757575757585,0.059907834101382486,0.0,6.142857142857143,76.55160522460938
1651,1542.0,13.0,118.61538461538461,191.0,0.806282722513089,-1.6927558305568482,0.12041884816753927,0.0,7.0785340314136125,45.44258499145508
1652,2326.0,15.0,155.06666666666666,293.0,0.7235494880546075,0.610338671567348,0.09556313993174062,0.0,6.8839590443686,44.3505973815918
1653,2083.0,13.0,160.23076923076923,277.0,0.7472924187725631,11.952363636363685,0.07581227436823104,0.0,6.51985559566787,60.546443939208984
1654,1744.0,10.0,174.4,225.0,0.76,-1.0698843640019788,0.08,0.0,6.72,55.846954345703125
1655,1275.0,9.0,141.66666666666666,157.0,0.7834394904458599,4.2442874203821646,0.06369426751592357,0.0,7.127388535031847,93.11554718017578
1656,2114.0,13.0,162.6153846153846,275.0,0.7418181818181818,3.12024509803922,0.06181818181818182,0.0,6.654545454545454,68.48345184326172
1657,2022.0,11.0,183.8181818181818,267.0,0.6741573033707865,3.32096240601507,0.04119850187265917,0.0,6.5543071161048685,44.023983001708984
1658,2203.0,12.0,183.58333333333334,276.0,0.7101449275362319,-8.982272727272715,0.057971014492753624,0.0,6.978260869565218,53.74037170410156
1659,1578.0,16.0,98.625,215.0,0.786046511627907,19.44958333333335,0.05581395348837209,0.0,6.297674418604651,74.01222229003906
1660,1285.0,10.0,128.5,166.0,0.8132530120481928,3.4153048780487723,0.04216867469879518,0.0,6.746987951807229,60.00143814086914
1661,2196.0,16.0,137.25,295.0,0.7389830508474576,12.11910958904113,0.061016949152542375,0.0,6.437288135593221,40.496337890625
1662,1451.0,11.0,131.9090909090909,201.0,0.7761194029850746,23.54693283582091,0.04477611940298507,0.0,6.1940298507462686,54.459720611572266
1663,1300.0,10.0,130.0,183.0,0.8142076502732241,27.167158469945377,0.08743169398907104,0.0,6.0710382513661205,76.16284942626953
1664,1361.0,10.0,136.1,179.0,0.7094972067039106,18.865654872749843,0.055865921787709494,0.0,6.575418994413408,43.18898391723633
1665,1291.0,8.0,161.375,186.0,0.6774193548387096,17.942419354838734,0.03225806451612903,0.0,5.903225806451613,67.7661361694336
1666,1391.0,12.0,115.91666666666667,185.0,0.8432432432432433,17.94290540540544,0.043243243243243246,0.0,6.518918918918919,64.50790405273438
1667,1835.0,11.0,166.8181818181818,242.0,0.731404958677686,12.21750000000003,0.05371900826446281,0.0,6.549586776859504,64.42330169677734
1668,1359.0,8.0,169.875,176.0,0.8238636363636364,-2.3054545454545234,0.045454545454545456,0.0,6.693181818181818,69.1071548461914
1669,2278.0,11.0,207.0909090909091,311.0,0.707395498392283,6.819072815534014,0.05144694533762058,0.0,6.318327974276527,61.36911392211914
1670,1114.0,10.0,111.4,156.0,0.8141025641025641,21.94170454545457,0.04487179487179487,0.0,6.147435897435898,69.75785064697266
1671,1964.0,12.0,163.66666666666666,250.0,0.728,-5.375249266862141,0.068,0.0,6.852,43.87511444091797
1672,2270.0,11.0,206.36363636363637,294.0,0.6836734693877551,5.666897923875467,0.09183673469387756,0.0,6.6938775510204085,39.74363327026367
1673,1117.0,10.0,111.7,154.0,0.7922077922077922,15.349496753246797,0.03896103896103896,0.0,6.259740259740259,63.449073791503906
1674,2542.0,17.0,149.52941176470588,333.0,0.7447447447447447,8.639642857142888,0.07507507507507508,0.0,6.597597597597598,47.204505920410156
1675,1406.0,9.0,156.22222222222223,199.0,0.7587939698492462,12.812000628140737,0.05025125628140704,0.0,6.045226130653266,50.05194854736328
1676,2103.0,14.0,150.21428571428572,291.0,0.7319587628865979,20.823125677139785,0.041237113402061855,0.0,6.1993127147766325,38.037681579589844
1677,1739.0,10.0,173.9,236.0,0.7415254237288136,12.811817325800405,0.06779661016949153,0.0,6.364406779661017,45.14215850830078
1678,1304.0,11.0,118.54545454545455,160.0,0.825,8.346250000000026,0.04375,0.0,7.11875,44.35744857788086
1679,2171.0,18.0,120.61111111111111,288.0,0.7291666666666666,18.350000000000023,0.05555555555555555,0.0,6.506944444444445,61.17353820800781
1680,2047.0,14.0,146.21428571428572,269.0,0.7546468401486989,16.229353233830892,0.05204460966542751,0.0,6.591078066914498,74.16600799560547
1681,2057.0,14.0,146.92857142857142,259.0,0.7374517374517374,2.351892177589889,0.0694980694980695,0.0,6.911196911196911,53.70110321044922
1682,2204.0,11.0,200.36363636363637,279.0,0.6953405017921147,-4.6318870967741645,0.07168458781362007,0.0,6.85663082437276,61.08979034423828
1683,1969.0,16.0,123.0625,263.0,0.7376425855513308,20.02620433620436,0.045627376425855515,0.0,6.486692015209125,52.221832275390625
1684,1860.0,12.0,155.0,247.0,0.7692307692307693,10.048494663231537,0.04048582995951417,0.0,6.518218623481781,52.471439361572266
1685,1840.0,16.0,115.0,254.0,0.7834645669291339,22.051443883984888,0.051181102362204724,0.0,6.216535433070866,64.51525115966797
1686,1667.0,13.0,128.23076923076923,223.0,0.7668161434977578,21.428522047832587,0.05829596412556054,0.0,6.466367713004484,43.87862014770508
1687,1816.0,14.0,129.71428571428572,231.0,0.7792207792207793,7.268737594283465,0.05194805194805195,0.0,6.822510822510822,84.48399353027344
1688,1671.0,15.0,111.4,226.0,0.7654867256637168,9.147751842751859,0.04424778761061947,0.0,6.3584070796460175,54.79122543334961
1689,1292.0,10.0,129.2,184.0,0.7445652173913043,18.723019323671537,0.059782608695652176,0.0,6.0271739130434785,53.9002799987793
1690,1286.0,8.0,160.75,172.0,0.7965116279069767,5.317093023255836,0.040697674418604654,0.0,6.482558139534884,48.41688919067383
1691,1987.0,11.0,180.63636363636363,250.0,0.792,-3.9831999999999823,0.044,0.0,6.94,61.88096618652344
1692,1102.0,9.0,122.44444444444444,140.0,0.85,-6.896739130434753,0.05,0.0,6.878571428571429,66.8122329711914
1693,1268.0,11.0,115.27272727272727,168.0,0.8154761904761905,20.34857142857146,0.07142857142857142,0.0,6.529761904761905,70.47241973876953
1694,1802.0,12.0,150.16666666666666,207.0,0.7632850241545893,-14.845065217391266,0.057971014492753624,0.0,7.695652173913044,58.17354965209961
1695,1217.0,10.0,121.7,160.0,0.8125,1.745000000000033,0.0375,0.0,6.6125,74.67189025878906
1696,1531.0,11.0,139.1818181818182,208.0,0.7644230769230769,16.624500000000012,0.04807692307692308,0.0,6.365384615384615,74.13849639892578
1697,1774.0,11.0,161.27272727272728,238.0,0.7521008403361344,7.868107594936731,0.07563025210084033,0.0,6.432773109243698,58.350074768066406
1698,1438.0,12.0,119.83333333333333,193.0,0.7564766839378239,19.657918660287123,0.05699481865284974,0.0,6.4404145077720205,41.5369758605957
1699,1297.0,9.0,144.11111111111111,165.0,0.8,9.089695121951252,0.09090909090909091,0.0,6.866666666666666,75.32896423339844
1700,1793.0,10.0,179.3,229.0,0.7292576419213974,-0.012945172246446646,0.06986899563318777,0.0,6.829694323144105,70.31485748291016
1701,1430.0,9.0,158.88888888888889,177.0,0.8022598870056498,-0.11679025423728717,0.062146892655367235,0.0,7.084745762711864,57.08464813232422
1702,1535.0,11.0,139.54545454545453,220.0,0.7454545454545455,24.534090909090907,0.04090909090909091,0.0,5.972727272727273,47.87296676635742
1703,1442.0,12.0,120.16666666666667,192.0,0.7604166666666666,13.527690476190486,0.052083333333333336,0.0,6.515625,47.552791595458984
1704,965.0,6.0,160.83333333333334,125.0,0.728,13.56244262295084,0.064,0.0,6.664,38.91926956176758
1705,2209.0,20.0,110.45,280.0,0.7642857142857142,6.439057971014506,0.08928571428571429,0.0,6.875,44.83768081665039
1706,1554.0,13.0,119.53846153846153,203.0,0.8029556650246306,8.90166592028666,0.06896551724137931,0.0,6.650246305418719,63.86848449707031
1707,1400.0,14.0,100.0,189.0,0.7936507936507936,23.326080586080593,0.047619047619047616,0.0,6.407407407407407,49.929813385009766
1708,2064.0,13.0,158.76923076923077,270.0,0.7444444444444445,8.397317415730356,0.04814814814814815,0.0,6.637037037037037,58.56462478637695
1709,2344.0,18.0,130.22222222222223,293.0,0.7474402730375427,3.133735632183914,0.08873720136518772,0.0,6.965870307167235,53.6116943359375
1710,2045.0,13.0,157.30769230769232,274.0,0.7262773722627737,13.695245098039237,0.04744525547445255,0.0,6.456204379562044,61.68741226196289
1711,1255.0,7.0,179.28571428571428,164.0,0.8048780487804879,7.828252032520339,0.08536585365853659,0.0,6.658536585365853,52.08244705200195
1712,1437.0,10.0,143.7,187.0,0.7754010695187166,10.50474662162165,0.0374331550802139,0.0,6.67379679144385,57.14181137084961
1713,1138.0,7.0,162.57142857142858,144.0,0.875,-2.5874999999999773,0.027777777777777776,0.0,6.909722222222222,70.97073364257812
1714,1259.0,10.0,125.9,179.0,0.7597765363128491,21.07318181818181,0.05027932960893855,0.0,6.039106145251397,77.77862548828125
1715,909.0,10.0,90.9,132.0,0.7575757575757576,21.701774193548403,0.030303030303030304,0.0,5.833333333333333,68.96549987792969
1716,1316.0,7.0,188.0,171.0,0.7894736842105263,-3.660921052631579,0.05263157894736842,0.0,6.678362573099415,66.91796112060547
1717,2241.0,18.0,124.5,296.0,0.7533783783783784,12.611397042093301,0.060810810810810814,0.0,6.5675675675675675,47.352779388427734
1718,1107.0,10.0,110.7,155.0,0.8387096774193549,23.589756493506513,0.06451612903225806,0.0,6.148387096774194,62.71815490722656
1719,1360.0,11.0,123.63636363636364,174.0,0.7988505747126436,9.875594315245479,0.05172413793103448,0.0,6.810344827586207,63.577571868896484
1720,2215.0,17.0,130.2941176470588,279.0,0.7455197132616488,5.641308664259952,0.13978494623655913,0.0,6.888888888888889,30.6661319732666
1721,1921.0,13.0,147.76923076923077,258.0,0.7325581395348837,16.140406976744202,0.07751937984496124,0.0,6.441860465116279,50.584983825683594
1722,1655.0,12.0,137.91666666666666,202.0,0.8366336633663366,-11.76601980198015,0.054455445544554455,0.0,7.1683168316831685,42.14983367919922
1723,964.0,9.0,107.11111111111111,138.0,0.7971014492753623,23.19146739130437,0.043478260869565216,0.0,5.992753623188406,48.474246978759766
1724,2418.0,15.0,161.2,314.0,0.7070063694267515,5.953846153846172,0.054140127388535034,0.0,6.687898089171974,48.352142333984375
1725,999.0,7.0,142.71428571428572,136.0,0.8161764705882353,14.628333333333359,0.022058823529411766,0.0,6.352941176470588,57.43497848510742
1726,2004.0,14.0,143.14285714285714,273.0,0.7472527472527473,11.90332257072572,0.07326007326007326,0.0,6.333333333333333,39.15087890625
1727,1548.0,12.0,129.0,211.0,0.7914691943127962,10.203043478260867,0.05687203791469194,0.0,6.341232227488152,79.37066650390625
1728,2142.0,16.0,133.875,273.0,0.7216117216117216,-0.3657692307692173,0.06593406593406594,0.0,6.8388278388278385,43.523319244384766
1729,2476.0,11.0,225.0909090909091,312.0,0.7275641025641025,-14.36953846153844,0.08974358974358974,0.0,6.910256410256411,49.76012420654297
1730,1045.0,6.0,174.16666666666666,126.0,0.8492063492063492,-14.800142857142845,0.12698412698412698,0.0,7.301587301587301,55.869911193847656
1731,1149.0,9.0,127.66666666666667,144.0,0.8472222222222222,9.434532342657377,0.05555555555555555,0.0,6.944444444444445,79.66482543945312
1732,1986.0,10.0,198.6,263.0,0.7262357414448669,1.4797008547008659,0.06463878326996197,0.0,6.520912547528517,59.28328323364258
1733,1951.0,10.0,195.1,253.0,0.6758893280632411,1.0769257795345197,0.08300395256916997,0.0,6.679841897233201,35.89500427246094
1734,2184.0,12.0,182.0,291.0,0.6735395189003437,0.026935332708546866,0.048109965635738834,0.0,6.501718213058419,53.21158218383789
1735,2158.0,17.0,126.94117647058823,283.0,0.7137809187279152,15.531766546329749,0.04946996466431095,0.0,6.586572438162544,45.850990295410156
1736,2232.0,14.0,159.42857142857142,282.0,0.7588652482269503,-3.46488142292489,0.05319148936170213,0.0,6.897163120567376,40.021305084228516
1737,2214.0,15.0,147.6,288.0,0.7465277777777778,0.21898601398601159,0.09027777777777778,0.0,6.684027777777778,42.2064208984375
1738,1279.0,10.0,127.9,174.0,0.7873563218390804,8.75185344827591,0.028735632183908046,0.0,6.35632183908046,69.64464569091797
1739,1793.0,9.0,199.22222222222223,235.0,0.7489361702127659,1.1744125536480965,0.09787234042553192,0.0,6.595744680851064,49.78911590576172
1740,1933.0,10.0,193.3,249.0,0.7188755020080321,1.2941056910569273,0.04819277108433735,0.0,6.755020080321285,49.46125411987305
1741,2037.0,13.0,156.69230769230768,251.0,0.7808764940239044,-7.232791835357574,0.099601593625498,0.0,7.111553784860558,47.73708724975586
1742,2244.0,15.0,149.6,284.0,0.7394366197183099,7.26549137695045,0.12323943661971831,0.0,6.887323943661972,42.233428955078125
1743,1061.0,7.0,151.57142857142858,145.0,0.7448275862068966,10.188591954023025,0.041379310344827586,0.0,6.324137931034483,42.47753143310547
1744,1150.0,9.0,127.77777777777777,156.0,0.7948717948717948,10.792500000000018,0.038461538461538464,0.0,6.378205128205129,48.00367736816406
1745,1821.0,12.0,151.75,249.0,0.7108433734939759,18.61124769966878,0.08433734939759036,0.0,6.261044176706827,43.41724395751953
1746,1836.0,14.0,131.14285714285714,241.0,0.7427385892116183,16.099347416069406,0.03734439834024896,0.0,6.597510373443983,46.02368927001953
1747,1199.0,10.0,119.9,159.0,0.8113207547169812,21.00659589525833,0.06918238993710692,0.0,6.547169811320755,103.70087432861328
1748,2190.0,15.0,146.0,283.0,0.7561837455830389,-4.196973606168427,0.09187279151943463,0.0,6.717314487632509,41.450164794921875
1749,2241.0,14.0,160.07142857142858,311.0,0.707395498392283,16.883411588411604,0.05787781350482315,0.0,6.19935691318328,59.02989196777344
1750,2233.0,20.0,111.65,318.0,0.6792452830188679,26.820512820512846,0.08490566037735849,0.0,5.987421383647798,29.81235122680664
1751,2478.0,14.0,177.0,332.0,0.6897590361445783,11.10052447552448,0.04819277108433735,0.0,6.430722891566265,48.229591369628906
1752,968.0,6.0,161.33333333333334,131.0,0.816793893129771,13.625206106870252,0.04580152671755725,0.0,6.396946564885496,59.39306640625
1753,2169.0,14.0,154.92857142857142,271.0,0.7380073800738007,-5.874793990086715,0.055350553505535055,0.0,6.996309963099631,45.89479446411133
1754,2058.0,12.0,171.5,255.0,0.7725490196078432,-3.7607055335967914,0.08235294117647059,0.0,7.066666666666666,54.1995964050293
1755,1632.0,14.0,116.57142857142857,211.0,0.7440758293838863,7.3398621283929515,0.04265402843601896,0.0,6.739336492890995,58.53193283081055
1756,1640.0,10.0,164.0,236.0,0.7457627118644068,22.652222222222264,0.038135593220338986,0.0,5.953389830508475,58.34877014160156
1757,1574.0,15.0,104.93333333333334,203.0,0.7980295566502463,9.32452470686772,0.04926108374384237,0.0,6.74384236453202,68.74984741210938
1758,1520.0,9.0,168.88888888888889,193.0,0.844559585492228,-0.8788180051813299,0.05699481865284974,0.0,6.880829015544041,77.75106811523438
1759,1835.0,11.0,166.8181818181818,249.0,0.7550200803212851,9.914780487804876,0.05220883534136546,0.0,6.357429718875502,50.515567779541016
1760,1198.0,7.0,171.14285714285714,159.0,0.7735849056603774,0.0959905660377558,0.03773584905660377,0.0,6.540880503144654,44.93342590332031
1761,1192.0,8.0,149.0,169.0,0.7514792899408284,17.47269461077846,0.047337278106508875,0.0,6.053254437869822,50.51713180541992
1762,1207.0,10.0,120.7,168.0,0.7678571428571429,19.31785714285718,0.05952380952380952,0.0,6.190476190476191,49.08325958251953
1763,1295.0,12.0,107.91666666666667,188.0,0.75,28.76052881758767,0.031914893617021274,0.0,5.888297872340425,62.18246841430664
1764,1818.0,12.0,151.5,232.0,0.7844827586206896,-10.73857894736841,0.06465517241379311,0.0,6.8405172413793105,46.5284538269043
1765,885.0,6.0,147.5,113.0,0.8761061946902655,1.9685663716814474,0.07079646017699115,0.0,6.84070796460177,109.90794372558594
1766,1943.0,11.0,176.63636363636363,257.0,0.7392996108949417,-1.4688346456692898,0.07392996108949416,0.0,6.5408560311284045,50.90372848510742
1767,2226.0,12.0,185.5,274.0,0.7700729927007299,-8.952106834771058,0.0948905109489051,0.0,7.08029197080292,42.99095153808594
1768,1492.0,11.0,135.63636363636363,206.0,0.7427184466019418,21.07605882352945,0.06796116504854369,0.0,6.247572815533981,40.703609466552734
1769,1414.0,12.0,117.83333333333333,190.0,0.7947368421052632,19.76932748538013,0.06842105263157895,0.0,6.447368421052632,64.46051025390625
1770,1204.0,10.0,120.4,166.0,0.7771084337349398,18.102665662650622,0.0783132530120482,0.0,6.259036144578313,86.88755798339844
1771,1067.0,10.0,106.7,147.0,0.8095238095238095,23.48725266362257,0.05442176870748299,0.0,6.26530612244898,112.1705322265625
1772,1857.0,14.0,132.64285714285714,250.0,0.736,7.014665012406937,0.06,0.0,6.432,48.98325729370117
1773,1425.0,9.0,158.33333333333334,175.0,0.8171428571428572,4.313017857142881,0.05142857142857143,0.0,7.114285714285714,39.2614631652832
1774,1111.0,8.0,138.875,144.0,0.8472222222222222,7.942500000000024,0.05555555555555555,0.0,6.722222222222222,70.94268798828125
1775,1933.0,13.0,148.69230769230768,264.0,0.7348484848484849,19.994777353689585,0.06060606060606061,0.0,6.291666666666667,56.56303024291992
1776,1311.0,7.0,187.28571428571428,169.0,0.8461538461538461,-2.3671428571428237,0.07100591715976332,0.0,6.727810650887574,61.5521354675293
1777,1246.0,12.0,103.83333333333333,165.0,0.8,9.009715909090943,0.06060606060606061,0.0,6.496969696969697,49.648704528808594
1778,2016.0,13.0,155.07692307692307,299.0,0.6622073578595318,22.6121375921376,0.026755852842809364,0.0,5.729096989966555,46.281532287597656
1779,1186.0,9.0,131.77777777777777,172.0,0.7558139534883721,22.206686046511635,0.029069767441860465,0.0,5.901162790697675,71.65271759033203
1780,1739.0,13.0,133.76923076923077,231.0,0.7229437229437229,7.841704545454576,0.06060606060606061,0.0,6.532467532467533,44.78771209716797
1781,1342.0,9.0,149.11111111111111,174.0,0.7816091954022989,-0.9722844827585675,0.04597701149425287,0.0,6.706896551724138,56.00418472290039
1782,1041.0,8.0,130.125,136.0,0.8529411764705882,13.560588235294148,0.03676470588235294,0.0,6.661764705882353,62.71369552612305
1783,1835.0,10.0,183.5,232.0,0.7543103448275862,7.470689655172407,0.06465517241379311,0.0,6.892241379310345,41.194862365722656
1784,1615.0,9.0,179.44444444444446,210.0,0.7904761904761904,3.739821428571446,0.047619047619047616,0.0,6.6761904761904765,41.4529914855957
1785,897.0,7.0,128.14285714285714,124.0,0.7903225806451613,21.434139784946268,0.08064516129032258,0.0,6.241935483870968,52.102378845214844
1786,2197.0,11.0,199.72727272727272,278.0,0.7410071942446043,-5.351681818181788,0.08273381294964029,0.0,6.884892086330935,49.460487365722656
1787,2007.0,13.0,154.3846153846154,276.0,0.7318840579710145,7.357706812652083,0.06884057971014493,0.0,6.268115942028985,42.61481857299805
1788,1127.0,10.0,112.7,164.0,0.7926829268292683,33.067493224932264,0.04878048780487805,0.0,5.865853658536586,56.4251594543457
1789,993.0,8.0,124.125,138.0,0.8260869565217391,17.292941176470606,0.050724637681159424,0.0,6.202898550724638,53.74911117553711
1790,1939.0,8.0,242.375,263.0,0.7376425855513308,-7.874230769230763,0.08745247148288973,0.0,6.376425855513308,36.008628845214844
1791,2034.0,15.0,135.6,280.0,0.7428571428571429,21.505165231880056,0.05,0.0,6.225,57.44741439819336
1792,1358.0,9.0,150.88888888888889,172.0,0.8023255813953488,7.942732558139539,0.05813953488372093,0.0,6.8895348837209305,69.0250473022461
1793,2458.0,17.0,144.58823529411765,311.0,0.7845659163987139,-2.1529989142236445,0.08038585209003216,0.0,6.897106109324759,56.129676818847656
1794,2267.0,11.0,206.0909090909091,283.0,0.7491166077738516,-18.885788256227727,0.07773851590106007,0.0,7.0,41.74401092529297
1795,1963.0,18.0,109.05555555555556,254.0,0.7519685039370079,12.225511811023665,0.07874015748031496,0.0,6.708661417322834,48.05973434448242
1796,1069.0,7.0,152.71428571428572,140.0,0.8714285714285714,6.700238095238092,0.05714285714285714,0.0,6.607142857142857,69.7148208618164
1797,1992.0,13.0,153.23076923076923,263.0,0.7566539923954373,8.112552447552446,0.07984790874524715,0.0,6.566539923954372,54.61781311035156
1798,1693.0,11.0,153.9090909090909,221.0,0.7963800904977375,4.8677533936651685,0.08597285067873303,0.0,6.656108597285068,59.870540618896484
1799,1014.0,9.0,112.66666666666667,146.0,0.7465753424657534,16.755000000000024,0.04794520547945205,0.0,5.9520547945205475,65.71063232421875
1800,1953.0,15.0,130.2,264.0,0.6931818181818182,21.519425321759968,0.07575757575757576,0.0,6.371212121212121,42.94746780395508
1801,1516.0,16.0,94.75,193.0,0.7927461139896373,9.744498351389552,0.04145077720207254,0.0,6.772020725388601,69.82473754882812
1802,2273.0,14.0,162.35714285714286,294.0,0.7346938775510204,8.880502283105045,0.08503401360544217,0.0,6.680272108843537,41.05746841430664
1803,1392.0,9.0,154.66666666666666,189.0,0.7566137566137566,16.78895833333334,0.06349206349206349,0.0,6.338624338624339,44.308658599853516
1804,1041.0,7.0,148.71428571428572,136.0,0.8161764705882353,9.651862745098072,0.029411764705882353,0.0,6.647058823529412,74.26799774169922
1805,1860.0,12.0,155.0,251.0,0.7250996015936255,9.643427710843412,0.07569721115537849,0.0,6.414342629482071,42.50566482543945
1806,1449.0,9.0,161.0,193.0,0.7823834196891192,5.682500000000033,0.05181347150259067,0.0,6.507772020725389,102.97312927246094
1807,1966.0,10.0,196.6,255.0,0.7725490196078432,-9.509844444444411,0.08627450980392157,0.0,6.701960784313726,33.431312561035156
1808,1375.0,10.0,137.5,187.0,0.7754010695187166,16.997961972667895,0.06417112299465241,0.0,6.352941176470588,46.52717971801758
1809,1954.0,14.0,139.57142857142858,269.0,0.7174721189591078,16.952373595505634,0.055762081784386616,0.0,6.260223048327138,45.50562286376953
1810,2132.0,12.0,177.66666666666666,279.0,0.7311827956989247,2.415636363636395,0.05734767025089606,0.0,6.634408602150538,66.45208740234375
1811,2078.0,13.0,159.84615384615384,271.0,0.7047970479704797,3.263777255954409,0.05166051660516605,0.0,6.6642066420664205,60.33130645751953
1812,1103.0,7.0,157.57142857142858,148.0,0.8445945945945946,12.026711711711755,0.060810810810810814,0.0,6.45945945945946,50.8156852722168
1813,1416.0,10.0,141.6,199.0,0.7386934673366834,19.44347850362928,0.05025125628140704,0.0,6.110552763819095,51.372066497802734
1814,2166.0,14.0,154.71428571428572,284.0,0.7112676056338029,-2.273271446862964,0.10915492957746478,0.0,6.619718309859155,50.68642044067383
1815,1579.0,9.0,175.44444444444446,205.0,0.7804878048780488,-2.347499999999968,0.06341463414634146,0.0,6.7073170731707314,52.75551223754883
1816,705.0,5.0,141.0,90.0,0.8666666666666667,-1.1825000000000045,0.044444444444444446,0.0,6.844444444444444,70.66829681396484
1817,2193.0,16.0,137.0625,308.0,0.672077922077922,22.37273398479917,0.05844155844155844,0.0,6.090909090909091,55.532859802246094
1818,2476.0,18.0,137.55555555555554,338.0,0.6597633136094675,3.2882634730539166,0.05621301775147929,0.0,6.272189349112426,38.685401916503906
1819,1165.0,8.0,145.625,154.0,0.8311688311688312,14.206298701298692,0.09090909090909091,0.0,6.532467532467533,62.906394958496094
1820,1858.0,12.0,154.83333333333334,244.0,0.75,13.207479338842973,0.05327868852459016,0.0,6.594262295081967,63.845008850097656
1821,821.0,6.0,136.83333333333334,115.0,0.8695652173913043,12.818695652173943,0.034782608695652174,0.0,6.147826086956521,49.802486419677734
1822,2059.0,15.0,137.26666666666668,267.0,0.7453183520599251,13.43291727140786,0.08239700374531835,0.0,6.707865168539326,48.70589065551758
1823,1193.0,8.0,149.125,150.0,0.8533333333333334,2.970939597315464,0.06,0.0,6.96,103.9714584350586
1824,1595.0,9.0,177.22222222222223,215.0,0.6930232558139535,12.199357394366217,0.07441860465116279,0.0,6.390697674418605,40.508087158203125
1825,1602.0,7.0,228.85714285714286,202.0,0.7326732673267327,-11.195082508250806,0.06930693069306931,0.0,6.935643564356436,74.8585205078125
1826,1313.0,9.0,145.88888888888889,163.0,0.7607361963190185,-8.836809815950915,0.07975460122699386,0.0,7.061349693251533,46.675071716308594
1827,2052.0,11.0,186.54545454545453,267.0,0.7565543071161048,4.59314285714288,0.0898876404494382,0.0,6.681647940074907,45.72927474975586
1828,1937.0,10.0,193.7,250.0,0.76,-0.7114444444444246,0.06,0.0,6.744,79.77750396728516
1829,1969.0,14.0,140.64285714285714,262.0,0.8129770992366412,3.7173167963683795,0.09541984732824428,0.0,6.49236641221374,50.996803283691406
1830,1290.0,9.0,143.33333333333334,174.0,0.7758620689655172,11.182887931034486,0.05747126436781609,0.0,6.419540229885057,71.9615707397461
1831,2116.0,15.0,141.06666666666666,275.0,0.7236363636363636,7.905426726558119,0.08727272727272728,0.0,6.665454545454545,55.10847854614258
1832,1329.0,7.0,189.85714285714286,162.0,0.8148148148148148,-7.466671842650072,0.07407407407407407,0.0,7.179012345679013,71.47990417480469
1833,1338.0,10.0,133.8,174.0,0.8620689655172413,11.843036175710608,0.05747126436781609,0.0,6.695402298850575,93.84984588623047
1834,886.0,7.0,126.57142857142857,136.0,0.8161764705882353,35.778333333333364,0.08088235294117647,0.0,5.522058823529412,87.97919464111328
1835,1806.0,13.0,138.92307692307693,238.0,0.7563025210084033,15.409401611047173,0.07983193277310924,0.0,6.584033613445378,56.41956329345703
1836,2079.0,12.0,173.25,271.0,0.7158671586715867,-4.48376140588033,0.055350553505535055,0.0,6.671586715867159,77.7078857421875
1837,1644.0,9.0,182.66666666666666,213.0,0.7981220657276995,-2.6823584905660027,0.107981220657277,0.0,6.699530516431925,56.78738784790039
1838,1783.0,19.0,93.84210526315789,248.0,0.7943548387096774,24.634628099173568,0.04838709677419355,0.0,6.185483870967742,58.370948791503906
1839,1530.0,15.0,102.0,218.0,0.7752293577981652,35.15831416247306,0.06422018348623854,0.0,6.022935779816514,56.5313720703125
1840,1791.0,11.0,162.8181818181818,241.0,0.7717842323651453,13.173500000000018,0.08713692946058091,0.0,6.423236514522822,52.40740203857422
1841,2169.0,13.0,166.84615384615384,287.0,0.7038327526132404,6.701381578947405,0.04878048780487805,0.0,6.550522648083624,58.12175750732422
1842,1995.0,13.0,153.46153846153845,259.0,0.752895752895753,-2.788886900501069,0.05791505791505792,0.0,6.698841698841699,48.1379280090332
1843,1130.0,10.0,113.0,163.0,0.7730061349693251,18.671165644171793,0.0736196319018405,0.0,5.938650306748467,54.17857360839844
1844,1300.0,11.0,118.18181818181819,179.0,0.776536312849162,16.50252638112974,0.061452513966480445,0.0,6.262569832402234,73.8889389038086
1845,2022.0,12.0,168.5,278.0,0.6870503597122302,13.490545454545469,0.046762589928057555,0.0,6.23021582733813,53.586238861083984
1846,1895.0,12.0,157.91666666666666,238.0,0.7689075630252101,-2.5177983193277385,0.10084033613445378,0.0,6.966386554621849,39.197330474853516
1847,1246.0,9.0,138.44444444444446,179.0,0.770949720670391,20.279339887640475,0.0446927374301676,0.0,5.966480446927374,62.89961624145508
1848,1766.0,9.0,196.22222222222223,240.0,0.7416666666666667,8.019824790794985,0.058333333333333334,0.0,6.333333333333333,50.802490234375
1849,1408.0,10.0,140.8,177.0,0.8700564971751412,11.45977401129943,0.07909604519774012,0.0,6.903954802259887,61.772186279296875
1850,1400.0,13.0,107.6923076923077,167.0,0.8263473053892215,4.695542005420066,0.04790419161676647,0.0,7.3293413173652695,43.45906066894531
1851,2241.0,18.0,124.5,292.0,0.7602739726027398,3.7741379310345167,0.0958904109589041,0.0,6.6438356164383565,45.72172927856445
1852,1327.0,10.0,132.7,171.0,0.8187134502923976,16.371052631578948,0.05847953216374269,0.0,6.766081871345029,53.769065856933594
1853,2055.0,12.0,171.25,265.0,0.7433962264150943,-2.5667124735729203,0.05660377358490566,0.0,6.7320754716981135,50.90778350830078
1854,1121.0,12.0,93.41666666666667,165.0,0.7878787878787878,40.84886363636366,0.06666666666666667,0.0,5.8,60.685298919677734
1855,1513.0,10.0,151.3,201.0,0.8159203980099502,2.452527985074653,0.0845771144278607,0.0,6.512437810945274,72.78087615966797
1856,2239.0,16.0,139.9375,285.0,0.7052631578947368,8.013970747562325,0.08421052631578947,0.0,6.852631578947369,40.10213851928711
1857,2294.0,12.0,191.16666666666666,308.0,0.7045454545454546,-1.9357486631015774,0.03896103896103896,0.0,6.39935064935065,49.957096099853516
1858,1592.0,10.0,159.2,211.0,0.8104265402843602,6.962678571428626,0.061611374407582936,0.0,6.549763033175355,62.720035552978516
1859,1542.0,15.0,102.8,208.0,0.8076923076923077,20.295416666666682,0.03365384615384615,0.0,6.403846153846154,75.66234588623047
1860,905.0,8.0,113.125,114.0,0.8771929824561403,10.186842105263167,0.043859649122807015,0.0,6.947368421052632,60.677486419677734
1861,1594.0,11.0,144.9090909090909,206.0,0.7669902912621359,10.565805825242734,0.038834951456310676,0.0,6.733009708737864,72.08692169189453
1862,1413.0,11.0,128.45454545454547,185.0,0.8432432432432433,5.165521739130469,0.05945945945945946,0.0,6.6378378378378375,93.01569366455078
1863,2114.0,19.0,111.26315789473684,299.0,0.7290969899665551,15.344811643835612,0.05351170568561873,0.0,6.063545150501672,58.032833099365234
1864,1517.0,8.0,189.625,190.0,0.8105263157894737,-5.49921052631575,0.08947368421052632,0.0,6.968421052631579,68.21697235107422
1865,1908.0,12.0,159.0,268.0,0.7014925373134329,19.968968335035783,0.041044776119402986,0.0,6.115671641791045,50.50497817993164
1866,904.0,7.0,129.14285714285714,117.0,0.8461538461538461,7.072011494252877,0.09401709401709402,0.0,6.735042735042735,106.95223999023438
1867,1264.0,12.0,105.33333333333333,159.0,0.8176100628930818,22.028575471698133,0.07547169811320754,0.0,6.955974842767295,79.64142608642578
1868,1579.0,11.0,143.54545454545453,186.0,0.8602150537634409,-7.169806451612885,0.08064516129032258,0.0,7.494623655913978,82.34170532226562
1869,1505.0,12.0,125.41666666666667,198.0,0.7373737373737373,10.338992385786838,0.04040404040404041,0.0,6.575757575757576,45.64839553833008
1870,1311.0,10.0,131.1,159.0,0.8553459119496856,-3.2079395218002844,0.08176100628930817,0.0,7.213836477987422,61.659912109375
1871,2352.0,18.0,130.66666666666666,318.0,0.710691823899371,17.053306962025346,0.04716981132075472,0.0,6.383647798742138,43.316688537597656
1872,1256.0,12.0,104.66666666666667,159.0,0.8050314465408805,19.703333333333347,0.05660377358490566,0.0,6.867924528301887,47.62030792236328
1873,1345.0,8.0,168.125,176.0,0.8295454545454546,5.97542857142858,0.0625,0.0,6.6477272727272725,74.982666015625
1874,1218.0,8.0,152.25,156.0,0.8076923076923077,-0.16961538461535497,0.07051282051282051,0.0,6.814102564102564,79.39197540283203
1875,1021.0,6.0,170.16666666666666,145.0,0.7931034482758621,5.282758620689691,0.05517241379310345,0.0,6.048275862068966,78.23722839355469
1876,2007.0,12.0,167.25,282.0,0.7163120567375887,12.538571428571458,0.04964539007092199,0.0,6.085106382978723,71.15965270996094
1877,1929.0,9.0,214.33333333333334,245.0,0.7714285714285715,-0.7008035714285654,0.1306122448979592,0.0,6.840816326530613,46.027244567871094
1878,2016.0,14.0,144.0,247.0,0.7611336032388664,-3.1226703778677347,0.10121457489878542,0.0,7.157894736842105,44.11053466796875
1879,1183.0,6.0,197.16666666666666,159.0,0.7735849056603774,-1.0269056603773663,0.06918238993710692,0.0,6.446540880503145,59.8010368347168
1880,2342.0,14.0,167.28571428571428,301.0,0.7275747508305648,7.251606744704588,0.06312292358803986,0.0,6.774086378737541,66.03973388671875
1881,1390.0,10.0,139.0,188.0,0.7872340425531915,13.929301075268853,0.031914893617021274,0.0,6.377659574468085,49.438533782958984
1882,2239.0,13.0,172.23076923076923,281.0,0.7615658362989324,2.0291304347826156,0.06405693950177936,0.0,6.9644128113879,40.313072204589844
1883,1823.0,10.0,182.3,250.0,0.72,5.913691756272414,0.064,0.0,6.292,51.2056770324707
1884,1400.0,9.0,155.55555555555554,183.0,0.7759562841530054,0.5480225409836237,0.07103825136612021,0.0,6.655737704918033,59.21409606933594
1885,2307.0,14.0,164.78571428571428,297.0,0.7138047138047138,0.10627551020408532,0.05723905723905724,0.0,6.7407407407407405,51.77703094482422
1886,1876.0,13.0,144.30769230769232,235.0,0.8,-4.596954022988484,0.08085106382978724,0.0,6.987234042553191,43.678985595703125
1887,1987.0,17.0,116.88235294117646,265.0,0.7396226415094339,11.81236692015213,0.045283018867924525,0.0,6.486792452830189,65.3675537109375
1888,1213.0,8.0,151.625,161.0,0.7763975155279503,9.035341614906855,0.062111801242236024,0.0,6.540372670807454,70.28485107421875
1889,1378.0,9.0,153.11111111111111,166.0,0.8253012048192772,-10.437093373493951,0.06626506024096386,0.0,7.307228915662651,29.100419998168945
1890,1864.0,11.0,169.45454545454547,256.0,0.78125,8.113878486055825,0.0859375,0.0,6.26171875,62.16263198852539
1891,1056.0,9.0,117.33333333333333,147.0,0.7891156462585034,18.190000000000026,0.05442176870748299,0.0,6.190476190476191,42.21698760986328
1892,1201.0,8.0,150.125,152.0,0.7631578947368421,-3.8852631578947125,0.03289473684210526,0.0,6.901315789473684,80.99827575683594
1893,1813.0,10.0,181.3,231.0,0.7359307359307359,-7.4608225108224815,0.06493506493506493,0.0,6.8441558441558445,67.8263931274414
1894,1025.0,10.0,102.5,137.0,0.8248175182481752,17.26970588235298,0.029197080291970802,0.0,6.489051094890511,75.55951690673828
1895,1641.0,11.0,149.1818181818182,224.0,0.7678571428571429,7.462956349206365,0.05357142857142857,0.0,6.316964285714286,54.948707580566406
1896,2141.0,22.0,97.31818181818181,292.0,0.7397260273972602,24.40443204868157,0.0547945205479452,0.0,6.294520547945205,59.73249435424805
1897,2363.0,12.0,196.91666666666666,315.0,0.7015873015873015,4.429035724658746,0.0380952380952381,0.0,6.4603174603174605,48.81243133544922
1898,881.0,7.0,125.85714285714286,120.0,0.8416666666666667,15.92500000000004,0.058333333333333334,0.0,6.35,61.13970947265625
1899,1285.0,10.0,128.5,171.0,0.8011695906432749,13.897368421052647,0.05263157894736842,0.0,6.514619883040936,56.026084899902344
1900,1745.0,15.0,116.33333333333333,237.0,0.7510548523206751,23.437068339385974,0.06751054852320675,0.0,6.3544303797468356,53.273643493652344
1901,1911.0,14.0,136.5,248.0,0.7298387096774194,3.385021929824603,0.06854838709677419,0.0,6.69758064516129,39.632957458496094
1902,1429.0,9.0,158.77777777777777,192.0,0.7760416666666666,3.140625000000057,0.0625,0.0,6.447916666666667,35.93086242675781
1903,893.0,11.0,81.18181818181819,117.0,0.7777777777777778,32.99026923076926,0.05128205128205128,0.0,6.641025641025641,83.7182388305664
1904,1219.0,9.0,135.44444444444446,163.0,0.754601226993865,10.207135736196335,0.05521472392638037,0.0,6.484662576687117,64.26519775390625
1905,2034.0,13.0,156.46153846153845,270.0,0.7481481481481481,6.838171679621524,0.05555555555555555,0.0,6.529629629629629,57.93343734741211
1906,1990.0,19.0,104.73684210526316,288.0,0.6631944444444444,27.590000000000003,0.03125,0.0,5.819444444444445,49.293575286865234
1907,2092.0,11.0,190.1818181818182,265.0,0.7660377358490567,-5.8632547169811176,0.07169811320754717,0.0,6.890566037735849,55.134761810302734
1908,1872.0,12.0,156.0,249.0,0.7710843373493976,14.843636363636392,0.060240963855421686,0.0,6.514056224899599,57.85691452026367
1909,2218.0,14.0,158.42857142857142,306.0,0.696078431372549,4.4846230007616725,0.06535947712418301,0.0,6.245098039215686,43.34827423095703
1910,1317.0,8.0,164.625,169.0,0.8224852071005917,-3.8901183431952404,0.07100591715976332,0.0,6.798816568047338,84.20905303955078
1911,1771.0,10.0,177.1,228.0,0.7850877192982456,2.788815142576226,0.08333333333333333,0.0,6.771929824561403,69.06307220458984
1912,1465.0,9.0,162.77777777777777,193.0,0.8341968911917098,2.627917746114008,0.07772020725388601,0.0,6.5595854922279795,103.025634765625
1913,1984.0,12.0,165.33333333333334,268.0,0.7686567164179104,10.864138755980917,0.041044776119402986,0.0,6.391791044776119,65.20574188232422
1914,1280.0,10.0,128.0,178.0,0.8426966292134831,14.824318181818171,0.05056179775280899,0.0,6.196629213483146,69.16840362548828
1915,1985.0,23.0,86.30434782608695,250.0,0.78,-2.105994535519102,0.112,0.0,6.9,54.112335205078125
1916,1056.0,7.0,150.85714285714286,146.0,0.7876712328767124,7.721598173516014,0.04794520547945205,0.0,6.239726027397261,60.52009201049805
1917,1921.0,15.0,128.06666666666666,251.0,0.7888446215139442,5.342074898785455,0.04780876494023904,0.0,6.649402390438247,36.55965805053711
1918,1823.0,9.0,202.55555555555554,208.0,0.7932692307692307,-31.46173076923074,0.07211538461538461,0.0,7.769230769230769,92.99397277832031
1919,1070.0,8.0,133.75,138.0,0.7681159420289855,16.398913043478274,0.043478260869565216,0.0,6.717391304347826,48.13195037841797
1920,1229.0,8.0,153.625,164.0,0.774390243902439,6.633048780487826,0.042682926829268296,0.0,6.5,45.27759552001953
1921,1675.0,9.0,186.11111111111111,192.0,0.8333333333333334,-21.534374999999983,0.10416666666666667,0.0,7.71875,49.8230094909668
1922,1290.0,9.0,143.33333333333334,183.0,0.7704918032786885,26.823111187845342,0.04918032786885246,0.0,6.054644808743169,45.18408966064453
1923,1910.0,13.0,146.92307692307693,250.0,0.736,13.732378048780504,0.072,0.0,6.608,59.01714324951172
1924,922.0,11.0,83.81818181818181,120.0,0.9,17.41500000000002,0.08333333333333333,0.0,6.691666666666666,63.95027542114258
1925,2438.0,17.0,143.41176470588235,345.0,0.6666666666666666,19.768131782945744,0.06956521739130435,0.0,6.034782608695652,56.92964553833008
1926,981.0,9.0,109.0,135.0,0.762962962962963,33.70568181818183,0.06666666666666667,0.0,6.2592592592592595,70.15306854248047
1927,1829.0,10.0,182.9,229.0,0.7729257641921398,-9.228333333333325,0.09170305676855896,0.0,6.991266375545852,62.031105041503906
1928,1845.0,10.0,184.5,231.0,0.7835497835497836,-5.629653679653671,0.12121212121212122,0.0,6.987012987012987,39.799530029296875
1929,1380.0,11.0,125.45454545454545,186.0,0.7741935483870968,17.846322580645193,0.043010752688172046,0.0,6.424731182795699,80.29312896728516
1930,1205.0,12.0,100.41666666666667,165.0,0.806060606060606,16.473500846979135,0.06060606060606061,0.0,6.278787878787878,46.205238342285156
1931,2300.0,14.0,164.28571428571428,304.0,0.6973684210526315,-0.23499448123615707,0.049342105263157895,0.0,6.5625,66.29344177246094
1932,1978.0,10.0,197.8,249.0,0.7429718875502008,-5.97657669815564,0.05622489959839357,0.0,6.9397590361445785,59.493350982666016
1933,1233.0,9.0,137.0,157.0,0.8089171974522293,5.8608479299363125,0.050955414012738856,0.0,6.834394904458598,58.22122573852539
1934,1757.0,11.0,159.72727272727272,213.0,0.7981220657276995,-11.477142857142837,0.07511737089201878,0.0,7.253521126760563,47.211483001708984
1935,1143.0,8.0,142.875,143.0,0.8461538461538461,-6.172727272727258,0.06993006993006994,0.0,7.0,54.31929397583008
1936,1335.0,12.0,111.25,181.0,0.8287292817679558,20.283531967721927,0.10497237569060773,0.0,6.370165745856354,62.15904998779297
1937,1651.0,9.0,183.44444444444446,214.0,0.780373831775701,4.553843457943913,0.09345794392523364,0.0,6.719626168224299,62.403968811035156
1938,1814.0,10.0,181.4,238.0,0.7226890756302521,8.407932489451525,0.046218487394957986,0.0,6.600840336134453,36.4376106262207
1939,2220.0,13.0,170.76923076923077,292.0,0.75,4.387760074976569,0.1095890410958904,0.0,6.571917808219178,41.0192985534668
1940,2311.0,13.0,177.76923076923077,310.0,0.6870967741935484,0.32164502164505393,0.04838709677419355,0.0,6.448387096774193,50.956844329833984
1941,1634.0,8.0,204.25,218.0,0.7477064220183486,5.531666666666695,0.03669724770642202,0.0,6.5,44.66733932495117
1942,1653.0,13.0,127.15384615384616,216.0,0.7870370370370371,21.446580288870024,0.0787037037037037,0.0,6.657407407407407,68.10838317871094
1943,1339.0,11.0,121.72727272727273,162.0,0.8209876543209876,-11.692496118012372,0.037037037037037035,0.0,7.234567901234568,58.73944854736328
1944,1853.0,11.0,168.45454545454547,245.0,0.7918367346938775,10.014163900414957,0.061224489795918366,0.0,6.506122448979592,70.98312377929688
1945,1083.0,8.0,135.375,147.0,0.7755102040816326,16.89551020408166,0.047619047619047616,0.0,6.374149659863946,58.26782989501953
1946,1175.0,9.0,130.55555555555554,164.0,0.774390243902439,18.51143021472396,0.06097560975609756,0.0,6.170731707317073,60.41701126098633
1947,1444.0,8.0,180.5,169.0,0.7396449704142012,-16.90550295857986,0.029585798816568046,0.0,7.514792899408284,42.34938430786133
1948,1569.0,10.0,156.9,214.0,0.8130841121495327,26.15102284527518,0.06074766355140187,0.0,6.327102803738318,61.79065704345703
1949,1971.0,14.0,140.78571428571428,263.0,0.7490494296577946,9.163390663390686,0.049429657794676805,0.0,6.498098859315589,56.625205993652344
1950,2367.0,15.0,157.8,322.0,0.6894409937888198,12.463257776706058,0.043478260869565216,0.0,6.34472049689441,42.388031005859375
1951,2285.0,13.0,175.76923076923077,295.0,0.7254237288135593,10.17770408163264,0.05423728813559322,0.0,6.738983050847458,67.98473358154297
1952,1652.0,8.0,206.5,216.0,0.7268518518518519,-9.534507042253495,0.046296296296296294,0.0,6.652777777777778,45.46234130859375
1953,1442.0,11.0,131.0909090909091,181.0,0.856353591160221,-1.0065070595457257,0.049723756906077346,0.0,6.955801104972376,62.0303955078125
1954,1801.0,9.0,200.11111111111111,236.0,0.7457627118644068,-3.2614423076922776,0.059322033898305086,0.0,6.6059322033898304,75.17896270751953
1955,1719.0,11.0,156.27272727272728,205.0,0.7951219512195122,-6.294529411764671,0.03414634146341464,0.0,7.390243902439025,45.17618179321289
1956,2321.0,15.0,154.73333333333332,304.0,0.75,9.910174418604669,0.0756578947368421,0.0,6.608552631578948,44.62944412231445
1957,2010.0,14.0,143.57142857142858,265.0,0.6943396226415094,-4.178131178707218,0.04905660377358491,0.0,6.581132075471698,40.50604248046875
1958,1781.0,13.0,137.0,230.0,0.782608695652174,6.135904919236452,0.06956521739130435,0.0,6.721739130434782,54.278968811035156
1959,1134.0,8.0,141.75,141.0,0.8368794326241135,0.3900000000000432,0.05673758865248227,0.0,7.049645390070922,87.2288818359375
1960,1314.0,8.0,164.25,174.0,0.8275862068965517,14.99508670520234,0.05747126436781609,0.0,6.557471264367816,76.53996276855469
1961,1099.0,6.0,183.16666666666666,129.0,0.8527131782945736,-11.505488372092998,0.06201550387596899,0.0,7.496124031007752,59.863372802734375
1962,1391.0,11.0,126.45454545454545,176.0,0.7897727272727273,-2.8832070707070443,0.09090909090909091,0.0,6.909090909090909,60.8591423034668
1963,2249.0,13.0,173.0,277.0,0.779783393501805,-17.888363636363607,0.09386281588447654,0.0,7.090252707581228,51.1207275390625
1964,1635.0,13.0,125.76923076923077,215.0,0.8558139534883721,6.651428571428596,0.05581395348837209,0.0,6.525581395348837,54.13993835449219
1965,1866.0,18.0,103.66666666666667,262.0,0.7824427480916031,30.453974358974364,0.09923664122137404,0.0,6.114503816793893,61.2900390625
1966,1761.0,12.0,146.75,230.0,0.7521739130434782,5.3774901185771,0.07391304347826087,0.0,6.6347826086956525,65.710205078125
1967,1828.0,14.0,130.57142857142858,235.0,0.7574468085106383,7.31791666666669,0.0851063829787234,0.0,6.753191489361702,45.41664505004883
1968,1285.0,15.0,85.66666666666667,168.0,0.8214285714285714,23.72404761904764,0.05357142857142857,0.0,6.654761904761905,58.95160675048828
1969,1445.0,8.0,180.625,192.0,0.765625,1.0407017543859638,0.041666666666666664,0.0,6.505208333333333,93.48503112792969
1970,1723.0,9.0,191.44444444444446,222.0,0.7927927927927928,2.416136363636383,0.0945945945945946,0.0,6.7342342342342345,54.49263381958008
1971,1480.0,10.0,148.0,199.0,0.7788944723618091,5.584864949748777,0.06030150753768844,0.0,6.442211055276382,61.75127410888672
1972,1380.0,17.0,81.17647058823529,183.0,0.7868852459016393,7.125,0.0273224043715847,0.0,6.5136612021857925,69.0066146850586
1973,1098.0,7.0,156.85714285714286,145.0,0.8206896551724138,7.271350574712642,0.04827586206896552,0.0,6.5793103448275865,59.65475845336914
1974,2274.0,14.0,162.42857142857142,295.0,0.7050847457627119,6.385082698871116,0.04067796610169491,0.0,6.657627118644068,46.24864196777344
1975,796.0,5.0,159.2,110.0,0.8636363636363636,9.722500000000025,0.045454545454545456,0.0,6.245454545454545,66.97280883789062
1976,841.0,7.0,120.14285714285714,125.0,0.8,34.08596666666668,0.04,0.0,5.736,35.56467056274414
1977,2162.0,13.0,166.30769230769232,278.0,0.7122302158273381,2.376765151515201,0.050359712230215826,0.0,6.748201438848921,40.22174072265625
1978,1793.0,13.0,137.92307692307693,221.0,0.7692307692307693,-5.612037671232855,0.09502262443438914,0.0,7.081447963800905,48.23199462890625
1979,2338.0,18.0,129.88888888888889,336.0,0.7261904761904762,25.747243975903643,0.06547619047619048,0.0,5.925595238095238,36.85602951049805
1980,1555.0,10.0,155.5,208.0,0.7932692307692307,15.22413700107876,0.11057692307692307,0.0,6.480769230769231,51.597999572753906
1981,1209.0,9.0,134.33333333333334,162.0,0.8703703703703703,14.801497641509428,0.05555555555555555,0.0,6.469135802469136,46.229305267333984
1982,1234.0,12.0,102.83333333333333,163.0,0.7975460122699386,24.392361111111114,0.05521472392638037,0.0,6.50920245398773,48.060935974121094
1983,1091.0,8.0,136.375,143.0,0.8251748251748252,15.716783216783227,0.06993006993006994,0.0,6.636363636363637,63.55038833618164
1984,894.0,8.0,111.75,122.0,0.8442622950819673,25.492540983606574,0.07377049180327869,0.0,6.336065573770492,43.40351867675781
1985,924.0,6.0,154.0,126.0,0.8253968253968254,16.085571428571455,0.05555555555555555,0.0,6.341269841269841,61.43636703491211
1986,1706.0,15.0,113.73333333333333,221.0,0.7828054298642534,14.475633561643832,0.07692307692307693,0.0,6.669683257918552,59.59150314331055
1987,1565.0,12.0,130.41666666666666,201.0,0.681592039800995,14.80158627087198,0.07462686567164178,0.0,6.791044776119403,43.356327056884766
1988,1180.0,7.0,168.57142857142858,155.0,0.8064516129032258,-1.6010822510822322,0.025806451612903226,0.0,6.606451612903226,102.8748779296875
1989,2200.0,14.0,157.14285714285714,311.0,0.7202572347266881,15.869944875970958,0.05144694533762058,0.0,6.054662379421222,51.656986236572266
1990,1978.0,9.0,219.77777777777777,263.0,0.714828897338403,1.927521551724169,0.04182509505703422,0.0,6.475285171102661,55.950801849365234
1991,1843.0,9.0,204.77777777777777,240.0,0.7458333333333333,-8.201586134453748,0.0375,0.0,6.683333333333334,41.910369873046875
1992,1956.0,10.0,195.6,257.0,0.7898832684824902,1.8503125000000296,0.08949416342412451,0.0,6.571984435797665,47.21589660644531
1993,1405.0,10.0,140.5,184.0,0.782608695652174,10.44693236714977,0.043478260869565216,0.0,6.608695652173913,57.031917572021484
1994,1777.0,12.0,148.08333333333334,244.0,0.75,9.923378151260522,0.036885245901639344,0.0,6.286885245901639,51.168235778808594
1995,2188.0,16.0,136.75,288.0,0.7916666666666666,3.177027972027986,0.06597222222222222,0.0,6.590277777777778,54.53083038330078
1996,2274.0,16.0,142.125,311.0,0.7170418006430869,17.79760545905708,0.05787781350482315,0.0,6.282958199356913,50.27455520629883
1997,2049.0,16.0,128.0625,267.0,0.7528089887640449,9.92121915820033,0.08239700374531835,0.0,6.644194756554307,49.33180236816406
1998,1646.0,20.0,82.3,231.0,0.8008658008658008,36.90019736842106,0.05194805194805195,0.0,6.073593073593074,61.215675354003906
1999,1268.0,9.0,140.88888888888889,168.0,0.7440476190476191,1.6928571428571786,0.07142857142857142,0.0,6.553571428571429,110.93863677978516
2000,1691.0,11.0,153.72727272727272,225.0,0.7511111111111111,13.483011210762356,0.057777777777777775,0.0,6.484444444444445,44.0868034362793
2001,2250.0,14.0,160.71428571428572,292.0,0.7054794520547946,11.200278514588888,0.04794520547945205,0.0,6.695205479452055,45.19757080078125
2002,1674.0,10.0,167.4,228.0,0.7587719298245614,11.179561403508814,0.05263157894736842,0.0,6.337719298245614,67.1343994140625
2003,1176.0,9.0,130.66666666666666,147.0,0.8775510204081632,2.307140410958908,0.09523809523809523,0.0,7.006802721088436,92.92300415039062
2004,1439.0,19.0,75.73684210526316,210.0,0.7095238095238096,35.78598880597016,0.08095238095238096,0.0,5.8428571428571425,37.453006744384766
2005,1361.0,9.0,151.22222222222223,178.0,0.8426966292134831,8.397317415730356,0.05056179775280899,0.0,6.646067415730337,57.9336051940918
2006,1548.0,11.0,140.72727272727272,213.0,0.755868544600939,14.029584507042273,0.06103286384976526,0.0,6.272300469483568,55.41990661621094
2007,2097.0,12.0,174.75,273.0,0.73992673992674,5.580179114565766,0.07692307692307693,0.0,6.673992673992674,52.177303314208984
2008,1024.0,8.0,128.0,158.0,0.7025316455696202,31.859177215189902,0.0379746835443038,0.0,5.487341772151899,34.25222396850586
2009,1909.0,15.0,127.26666666666667,260.0,0.7269230769230769,25.292692307692334,0.05384615384615385,0.0,6.323076923076923,64.00762939453125
2010,2111.0,11.0,191.9090909090909,283.0,0.6749116607773852,8.611560070671402,0.028268551236749116,0.0,6.4416961130742045,39.10836410522461
2011,2123.0,12.0,176.91666666666666,270.0,0.7555555555555555,-3.1933446404341623,0.05925925925925926,0.0,6.859259259259259,44.93207931518555
2012,1818.0,12.0,151.5,231.0,0.7705627705627706,7.0028537117903795,0.0735930735930736,0.0,6.861471861471862,79.59465789794922
2013,1364.0,10.0,136.4,175.0,0.8571428571428571,14.03146031746033,0.06857142857142857,0.0,6.782857142857143,85.24349975585938
2014,1819.0,19.0,95.73684210526316,250.0,0.772,21.623427378542516,0.06,0.0,6.252,53.74040985107422
2015,2014.0,11.0,183.0909090909091,256.0,0.77734375,-8.32047794117645,0.06640625,0.0,6.86328125,54.387481689453125
2016,1784.0,18.0,99.11111111111111,233.0,0.7854077253218884,13.11760729613735,0.1072961373390558,0.0,6.652360515021459,51.09517288208008
2017,1552.0,9.0,172.44444444444446,197.0,0.817258883248731,-4.966481598984728,0.06598984771573604,0.0,6.883248730964467,49.64933395385742
2018,2452.0,15.0,163.46666666666667,314.0,0.732484076433121,-1.5430977103301018,0.06050955414012739,0.0,6.770700636942675,60.84033966064453
2019,948.0,8.0,118.5,142.0,0.7746478873239436,29.190000000000026,0.028169014084507043,0.0,5.683098591549296,50.48666000366211
2020,2121.0,19.0,111.63157894736842,285.0,0.7017543859649122,23.84520705032918,0.04912280701754386,0.0,6.435087719298245,41.28117370605469
2021,1095.0,7.0,156.42857142857142,141.0,0.8156028368794326,0.05309523809526695,0.1276595744680851,0.0,6.773049645390071,91.30381774902344
2022,1540.0,12.0,128.33333333333334,222.0,0.7432432432432432,24.898835870012334,0.036036036036036036,0.0,5.941441441441442,72.5552978515625
2023,1348.0,8.0,168.5,175.0,0.8342857142857143,0.17428571428573036,0.05714285714285714,0.0,6.708571428571428,73.11859893798828
2024,2356.0,14.0,168.28571428571428,315.0,0.6888888888888889,-0.5623376623376544,0.07936507936507936,0.0,6.457142857142857,26.175308227539062
2025,1663.0,11.0,151.1818181818182,233.0,0.721030042918455,18.175541125541145,0.055793991416309016,0.0,6.133047210300429,54.04133605957031
2026,784.0,6.0,130.66666666666666,103.0,0.7961165048543689,6.869689320388375,0.02912621359223301,0.0,6.58252427184466,59.20811080932617
2027,1182.0,8.0,147.75,155.0,0.8516129032258064,9.156129032258093,0.09032258064516129,0.0,6.632258064516129,59.17155838012695
2028,1355.0,7.0,193.57142857142858,166.0,0.8072289156626506,-9.812931726907635,0.06626506024096386,0.0,7.132530120481928,68.48377227783203
2029,1178.0,10.0,117.8,168.0,0.8154761904761905,35.518476380572196,0.041666666666666664,0.0,6.011904761904762,90.5085678100586
2030,1213.0,9.0,134.77777777777777,162.0,0.8209876543209876,17.603472222222223,0.11728395061728394,0.0,6.493827160493828,55.039310455322266
2031,1346.0,9.0,149.55555555555554,182.0,0.7912087912087912,4.927500000000009,0.04395604395604396,0.0,6.4010989010989015,80.64305877685547
2032,1443.0,10.0,144.3,203.0,0.7931034482758621,23.909584017515073,0.03940886699507389,0.0,6.113300492610837,42.04497146606445
2033,2184.0,15.0,145.6,293.0,0.6689419795221843,12.211346153846165,0.04436860068259386,0.0,6.426621160409557,43.12733840942383
2034,1686.0,11.0,153.27272727272728,227.0,0.748898678414097,10.494940528634373,0.048458149779735685,0.0,6.41409691629956,45.77828598022461
2035,2044.0,11.0,185.8181818181818,263.0,0.7262357414448669,-2.0457779922779764,0.09125475285171103,0.0,6.760456273764259,52.21433639526367
2036,1082.0,8.0,135.25,140.0,0.8642857142857143,5.249285714285747,0.06428571428571428,0.0,6.735714285714286,50.40618133544922
2037,1567.0,12.0,130.58333333333334,208.0,0.7451923076923077,18.149923076923102,0.052884615384615384,0.0,6.480769230769231,57.28427505493164
2038,2251.0,12.0,187.58333333333334,296.0,0.6891891891891891,-9.112862407862394,0.033783783783783786,0.0,6.597972972972973,43.941287994384766
2039,2017.0,15.0,134.46666666666667,276.0,0.6666666666666666,21.560626520681296,0.06159420289855073,0.0,6.2898550724637685,41.749088287353516
2040,1076.0,8.0,134.5,157.0,0.7770700636942676,31.035605095541428,0.03184713375796178,0.0,5.859872611464968,54.479148864746094
2041,1364.0,10.0,136.4,196.0,0.7397959183673469,19.415249433106595,0.061224489795918366,0.0,5.954081632653061,48.503662109375
2042,1969.0,13.0,151.46153846153845,240.0,0.775,-12.762883880825058,0.075,0.0,7.2,44.30349349975586
2043,1769.0,11.0,160.8181818181818,228.0,0.7675438596491229,3.7324736842105324,0.05701754385964912,0.0,6.7631578947368425,60.90713119506836
2044,2092.0,12.0,174.33333333333334,276.0,0.6847826086956522,4.876727272727294,0.043478260869565216,0.0,6.572463768115942,79.41593933105469
2045,1597.0,12.0,133.08333333333334,205.0,0.7609756097560976,4.03432926829268,0.05365853658536585,0.0,6.751219512195122,55.66069793701172
2046,1922.0,10.0,192.2,258.0,0.7635658914728682,2.154513888888914,0.06976744186046512,0.0,6.445736434108527,63.513065338134766
2047,1505.0,12.0,125.41666666666667,208.0,0.8173076923076923,34.711503496503525,0.052884615384615384,0.0,6.225961538461538,72.72675323486328
2048,2065.0,15.0,137.66666666666666,260.0,0.7423076923076923,0.7024340411840626,0.06923076923076923,0.0,6.907692307692308,50.03605651855469
2049,633.0,5.0,126.6,79.0,0.9113924050632911,16.757884615384654,0.10126582278481013,0.0,7.025316455696203,80.99637603759766
2050,1987.0,13.0,152.84615384615384,275.0,0.7272727272727273,23.158842070338437,0.06181818181818182,0.0,6.225454545454546,47.137916564941406
2051,1767.0,8.0,220.875,233.0,0.721030042918455,-3.550909090909073,0.03862660944206009,0.0,6.579399141630901,70.23812103271484
2052,1423.0,8.0,177.875,177.0,0.7627118644067796,-6.1927118644067605,0.12429378531073447,0.0,7.045197740112994,41.85569763183594
2053,1395.0,12.0,116.25,195.0,0.764102564102564,36.66238636363639,0.07179487179487179,0.0,6.1179487179487175,62.476226806640625
2054,793.0,7.0,113.28571428571429,111.0,0.8648648648648649,24.410303030303055,0.06306306306306306,0.0,6.153153153153153,43.69022750854492
2055,1949.0,13.0,149.92307692307693,255.0,0.7607843137254902,15.389415584415616,0.10980392156862745,0.0,6.6117647058823525,58.86452865600586
2056,1721.0,9.0,191.22222222222223,214.0,0.7757009345794392,-4.538679906542029,0.08411214953271028,0.0,7.046728971962617,91.53014373779297
2057,1071.0,8.0,133.875,156.0,0.7564102564102564,30.199615384615413,0.04487179487179487,0.0,5.871794871794871,42.39137268066406
2058,1152.0,8.0,144.0,159.0,0.7358490566037735,8.72716981132075,0.03773584905660377,0.0,6.213836477987422,55.386226654052734
2059,1949.0,10.0,194.9,246.0,0.7967479674796748,-7.873703703703683,0.056910569105691054,0.0,6.902439024390244,54.3458137512207
2060,1432.0,12.0,119.33333333333333,185.0,0.7837837837837838,13.205628019323683,0.05405405405405406,0.0,6.713513513513513,57.462345123291016
2061,1569.0,12.0,130.75,223.0,0.7130044843049327,22.723621621621646,0.04484304932735426,0.0,6.017937219730942,81.0330810546875
2062,1630.0,9.0,181.11111111111111,210.0,0.7238095238095238,-5.073262559808597,0.0380952380952381,0.0,6.733333333333333,55.157379150390625
2063,2102.0,14.0,150.14285714285714,288.0,0.6631944444444444,9.45625000000004,0.017361111111111112,0.0,6.284722222222222,57.21234130859375
2064,2234.0,12.0,186.16666666666666,302.0,0.6721854304635762,6.367193675889325,0.06291390728476821,0.0,6.347682119205298,55.062042236328125
2065,1138.0,7.0,162.57142857142858,166.0,0.8072289156626506,19.977045454545475,0.04819277108433735,0.0,5.86144578313253,80.69610595703125
2066,2337.0,21.0,111.28571428571429,302.0,0.7019867549668874,8.785921926910305,0.056291390728476824,0.0,6.711920529801325,51.01853561401367
2067,1742.0,9.0,193.55555555555554,214.0,0.7990654205607477,-7.659797535211226,0.08878504672897196,0.0,7.102803738317757,42.4951057434082
2068,1109.0,7.0,158.42857142857142,148.0,0.7905405405405406,21.74427927927931,0.0945945945945946,0.0,6.5,40.89962387084961
2069,1220.0,9.0,135.55555555555554,170.0,0.8,22.038014705882375,0.06470588235294118,0.0,6.182352941176471,46.51155471801758
2070,2420.0,15.0,161.33333333333334,323.0,0.6873065015479877,8.619036664270311,0.04024767801857585,0.0,6.4829721362229105,50.810279846191406
2071,1237.0,8.0,154.625,154.0,0.8506493506493507,-7.218376623376628,0.06493506493506493,0.0,7.038961038961039,72.93248748779297
2072,1044.0,10.0,104.4,140.0,0.8357142857142857,22.893928571428603,0.06428571428571428,0.0,6.464285714285714,67.47037506103516
2073,1025.0,9.0,113.88888888888889,129.0,0.8372093023255814,21.923938953488403,0.13178294573643412,0.0,6.953488372093023,106.71607208251953
2074,2150.0,11.0,195.45454545454547,274.0,0.7700729927007299,-16.11428629359284,0.0948905109489051,0.0,6.802919708029197,26.592777252197266
2075,1994.0,13.0,153.3846153846154,252.0,0.75,-1.3235717131473734,0.07936507936507936,0.0,6.908730158730159,47.661529541015625
2076,1231.0,8.0,153.875,161.0,0.8198757763975155,10.611739130434785,0.055900621118012424,0.0,6.614906832298137,68.80139923095703
2077,1495.0,13.0,115.0,182.0,0.8186813186813187,-3.1500879120878835,0.10989010989010989,0.0,7.208791208791209,63.359249114990234
2078,1353.0,11.0,123.0,183.0,0.7978142076502732,11.065000000000026,0.06557377049180328,0.0,6.398907103825136,84.72936248779297
2079,1695.0,11.0,154.0909090909091,231.0,0.70995670995671,8.850015283842822,0.047619047619047616,0.0,6.337662337662338,55.667091369628906
2080,2210.0,12.0,184.16666666666666,284.0,0.7323943661971831,-1.8416790682626925,0.08450704225352113,0.0,6.76056338028169,48.93318557739258
2081,1022.0,8.0,127.75,136.0,0.8161764705882353,11.166666666666686,0.051470588235294115,0.0,6.522058823529412,58.95720291137695
2082,1981.0,15.0,132.06666666666666,283.0,0.6996466431095406,30.880604395604422,0.0636042402826855,0.0,5.992932862190813,43.03813934326172
2083,2190.0,16.0,136.875,300.0,0.7333333333333333,17.31985585585585,0.05,0.0,6.29,55.50146484375
2084,1609.0,10.0,160.9,214.0,0.8084112149532711,4.012705088265847,0.07009345794392523,0.0,6.5233644859813085,58.96192932128906
2085,2400.0,15.0,160.0,304.0,0.7532894736842105,4.205415079969555,0.08223684210526316,0.0,6.868421052631579,39.91571044921875
2086,1219.0,7.0,174.14285714285714,156.0,0.7884615384615384,-5.024230769230741,0.10897435897435898,0.0,6.82051282051282,52.78190612792969
2087,2162.0,13.0,166.30769230769232,296.0,0.7094594594594594,12.357214611872195,0.04391891891891892,0.0033783783783783786,6.293918918918919,45.95594787597656
2088,2119.0,9.0,235.44444444444446,277.0,0.7220216606498195,-4.538968978102162,0.05776173285198556,0.0,6.628158844765343,48.1345100402832
2089,1151.0,9.0,127.88888888888889,160.0,0.80625,30.553750000000036,0.04375,0.0,6.1625,51.81032180786133
2090,2183.0,11.0,198.45454545454547,291.0,0.6872852233676976,-0.40949999999998,0.03436426116838488,0.0,6.487972508591065,48.72568893432617
2091,1046.0,6.0,174.33333333333334,132.0,0.8560606060606061,-1.3382727272727095,0.045454545454545456,0.0,6.916666666666667,99.78856658935547
2092,1004.0,7.0,143.42857142857142,134.0,0.7985074626865671,17.49203980099506,0.04477611940298507,0.0,6.5,57.82742691040039
2093,1705.0,11.0,155.0,225.0,0.7466666666666667,15.173500000000018,0.057777777777777775,0.0,6.573333333333333,73.01679992675781
2094,1965.0,13.0,151.15384615384616,275.0,0.7054545454545454,21.671222527472537,0.05818181818181818,0.0,6.127272727272727,53.32338333129883
2095,1195.0,8.0,149.375,161.0,0.8012422360248447,0.10242236024848239,0.055900621118012424,0.0,6.428571428571429,88.77127075195312
2096,1425.0,13.0,109.61538461538461,177.0,0.8305084745762712,2.469071428571482,0.062146892655367235,0.0,7.028248587570621,30.980632781982422
2097,1872.0,12.0,156.0,231.0,0.7532467532467533,-1.526521739130402,0.047619047619047616,0.0,7.06926406926407,55.14514923095703
2098,1191.0,11.0,108.27272727272727,151.0,0.8410596026490066,6.598933038999263,0.052980132450331126,0.0,6.814569536423841,34.74361801147461
2099,1886.0,17.0,110.94117647058823,258.0,0.7170542635658915,22.71015625000001,0.046511627906976744,0.0,6.3062015503875966,44.1074104309082
2100,1253.0,9.0,139.22222222222223,172.0,0.7732558139534884,15.320639534883753,0.046511627906976744,0.0,6.290697674418604,81.77251434326172
2101,2133.0,14.0,152.35714285714286,279.0,0.6989247311827957,5.088937062937106,0.05017921146953405,0.0,6.637992831541219,68.08448791503906
2102,2067.0,10.0,206.7,273.0,0.7032967032967034,1.2686446886446845,0.06593406593406594,0.0,6.523809523809524,47.64324951171875
2103,2173.0,20.0,108.65,274.0,0.7846715328467153,-2.6102472527472287,0.06934306569343066,0.0,6.901459854014599,37.49554443359375
2104,2121.0,16.0,132.5625,283.0,0.7279151943462897,11.8964285714286,0.045936395759717315,0.0,6.438162544169611,55.59016799926758
2105,1173.0,8.0,146.625,169.0,0.7514792899408284,7.544058185404367,0.029585798816568046,0.0,5.946745562130178,45.706417083740234
2106,1931.0,14.0,137.92857142857142,271.0,0.7084870848708487,21.12978760045928,0.04797047970479705,0.0,6.121771217712177,68.34913635253906
2107,1704.0,11.0,154.9090909090909,231.0,0.7272727272727273,7.443000000000012,0.06926406926406926,0.0,6.346320346320346,47.950775146484375
2108,994.0,7.0,142.0,146.0,0.7602739726027398,23.94625570776259,0.0273972602739726,0.0,5.815068493150685,51.1641845703125
2109,1918.0,12.0,159.83333333333334,263.0,0.7414448669201521,17.548706293706317,0.06844106463878327,0.0,6.23574144486692,59.856781005859375
2110,1632.0,21.0,77.71428571428571,238.0,0.7647058823529411,37.00650375939853,0.046218487394957986,0.0,5.861344537815126,66.19279479980469
2111,2076.0,14.0,148.28571428571428,286.0,0.6888111888111889,20.27459511189639,0.05244755244755245,0.0,6.255244755244755,59.35878372192383
2112,1555.0,9.0,172.77777777777777,204.0,0.8088235294117647,5.117205882352948,0.06372549019607843,0.0,6.627450980392157,58.88693618774414
2113,1022.0,9.0,113.55555555555556,134.0,0.7835820895522388,16.845690298507492,0.04477611940298507,0.0,6.634328358208955,66.62774658203125
2114,1278.0,9.0,142.0,179.0,0.7430167597765364,22.95901187150841,0.0446927374301676,0.0,6.145251396648045,62.58798599243164
2115,1238.0,9.0,137.55555555555554,164.0,0.8048780487804879,13.321246165644169,0.06097560975609756,0.0,6.554878048780488,66.72798919677734
2116,2189.0,18.0,121.61111111111111,281.0,0.7259786476868327,5.758481347773795,0.0711743772241993,0.0,6.7686832740213525,46.301918029785156
2117,1758.0,13.0,135.23076923076923,230.0,0.7565217391304347,-3.5421052631578505,0.05652173913043478,0.0,6.647826086956521,40.94955062866211
2118,970.0,5.0,194.0,115.0,0.8347826086956521,-32.742771739130404,0.05217391304347826,0.0,7.443478260869565,86.33699798583984
2119,2038.0,10.0,203.8,273.0,0.7142857142857143,-4.653151590251923,0.05128205128205128,0.0,6.435897435897436,58.242801666259766
2120,1568.0,10.0,156.8,185.0,0.7621621621621621,-9.294834834834802,0.07027027027027027,0.0,7.454054054054054,71.1436767578125
2121,2009.0,18.0,111.61111111111111,274.0,0.7226277372262774,25.906975096608022,0.029197080291970802,0.0,6.310218978102189,55.70022964477539
2122,2380.0,14.0,170.0,307.0,0.7296416938110749,3.2375791855203886,0.05863192182410423,0.0,6.745928338762215,37.31193542480469
2123,1224.0,10.0,122.4,157.0,0.802547770700637,7.599052419354848,0.11464968152866242,0.0,6.802547770700637,73.96261596679688
2124,1420.0,11.0,129.0909090909091,176.0,0.8295454545454546,4.8077020202020435,0.10227272727272728,0.0,7.0625,48.213600158691406
2125,1454.0,13.0,111.84615384615384,184.0,0.8369565217391305,10.22313043478266,0.059782608695652176,0.0,6.896739130434782,39.405799865722656
2126,1520.0,7.0,217.14285714285714,195.0,0.7846153846153846,-14.007884615384597,0.035897435897435895,0.0,6.8,59.344940185546875
2127,1647.0,15.0,109.8,212.0,0.7452830188679245,8.096766723842222,0.08962264150943396,0.0,6.745283018867925,27.904882431030273
2128,187.0,2.0,93.5,28.0,0.9285714285714286,21.30071428571432,0.0,0.0,5.714285714285714,88.18003845214844
2129,2388.0,11.0,217.0909090909091,326.0,0.6932515337423313,2.9212222222222692,0.06441717791411043,0.0,6.300613496932515,40.75643539428711
2130,1992.0,17.0,117.17647058823529,255.0,0.7019607843137254,5.811571428571483,0.06274509803921569,0.0,6.796078431372549,57.96100997924805
2131,963.0,6.0,160.5,133.0,0.8045112781954887,11.908180451127862,0.045112781954887216,0.0,6.2180451127819545,96.21956634521484
2132,1735.0,9.0,192.77777777777777,229.0,0.74235807860262,4.254868421052635,0.0611353711790393,0.0,6.541484716157205,59.153533935546875
2133,952.0,8.0,119.0,141.0,0.7730496453900709,38.190000000000026,0.04964539007092199,0.0,5.75886524822695,53.434967041015625
2134,2087.0,12.0,173.91666666666666,268.0,0.75,1.9588755980861379,0.06343283582089553,0.0,6.742537313432836,41.98272705078125
2135,1191.0,8.0,148.875,156.0,0.8012820512820513,6.880384615384628,0.07051282051282051,0.0,6.621794871794871,67.65665435791016
2136,1770.0,12.0,147.5,237.0,0.7721518987341772,8.662355932203411,0.05485232067510549,0.0,6.468354430379747,92.59873962402344
2137,1973.0,13.0,151.76923076923077,249.0,0.7590361445783133,-3.348138006571702,0.10843373493975904,0.0,6.927710843373494,37.254966735839844
2138,858.0,6.0,143.0,108.0,0.8333333333333334,2.39433333333335,0.06481481481481481,0.0,6.953703703703703,77.82069396972656
2139,1177.0,8.0,147.125,159.0,0.7987421383647799,8.195094339622642,0.06918238993710692,0.0,6.408805031446541,87.34950256347656
2140,1359.0,11.0,123.54545454545455,187.0,0.7967914438502673,22.7261577540107,0.06417112299465241,0.0,6.2727272727272725,52.858638763427734
2141,2328.0,13.0,179.07692307692307,316.0,0.6993670886075949,13.500674097664557,0.05379746835443038,0.0,6.360759493670886,44.116668701171875
2142,2231.0,15.0,148.73333333333332,287.0,0.7874564459930313,1.2736837455830425,0.06968641114982578,0.0,6.7595818815331015,53.486106872558594
2143,1714.0,15.0,114.26666666666667,238.0,0.7563025210084033,17.647011494252894,0.058823529411764705,0.0,6.205882352941177,36.29287338256836
2144,1218.0,9.0,135.33333333333334,179.0,0.7486033519553073,25.09340909090909,0.05027932960893855,0.0,5.810055865921788,49.33279800415039
2145,1644.0,11.0,149.45454545454547,218.0,0.7477064220183486,-0.8249999999999602,0.06422018348623854,0.0,6.545871559633028,59.43193817138672
2146,1543.0,16.0,96.4375,206.0,0.8009708737864077,21.05728155339807,0.05339805825242718,0.0,6.485436893203883,68.0361328125
2147,1790.0,10.0,179.0,229.0,0.7117903930131004,-0.6941228070175214,0.039301310043668124,0.0,6.816593886462882,80.03129577636719
2148,1981.0,10.0,198.1,254.0,0.7362204724409449,-5.556428571428512,0.05905511811023622,0.0,6.783464566929134,77.31448364257812
2149,1006.0,7.0,143.71428571428572,135.0,0.8222222222222222,11.66416666666666,0.1037037037037037,0.0,6.45925925925926,80.31549072265625
2150,2128.0,12.0,177.33333333333334,287.0,0.6829268292682927,7.914952961672498,0.09059233449477352,0.0,6.390243902439025,40.552337646484375
2151,1576.0,11.0,143.27272727272728,200.0,0.825,2.1070000000000277,0.065,0.0,6.855,59.427459716796875
2152,1978.0,12.0,164.83333333333334,264.0,0.7386363636363636,14.848369905956105,0.06818181818181818,0.0,6.484848484848484,43.35491943359375
2153,1825.0,11.0,165.9090909090909,235.0,0.774468085106383,9.793694805194832,0.06382978723404255,0.0,6.770212765957447,90.0260238647461
2154,1806.0,10.0,180.6,250.0,0.708,17.170949820788536,0.024,0.0,6.196,72.88235473632812
2155,1171.0,7.0,167.28571428571428,154.0,0.8181818181818182,5.367654525386342,0.06493506493506493,0.0,6.6103896103896105,35.89997100830078
2156,1870.0,12.0,155.83333333333334,238.0,0.7478991596638656,-6.737499999999983,0.058823529411764705,0.0,6.836134453781512,65.68425750732422
2157,1667.0,14.0,119.07142857142857,240.0,0.7291666666666666,29.60460886571056,0.029166666666666667,0.0,5.945833333333334,51.4859504699707
2158,1379.0,11.0,125.36363636363636,193.0,0.7357512953367875,35.57917875647672,0.04145077720207254,0.0,6.103626943005182,64.75981903076172
2159,2318.0,13.0,178.30769230769232,307.0,0.7133550488599348,12.651098233995612,0.06188925081433225,0.0,6.543973941368078,43.11735534667969
2160,1504.0,9.0,167.11111111111111,203.0,0.7438423645320197,6.044892241379301,0.054187192118226604,0.0,6.413793103448276,70.5505599975586
2161,902.0,7.0,128.85714285714286,117.0,0.905982905982906,6.99634615384619,0.05128205128205128,0.0,6.717948717948718,80.634521484375
2162,1509.0,10.0,150.9,210.0,0.7523809523809524,20.397380952380956,0.04285714285714286,0.0,6.171428571428572,60.10289001464844
2163,2200.0,14.0,157.14285714285714,289.0,0.7301038062283737,7.921212514417562,0.0726643598615917,0.0,6.602076124567474,55.546051025390625
2164,829.0,6.0,138.16666666666666,108.0,0.8518518518518519,10.227666666666664,0.08333333333333333,0.0,6.685185185185185,58.20387649536133
2165,2196.0,12.0,183.0,284.0,0.7288732394366197,3.0973607038123134,0.035211267605633804,0.0,6.725352112676056,47.457733154296875
2166,1133.0,7.0,161.85714285714286,143.0,0.8251748251748252,-6.078910256410239,0.06293706293706294,0.0,6.93006993006993,100.00444793701172
2167,1028.0,7.0,146.85714285714286,130.0,0.8461538461538461,0.6756410256410561,0.08461538461538462,0.0,6.915384615384616,52.4581184387207
2168,2080.0,10.0,208.0,267.0,0.7153558052434457,-2.8593776106933717,0.056179775280898875,0.0,6.794007490636704,50.262115478515625
2169,2237.0,16.0,139.8125,304.0,0.7302631578947368,22.183046357615893,0.06578947368421052,0.0,6.3519736842105265,39.5803337097168
2170,1678.0,14.0,119.85714285714286,224.0,0.7366071428571429,15.520533134030927,0.05803571428571429,0.0,6.491071428571429,54.335575103759766
2171,1154.0,9.0,128.22222222222223,166.0,0.7951807228915663,26.44244318181822,0.060240963855421686,0.0,5.957831325301205,103.1294937133789
2172,2006.0,15.0,133.73333333333332,268.0,0.7649253731343284,11.178606965174168,0.06343283582089553,0.0,6.42910447761194,59.13438415527344
2173,1209.0,9.0,134.33333333333334,161.0,0.7267080745341615,6.9334782608695775,0.049689440993788817,0.0,6.515527950310559,51.17510223388672
2174,634.0,5.0,126.8,91.0,0.8241758241758241,22.910782967032986,0.054945054945054944,0.0,5.978021978021978,66.67465209960938
2175,1665.0,17.0,97.94117647058823,212.0,0.8301886792452831,0.14923913043483594,0.0660377358490566,0.0,6.84433962264151,52.59416961669922
2176,1148.0,7.0,164.0,163.0,0.7484662576687117,10.57985173824133,0.03680981595092025,0.0,6.049079754601227,52.96892547607422
2177,1092.0,8.0,136.5,147.0,0.782312925170068,18.046530612244908,0.05442176870748299,0.0,6.4353741496598635,62.62458419799805
2178,1461.0,13.0,112.38461538461539,228.0,0.6271929824561403,31.190368421052654,0.03508771929824561,0.0,5.394736842105263,41.747215270996094
2179,1681.0,11.0,152.8181818181818,250.0,0.668,26.472800000000007,0.04,0.0,5.692,52.69429397583008
2180,1585.0,9.0,176.11111111111111,200.0,0.765,10.568000000000012,0.075,0.0,6.915,34.96775817871094
2181,1420.0,9.0,157.77777777777777,184.0,0.7880434782608695,1.7593478260869801,0.09239130434782608,0.0,6.695652173913044,69.71156311035156
2182,1536.0,12.0,128.0,204.0,0.7352941176470589,9.049588235294152,0.024509803921568627,0.0,6.534313725490196,45.63515090942383
2183,1116.0,7.0,159.42857142857142,142.0,0.852112676056338,1.1020657276995394,0.07746478873239436,0.0,6.866197183098592,90.20115661621094
2184,1025.0,7.0,146.42857142857142,136.0,0.8088235294117647,-4.033431372548989,0.0661764705882353,0.0,6.544117647058823,54.226802825927734
2185,810.0,6.0,135.0,104.0,0.875,10.015307692307715,0.04807692307692308,0.0,6.798076923076923,79.77578735351562
2186,761.0,5.0,152.2,98.0,0.8571428571428571,-6.224336734693878,0.061224489795918366,0.0,6.775510204081633,63.04368591308594
2187,2235.0,15.0,149.0,303.0,0.7128712871287128,16.724941724941743,0.07920792079207921,0.0,6.36963696369637,47.676883697509766
2188,1463.0,14.0,104.5,195.0,0.7846153846153846,21.909858299595157,0.08205128205128205,0.0,6.507692307692308,51.553348541259766
2189,2358.0,12.0,196.5,298.0,0.7516778523489933,-5.192474069554606,0.07046979865771812,0.0,6.885906040268456,50.358253479003906
2190,864.0,5.0,172.8,121.0,0.8429752066115702,7.692500000000024,0.024793388429752067,0.0,6.132231404958677,81.6694107055664
2191,1131.0,12.0,94.25,154.0,0.7987012987012987,24.52740986019134,0.03896103896103896,0.0,6.285714285714286,40.125003814697266
2192,2384.0,15.0,158.93333333333334,300.0,0.76,-4.638694638694631,0.07,0.0,6.92,45.61328887939453
2193,1288.0,8.0,161.0,173.0,0.791907514450867,4.333372093023257,0.057803468208092484,0.0,6.4508670520231215,57.50071716308594
2194,875.0,6.0,145.83333333333334,111.0,0.8198198198198198,-7.000702702702682,0.08108108108108109,0.0,6.891891891891892,69.61659240722656
2195,2040.0,15.0,136.0,275.0,0.7745454545454545,8.697555762081805,0.05090909090909091,0.0,6.414545454545454,48.00617218017578
2196,1915.0,14.0,136.78571428571428,249.0,0.7791164658634538,1.7177040816326894,0.10843373493975904,0.0,6.694779116465863,37.67668533325195
2197,933.0,5.0,186.6,123.0,0.8292682926829268,-3.2055182926829104,0.10569105691056911,0.0,6.59349593495935,36.120967864990234
2198,1618.0,9.0,179.77777777777777,210.0,0.8095238095238095,0.2632692307692537,0.06666666666666667,0.0,6.70952380952381,70.30362701416016
2199,2323.0,13.0,178.69230769230768,315.0,0.6825396825396826,5.815151515151513,0.03492063492063492,0.0,6.371428571428571,55.151641845703125
2200,1332.0,11.0,121.0909090909091,186.0,0.8010752688172043,30.453565217391343,0.053763440860215055,0.0,6.166666666666667,71.12240600585938
2201,2081.0,18.0,115.61111111111111,276.0,0.7463768115942029,16.14146739130439,0.06159420289855073,0.0,6.536231884057971,58.306739807128906
2202,1817.0,11.0,165.1818181818182,226.0,0.7389380530973452,-9.532579365079357,0.06637168141592921,0.0,6.995575221238938,57.67090606689453
2203,798.0,6.0,133.0,100.0,0.83,-0.43099999999995475,0.03,0.0,6.99,122.93537902832031
2204,1585.0,9.0,176.11111111111111,208.0,0.7451923076923077,6.570594660194217,0.052884615384615384,0.0,6.591346153846154,64.12744903564453
2205,1365.0,8.0,170.625,184.0,0.7554347826086957,7.736521739130438,0.043478260869565216,0.0,6.418478260869565,57.6229133605957
2206,1546.0,10.0,154.6,210.0,0.7619047619047619,15.019821428571476,0.07142857142857142,0.0,6.357142857142857,83.45558166503906
2207,2034.0,17.0,119.6470588235294,262.0,0.7633587786259542,9.356069767441909,0.09541984732824428,0.0,6.755725190839694,47.000274658203125
2208,1865.0,12.0,155.41666666666666,244.0,0.7581967213114754,4.118223140495871,0.03278688524590164,0.0,6.635245901639344,68.18415832519531
2209,2007.0,11.0,182.45454545454547,250.0,0.788,-4.659999999999997,0.08,0.0,7.024,70.09725952148438
2210,1348.0,8.0,168.5,183.0,0.7540983606557377,12.949180327868874,0.04918032786885246,0.0,6.371584699453552,65.2098159790039
2211,2561.0,15.0,170.73333333333332,335.0,0.7014925373134329,-3.0997505197505006,0.056716417910447764,0.0,6.614925373134328,49.26122283935547
2212,1026.0,6.0,171.0,136.0,0.8235294117647058,7.096666666666664,0.022058823529411766,0.0,6.551470588235294,66.22061157226562
2213,1938.0,8.0,242.25,242.0,0.768595041322314,-10.298381742738542,0.07024793388429752,0.0,6.987603305785124,43.88947677612305
2214,1311.0,11.0,119.18181818181819,171.0,0.7777777777777778,4.4973684210526415,0.07602339181286549,0.0,6.654970760233918,51.17245864868164
2215,2299.0,15.0,153.26666666666668,303.0,0.7062706270627063,9.510365575019051,0.056105610561056105,0.0,6.580858085808581,33.668190002441406
2216,1510.0,20.0,75.5,198.0,0.8333333333333334,20.57410621761659,0.04040404040404041,0.0,6.58080808080808,62.45207214355469
2217,1092.0,7.0,156.0,147.0,0.8231292517006803,16.992831050228347,0.11564625850340136,0.0,6.4353741496598635,63.838829040527344
2218,2208.0,18.0,122.66666666666667,308.0,0.7402597402597403,21.2558823529412,0.06493506493506493,0.0,6.165584415584416,45.81263732910156
2219,1151.0,9.0,127.88888888888889,144.0,0.8402777777777778,1.1520148601399,0.05555555555555555,0.0,7.0,89.8495864868164
2220,1780.0,12.0,148.33333333333334,239.0,0.7196652719665272,13.222537974683547,0.05439330543933055,0.0,6.410041841004184,58.32637405395508
2221,1419.0,11.0,129.0,183.0,0.7486338797814208,12.373715846994571,0.060109289617486336,0.0,6.759562841530054,65.37158203125
2222,921.0,7.0,131.57142857142858,126.0,0.8095238095238095,16.32000000000002,0.03968253968253968,0.0,6.301587301587301,69.32918548583984
2223,451.0,5.0,90.2,70.0,0.8142857142857143,36.79250000000002,0.014285714285714285,0.0,5.457142857142857,107.75485229492188
2224,2205.0,18.0,122.5,306.0,0.7026143790849673,16.572870639534898,0.06535947712418301,0.0,6.199346405228758,40.86630630493164
2225,2084.0,12.0,173.66666666666666,282.0,0.7092198581560284,7.70428571428576,0.05673758865248227,0.0,6.382978723404255,46.952754974365234
2226,1710.0,11.0,155.45454545454547,241.0,0.7385892116182573,13.422500000000014,0.05394190871369295,0.0,6.066390041493776,38.91160583496094
2227,1786.0,10.0,178.6,239.0,0.7196652719665272,6.980084388185674,0.04602510460251046,0.0,6.435146443514644,63.1350212097168
2228,1312.0,9.0,145.77777777777777,180.0,0.7388888888888889,12.44750000000002,0.022222222222222223,0.0,6.294444444444444,82.3893051147461
2229,1709.0,11.0,155.36363636363637,232.0,0.8060344827586207,9.87608695652176,0.04310344827586207,0.0,6.362068965517241,72.7303237915039
2230,1511.0,11.0,137.36363636363637,198.0,0.8333333333333334,10.264478285392016,0.03535353535353535,0.0,6.636363636363637,68.28288269042969
2231,1765.0,12.0,147.08333333333334,223.0,0.7533632286995515,3.719337104072423,0.06278026905829596,0.0,6.910313901345291,61.07918930053711
2232,1624.0,16.0,101.5,227.0,0.748898678414097,24.442194319880457,0.06167400881057269,0.0,6.149779735682819,43.032649993896484
2233,2219.0,12.0,184.91666666666666,288.0,0.6770833333333334,-3.0395454545454186,0.0763888888888889,0.0,6.697916666666667,38.51563262939453
2234,1819.0,11.0,165.36363636363637,229.0,0.7903930131004366,-7.032159146045615,0.09170305676855896,0.0,6.93886462882096,54.83359146118164
2235,1575.0,9.0,175.0,207.0,0.7874396135265701,6.876222826087002,0.09178743961352658,0.0,6.584541062801932,62.4061393737793
2236,2704.0,14.0,193.14285714285714,360.0,0.7055555555555556,2.535746732376282,0.06111111111111111,0.0,6.5055555555555555,56.36608123779297
2237,1702.0,12.0,141.83333333333334,222.0,0.8108108108108109,8.542341220423424,0.08108108108108109,0.0,6.671171171171171,40.13195037841797
2238,1491.0,13.0,114.6923076923077,198.0,0.797979797979798,14.023181818181826,0.03535353535353535,0.0,6.484848484848484,54.65240478515625
2239,2244.0,10.0,224.4,287.0,0.735191637630662,-15.661142082849352,0.09407665505226481,0.0,6.815331010452962,26.315155029296875
2240,1231.0,10.0,123.1,161.0,0.8012422360248447,22.46278338509319,0.08695652173913043,0.0,6.6521739130434785,38.303340911865234
2241,2008.0,17.0,118.11764705882354,268.0,0.7611940298507462,14.322177559282835,0.05223880597014925,0.0,6.4888059701492535,61.723716735839844
2242,1589.0,11.0,144.45454545454547,206.0,0.7427184466019418,4.957146709816612,0.038834951456310676,0.0,6.70873786407767,51.82080078125
2243,1493.0,9.0,165.88888888888889,202.0,0.7227722772277227,12.843873762376262,0.0594059405940594,0.0,6.366336633663367,44.97943878173828
2244,1252.0,7.0,178.85714285714286,168.0,0.7559523809523809,-0.35285714285711833,0.05357142857142857,0.0,6.440476190476191,32.84126281738281
2245,1712.0,11.0,155.63636363636363,226.0,0.7477876106194691,7.655186823992153,0.061946902654867256,0.0,6.579646017699115,63.77463150024414
2246,1261.0,7.0,180.14285714285714,169.0,0.7218934911242604,4.540507889546376,0.0650887573964497,0.0,6.431952662721893,49.20670700073242
2247,1163.0,8.0,145.375,148.0,0.8378378378378378,0.16959459459462778,0.06756756756756757,0.0,6.864864864864865,91.79396057128906
2248,1630.0,13.0,125.38461538461539,204.0,0.7794117647058824,3.0810576057606056,0.0784313725490196,0.0,6.980392156862745,62.24449920654297
2249,2202.0,9.0,244.66666666666666,288.0,0.7569444444444444,-6.5391118421052,0.034722222222222224,0.0,6.611111111111111,46.85135269165039
2250,1519.0,11.0,138.0909090909091,192.0,0.7916666666666666,9.389861256544549,0.052083333333333336,0.0,6.916666666666667,79.62810516357422
2251,1362.0,11.0,123.81818181818181,194.0,0.7010309278350515,24.477760595647226,0.07216494845360824,0.0,6.015463917525773,45.45132064819336
2252,2022.0,13.0,155.53846153846155,271.0,0.7380073800738007,10.479109355638201,0.05904059040590406,0.0,6.416974169741698,43.19002151489258
2253,2202.0,12.0,183.5,269.0,0.7620817843866171,-20.063560512185006,0.08178438661710037,0.0,7.178438661710037,38.92471694946289
2254,1128.0,8.0,141.0,151.0,0.8609271523178808,13.065000000000026,0.08609271523178808,0.0,6.47682119205298,102.97440338134766
2255,1629.0,11.0,148.0909090909091,212.0,0.7830188679245284,6.778320042530595,0.07547169811320754,0.0,6.688679245283019,47.45743942260742
2256,1162.0,9.0,129.11111111111111,151.0,0.8543046357615894,13.434490894039726,0.07947019867549669,0.0,6.701986754966887,63.781959533691406
2257,1468.0,10.0,146.8,191.0,0.7905759162303665,7.235805700988976,0.05759162303664921,0.0,6.628272251308901,41.258670806884766
2258,2189.0,13.0,168.3846153846154,299.0,0.7023411371237458,11.75132678132681,0.043478260869565216,0.0,6.274247491638796,40.24040222167969
2259,1219.0,7.0,174.14285714285714,160.0,0.7875,-4.085738396624436,0.03125,0.0,6.625,56.69120788574219
2260,1752.0,13.0,134.76923076923077,244.0,0.75,19.367045454545462,0.0860655737704918,0.0,6.176229508196721,41.217437744140625
2261,1730.0,10.0,173.0,220.0,0.759090909090909,7.8247979797980065,0.06818181818181818,0.0,6.859090909090909,93.16071319580078
2262,825.0,6.0,137.5,110.0,0.7909090909090909,23.765000000000015,0.12727272727272726,0.0,6.509090909090909,74.03467559814453
2263,1401.0,10.0,140.1,202.0,0.7178217821782178,23.31417079207921,0.039603960396039604,0.0,5.910891089108911,51.77970886230469
2264,1293.0,13.0,99.46153846153847,171.0,0.8187134502923976,17.469812834224626,0.07017543859649122,0.0,6.567251461988304,47.52616500854492
2265,2051.0,12.0,170.91666666666666,254.0,0.7795275590551181,-13.794488047808755,0.07086614173228346,0.0,7.062992125984252,53.38268280029297
2266,1208.0,11.0,109.81818181818181,166.0,0.8012048192771084,24.153939393939424,0.04216867469879518,0.0,6.283132530120482,50.22597122192383
2267,1354.0,11.0,123.0909090909091,197.0,0.7208121827411168,25.935655440414536,0.03553299492385787,0.0,5.878172588832487,69.26203918457031
2268,1589.0,9.0,176.55555555555554,217.0,0.7511520737327189,24.721666666666692,0.03686635944700461,0.0,6.3271889400921655,40.75693130493164
2269,1980.0,11.0,180.0,249.0,0.8072289156626506,-6.616066801619411,0.10843373493975904,0.0,6.919678714859438,45.190704345703125
2270,1327.0,11.0,120.63636363636364,202.0,0.7623762376237624,37.49844444444446,0.054455445544554455,0.0,5.569306930693069,58.51611328125
2271,1623.0,9.0,180.33333333333334,203.0,0.8078817733990148,-7.707817118226586,0.11822660098522167,0.0,7.0,55.27243423461914
2272,1112.0,13.0,85.53846153846153,157.0,0.8343949044585988,29.175334928229688,0.08280254777070063,0.0,6.089171974522293,62.58932876586914
2273,1207.0,8.0,150.875,157.0,0.8089171974522293,12.714585987261188,0.050955414012738856,0.0,6.694267515923567,135.8712158203125
2274,1672.0,9.0,185.77777777777777,225.0,0.7111111111111111,3.5498214285714766,0.05333333333333334,0.0,6.435555555555555,82.26329803466797
2275,1773.0,16.0,110.8125,233.0,0.7424892703862661,14.013286026200916,0.06437768240343347,0.0,6.562231759656652,57.510562896728516
2276,1992.0,12.0,166.0,261.0,0.7318007662835249,8.510108810108846,0.07279693486590039,0.0,6.582375478927203,49.45770263671875
2277,1458.0,9.0,162.0,198.0,0.7929292929292929,15.504659090909087,0.06565656565656566,0.0,6.358585858585859,61.04389953613281
2278,1393.0,10.0,139.3,183.0,0.8032786885245902,5.901584699453565,0.07103825136612021,0.0,6.617486338797814,58.86116409301758
2279,1598.0,11.0,145.27272727272728,210.0,0.780952380952381,12.373653110047883,0.09047619047619047,0.0,6.604761904761904,40.4862174987793
2280,1279.0,10.0,127.9,174.0,0.7931034482758621,11.204770114942562,0.06896551724137931,0.0,6.35632183908046,50.17497634887695
2281,1916.0,14.0,136.85714285714286,241.0,0.7883817427385892,4.997500000000031,0.058091286307053944,0.0,6.9004149377593365,68.06965637207031
2282,838.0,5.0,167.6,112.0,0.7946428571428571,7.70428571428576,0.05357142857142857,0.0,6.491071428571429,69.33255004882812
2283,1572.0,9.0,174.66666666666666,210.0,0.7952380952380952,2.934107142857158,0.08095238095238096,0.0,6.4904761904761905,71.8204345703125
2284,1645.0,9.0,182.77777777777777,204.0,0.7352941176470589,-7.70382352941175,0.07352941176470588,0.0,7.068627450980392,33.853939056396484
2285,1420.0,9.0,157.77777777777777,190.0,0.8105263157894737,6.9681578947368905,0.04736842105263158,0.0,6.478947368421053,66.23735046386719
2286,1047.0,7.0,149.57142857142858,138.0,0.8188405797101449,15.516086956521775,0.06521739130434782,0.0,6.594202898550725,90.11544036865234
2287,1077.0,10.0,107.7,144.0,0.8263888888888888,11.140000000000015,0.08333333333333333,0.0,6.486111111111111,63.66123962402344
2288,2382.0,13.0,183.23076923076923,309.0,0.6601941747572816,-1.835014929424517,0.08737864077669903,0.0,6.702265372168285,46.064456939697266
2289,1481.0,9.0,164.55555555555554,194.0,0.7989690721649485,4.73568298969073,0.07216494845360824,0.0,6.608247422680412,72.89622497558594
2290,2168.0,17.0,127.52941176470588,283.0,0.7561837455830389,13.16233870967747,0.06713780918727916,0.0,6.6537102473498235,60.286067962646484
2291,889.0,7.0,127.0,118.0,0.7966101694915254,4.051299435028255,0.07627118644067797,0.0,6.5423728813559325,70.78617095947266
2292,976.0,7.0,139.42857142857142,128.0,0.859375,3.423854166666672,0.0703125,0.0,6.6328125,70.29531860351562
2293,1352.0,9.0,150.22222222222223,180.0,0.7833333333333333,13.387500000000017,0.05,0.0,6.5055555555555555,63.653892517089844
2294,2046.0,13.0,157.3846153846154,256.0,0.734375,4.760056818181823,0.06640625,0.0,6.9609375,47.52320861816406
2295,1108.0,8.0,138.5,141.0,0.8581560283687943,6.390000000000043,0.09219858156028368,0.0,6.865248226950355,65.3956527709961
2296,1041.0,11.0,94.63636363636364,143.0,0.8251748251748252,24.8675396825397,0.07692307692307693,0.0,6.286713286713287,78.88488006591797
2297,2096.0,15.0,139.73333333333332,265.0,0.720754716981132,-10.987602978453708,0.06792452830188679,0.0,6.89811320754717,54.256805419921875
2298,1478.0,11.0,134.36363636363637,199.0,0.7889447236180904,20.41237939698496,0.08542713567839195,0.0,6.402010050251256,50.239532470703125
2299,2227.0,12.0,185.58333333333334,286.0,0.7377622377622378,-8.212500000000006,0.07342657342657342,0.0,6.758741258741258,65.1678466796875
2300,1028.0,9.0,114.22222222222223,135.0,0.8444444444444444,7.406666666666723,0.06666666666666667,0.0,6.622222222222222,71.71710968017578
2301,1357.0,10.0,135.7,183.0,0.8142076502732241,18.87725483425416,0.08196721311475409,0.0,6.420765027322404,87.64067077636719
2302,1518.0,9.0,168.66666666666666,198.0,0.7323232323232324,9.522840909090917,0.050505050505050504,0.0,6.661616161616162,78.9366226196289
2303,1994.0,14.0,142.42857142857142,273.0,0.7655677655677655,13.287782805429885,0.08791208791208792,0.0,6.2967032967032965,59.66061782836914
2304,2203.0,19.0,115.94736842105263,284.0,0.7570422535211268,3.4133896797153227,0.07042253521126761,0.0,6.753521126760563,49.42010498046875
2305,1932.0,11.0,175.63636363636363,256.0,0.67578125,8.113878486055825,0.046875,0.0,6.5390625,45.37176513671875
2306,2278.0,11.0,207.0909090909091,293.0,0.7406143344709898,1.4903448275862274,0.07849829351535836,0.0,6.733788395904437,44.380577087402344
2307,2114.0,15.0,140.93333333333334,297.0,0.7205387205387206,16.02655172413796,0.026936026936026935,0.0,6.114478114478114,45.298770904541016
2308,1308.0,8.0,163.5,188.0,0.7553191489361702,18.92500000000001,0.047872340425531915,0.0,5.930851063829787,57.43218231201172
2309,1603.0,11.0,145.72727272727272,220.0,0.7954545454545454,11.929787671232873,0.05909090909090909,0.0,6.286363636363636,60.237449645996094
2310,1498.0,11.0,136.1818181818182,188.0,0.7978723404255319,13.019623655914017,0.09574468085106383,0.0,6.973404255319149,78.41986846923828
2311,2097.0,11.0,190.63636363636363,272.0,0.7426470588235294,-4.764410780669124,0.08455882352941177,0.0,6.702205882352941,44.36438751220703
2312,2446.0,16.0,152.875,319.0,0.7492163009404389,0.5357594936709233,0.07210031347962383,0.0,6.661442006269592,50.15794372558594
2313,1891.0,11.0,171.9090909090909,243.0,0.7695473251028807,0.5850000000000364,0.06172839506172839,0.0,6.748971193415638,69.34091186523438
2314,2121.0,14.0,151.5,293.0,0.7064846416382252,16.57489462592204,0.034129692832764506,0.0,6.21160409556314,64.17147064208984
2315,1959.0,11.0,178.0909090909091,261.0,0.7164750957854407,0.8326923076923549,0.06130268199233716,0.0,6.501915708812261,54.069366455078125
2316,1551.0,9.0,172.33333333333334,214.0,0.7476635514018691,7.944103773584914,0.04672897196261682,0.0,6.252336448598131,57.4218635559082
2317,2125.0,13.0,163.46153846153845,278.0,0.7050359712230215,9.102509881422918,0.05755395683453238,0.0,6.640287769784172,45.560367584228516
2318,1389.0,8.0,173.625,189.0,0.7037037037037037,2.275000000000034,0.031746031746031744,0.0,6.354497354497354,45.668128967285156
2319,2345.0,18.0,130.27777777777777,311.0,0.7138263665594855,12.739021516393478,0.04180064308681672,0.0,6.536977491961415,57.71836471557617
2320,1900.0,14.0,135.71428571428572,240.0,0.7583333333333333,4.676487099023717,0.07083333333333333,0.0,6.920833333333333,64.36550903320312
2321,1517.0,10.0,151.7,212.0,0.7216981132075472,27.693092243186584,0.05188679245283019,0.0,6.160377358490566,77.66969299316406
2322,1314.0,12.0,109.5,158.0,0.8544303797468354,-8.82193181818181,0.0949367088607595,0.0,7.246835443037975,61.390480041503906
2323,1305.0,11.0,118.63636363636364,162.0,0.8209876543209876,-3.0905555555555395,0.05555555555555555,0.0,7.061728395061729,45.12153244018555
2324,481.0,3.0,160.33333333333334,65.0,0.8769230769230769,-5.764807692307642,0.07692307692307693,0.0,6.415384615384616,45.826412200927734
2325,1921.0,10.0,192.1,247.0,0.728744939271255,-3.8078004535147443,0.048582995951417005,0.0,6.744939271255061,39.875911712646484
2326,1072.0,8.0,134.0,148.0,0.8175675675675675,16.17500000000001,0.04054054054054054,0.0,6.25,74.27154541015625
2327,1816.0,13.0,139.69230769230768,249.0,0.7228915662650602,15.340509259259278,0.03614457831325301,0.0,6.289156626506024,60.59672546386719
2328,2272.0,16.0,142.0,289.0,0.7335640138408305,9.07668757259006,0.07958477508650519,0.0,6.854671280276817,47.35842514038086
2329,1793.0,11.0,163.0,235.0,0.774468085106383,13.259319742489282,0.059574468085106386,0.0,6.621276595744681,70.46102905273438
2330,990.0,7.0,141.42857142857142,129.0,0.8449612403100775,-3.861918604651123,0.11627906976744186,0.0,6.682170542635659,37.548099517822266
2331,1262.0,10.0,126.2,172.0,0.8197674418604651,23.6476873385013,0.046511627906976744,0.0,6.325581395348837,45.683101654052734
2332,1054.0,7.0,150.57142857142858,138.0,0.782608695652174,8.772608695652195,0.07246376811594203,0.0,6.608695652173913,52.55414581298828
2333,1392.0,8.0,174.0,181.0,0.7900552486187845,3.444143646408861,0.027624309392265192,0.0,6.696132596685083,46.8297233581543
2334,1782.0,10.0,178.2,247.0,0.7368421052631579,12.861479982006301,0.044534412955465584,0.0,6.2105263157894735,43.46084213256836
2335,1470.0,9.0,163.33333333333334,179.0,0.7988826815642458,-12.96054120111728,0.0893854748603352,0.0,7.217877094972067,71.99163055419922
2336,2128.0,16.0,133.0,282.0,0.7446808510638298,6.148312655086869,0.08156028368794327,0.0,6.49645390070922,54.32938766479492
2337,1038.0,7.0,148.28571428571428,140.0,0.8357142857142857,11.534523809523847,0.05714285714285714,0.0,6.421428571428572,70.84036254882812
2338,2221.0,18.0,123.38888888888889,277.0,0.8050541516245487,-6.272727272727224,0.06859205776173286,0.0,6.971119133574007,57.582454681396484
2339,1513.0,14.0,108.07142857142857,202.0,0.8168316831683168,15.581283320639784,0.0594059405940594,0.0,6.4950495049504955,87.03306579589844
2340,1165.0,9.0,129.44444444444446,168.0,0.7559523809523809,28.69213414634146,0.041666666666666664,0.0,5.940476190476191,44.83415603637695
2341,1384.0,12.0,115.33333333333333,200.0,0.71,31.447454545454548,0.035,0.0,5.915,80.7197036743164
2342,1053.0,7.0,150.42857142857142,146.0,0.7876712328767124,24.52570776255712,0.0273972602739726,0.0,6.205479452054795,68.10679626464844
2343,622.0,6.0,103.66666666666667,88.0,0.8181818181818182,32.26872727272729,0.03409090909090909,0.0,6.034090909090909,79.40401458740234
2344,2564.0,15.0,170.93333333333334,332.0,0.7048192771084337,1.61506993006995,0.06927710843373494,0.0,6.716867469879518,48.93833923339844
2345,1597.0,12.0,133.08333333333334,218.0,0.7706422018348624,19.508117511520766,0.06422018348623854,0.0,6.31651376146789,41.194129943847656
2346,1292.0,13.0,99.38461538461539,178.0,0.797752808988764,20.14746610169496,0.056179775280898875,0.0,6.213483146067416,40.365413665771484
2347,931.0,6.0,155.16666666666666,125.0,0.832,-0.5991999999999962,0.032,0.0,6.456,86.15624237060547
2348,2139.0,15.0,142.6,280.0,0.725,7.401048387096807,0.08214285714285714,0.0,6.628571428571429,46.36541748046875
2349,1256.0,9.0,139.55555555555554,167.0,0.7604790419161677,9.86124625748505,0.05389221556886228,0.0,6.520958083832335,59.8348388671875
2350,1095.0,8.0,136.875,144.0,0.8541666666666666,20.44965034965037,0.0625,0.0,6.597222222222222,69.25411224365234
2351,1830.0,8.0,228.75,228.0,0.7807017543859649,-17.688157894736804,0.06140350877192982,0.0,7.030701754385965,32.78247833251953
2352,1430.0,10.0,143.0,188.0,0.7819148936170213,10.132777777777818,0.0797872340425532,0.0,6.611702127659575,78.42147064208984
2353,1539.0,9.0,171.0,204.0,0.803921568627451,7.711887315270928,0.0784313725490196,0.0,6.549019607843137,75.82260131835938
2354,896.0,7.0,128.0,126.0,0.8253968253968254,25.04857142857145,0.06349206349206349,0.0,6.119047619047619,74.3576889038086
2355,1467.0,12.0,122.25,193.0,0.7305699481865285,9.29375935521017,0.05181347150259067,0.0,6.606217616580311,31.907203674316406
2356,1952.0,12.0,162.66666666666666,251.0,0.6932270916334662,13.8004418688881,0.03187250996015936,0.00796812749003984,6.741035856573705,32.164031982421875
2357,1281.0,8.0,160.125,163.0,0.8282208588957055,-1.5705521472392263,0.06748466257668712,0.0,6.865030674846626,50.9461669921875
2358,1746.0,11.0,158.72727272727272,237.0,0.7805907172995781,10.542500000000018,0.06329113924050633,0.0,6.345991561181434,57.231468200683594
2359,1903.0,19.0,100.15789473684211,236.0,0.7838983050847458,9.609693609918963,0.0847457627118644,0.0,7.059322033898305,48.226051330566406
2360,1912.0,15.0,127.46666666666667,251.0,0.7410358565737052,10.397966666666662,0.06772908366533864,0.0,6.605577689243028,56.29600143432617
2361,1959.0,13.0,150.69230769230768,255.0,0.6941176470588235,11.620000000000033,0.07450980392156863,0.0,6.674509803921569,39.9912223815918
2362,1506.0,11.0,136.9090909090909,196.0,0.75,2.40831632653061,0.09183673469387756,0.0,6.688775510204081,45.43879318237305
2363,822.0,6.0,137.0,120.0,0.775,24.555000000000035,0.03333333333333333,0.0,5.858333333333333,56.341304779052734
2364,1709.0,11.0,155.36363636363637,220.0,0.7681818181818182,3.2791324200913436,0.07272727272727272,0.0,6.736363636363636,57.40409469604492
2365,2195.0,14.0,156.78571428571428,284.0,0.721830985915493,0.35523809523812133,0.07042253521126761,0.0,6.700704225352113,54.73555374145508
2366,2397.0,18.0,133.16666666666666,319.0,0.7210031347962382,6.007566037735842,0.06583072100313479,0.0,6.5109717868338555,41.68275833129883
2367,1526.0,10.0,152.6,211.0,0.7488151658767772,22.258794102159044,0.052132701421800945,0.0,6.208530805687204,71.34233093261719
2368,1335.0,9.0,148.33333333333334,178.0,0.8202247191011236,1.743384831460702,0.0449438202247191,0.0,6.49438202247191,59.92109298706055
2369,1773.0,9.0,197.0,248.0,0.717741935483871,17.24881944444448,0.0846774193548387,0.0,6.108870967741935,44.73337936401367
2370,2040.0,16.0,127.5,273.0,0.7619047619047619,16.56000929368031,0.05128205128205128,0.0,6.443223443223443,55.333431243896484
2371,2132.0,14.0,152.28571428571428,283.0,0.6855123674911661,8.81523809523813,0.02120141342756184,0.0,6.530035335689046,47.349063873291016
2372,1503.0,11.0,136.63636363636363,205.0,0.8048780487804879,20.246647058823555,0.1024390243902439,0.0,6.336585365853659,60.39382553100586
2373,1751.0,14.0,125.07142857142857,232.0,0.8060344827586207,11.92778985507249,0.04741379310344827,0.0,6.512931034482759,60.631614685058594
2374,821.0,5.0,164.2,110.0,0.8272727272727273,2.031590909090937,0.06363636363636363,0.0,6.472727272727273,82.5810546875
2375,1552.0,9.0,172.44444444444446,193.0,0.8290155440414507,-3.0281249999999886,0.06217616580310881,0.0,7.0,79.3442153930664
2376,1249.0,8.0,156.125,173.0,0.7976878612716763,15.646162790697701,0.028901734104046242,0.0,6.22543352601156,73.68013000488281
2377,1923.0,12.0,160.25,240.0,0.7916666666666666,3.052500000000066,0.07083333333333333,0.0,7.016666666666667,34.64680099487305
2378,1624.0,9.0,180.44444444444446,214.0,0.7523364485981309,-1.2341981132075261,0.0514018691588785,0.0,6.593457943925234,71.96554565429688
2379,1452.0,8.0,181.5,187.0,0.7754010695187166,-11.195508021390367,0.08021390374331551,0.0,6.770053475935829,62.414146423339844
2380,1993.0,11.0,181.1818181818182,248.0,0.7338709677419355,-5.583943089430903,0.07661290322580645,0.0,7.040322580645161,54.482261657714844
2381,759.0,5.0,151.8,94.0,0.851063829787234,-1.517499999999984,0.0851063829787234,0.0,7.085106382978723,31.72063446044922
2382,1649.0,22.0,74.95454545454545,231.0,0.7792207792207793,32.64772172396613,0.07792207792207792,0.0,6.112554112554113,50.81461715698242
2383,2154.0,18.0,119.66666666666667,286.0,0.7027972027972028,15.555563380281711,0.06293706293706294,0.0,6.520979020979021,58.728275299072266
2384,2232.0,13.0,171.69230769230768,285.0,0.7614035087719299,4.326644736842155,0.08771929824561403,0.0,6.828070175438596,44.355323791503906
2385,1408.0,10.0,140.8,195.0,0.7589743589743589,15.643333333333345,0.05128205128205128,0.0,6.2153846153846155,107.4209213256836
2386,1609.0,13.0,123.76923076923077,208.0,0.7451923076923077,8.680734265734287,0.028846153846153848,0.0,6.6875,50.37864303588867
2387,2331.0,17.0,137.11764705882354,310.0,0.7258064516129032,16.60873626373629,0.06451612903225806,0.0,6.509677419354839,63.79966354370117
2388,1638.0,15.0,109.2,222.0,0.7432432432432432,20.473546511627916,0.11711711711711711,0.0,6.382882882882883,64.77566528320312
2389,2578.0,26.0,99.15384615384616,328.0,0.774390243902439,0.47411764705884707,0.10975609756097561,0.0,6.853658536585366,34.83443832397461
2390,1587.0,15.0,105.8,221.0,0.8099547511312217,25.449775641025667,0.06787330316742081,0.0,6.158371040723982,60.78080749511719
2391,1323.0,8.0,165.375,183.0,0.7704918032786885,7.401639344262321,0.03825136612021858,0.0,6.2349726775956285,42.7315559387207
2392,1132.0,7.0,161.71428571428572,166.0,0.7469879518072289,14.140080321285154,0.05421686746987952,0.0,5.825301204819277,66.1165542602539
2393,1177.0,9.0,130.77777777777777,158.0,0.7848101265822784,7.950775316455719,0.0379746835443038,0.0,6.455696202531645,58.52769088745117
2394,2249.0,12.0,187.41666666666666,289.0,0.7716262975778547,2.903803135888495,0.05536332179930796,0.0,6.7612456747404845,60.566341400146484
2395,1886.0,14.0,134.71428571428572,251.0,0.7171314741035857,0.9002008632138541,0.04780876494023904,0.0,6.49402390438247,51.81010055541992
2396,1919.0,12.0,159.91666666666666,256.0,0.74609375,9.522503937007883,0.0546875,0.0,6.484375,73.04768371582031
2397,1433.0,8.0,179.125,182.0,0.8131868131868132,-4.559395604395547,0.03296703296703297,0.0,6.846153846153846,65.27206420898438
2398,1020.0,9.0,113.33333333333333,140.0,0.8285714285714286,22.289642857142866,0.05,0.0,6.264285714285714,56.54072952270508
2399,1880.0,11.0,170.9090909090909,240.0,0.75,-2.9063451882845186,0.09583333333333334,0.0,6.833333333333333,59.072635650634766
2400,2122.0,14.0,151.57142857142858,276.0,0.7318840579710145,15.700219780219811,0.036231884057971016,0.0,6.681159420289855,76.41738891601562
2401,1849.0,10.0,184.9,243.0,0.7160493827160493,0.6983333333333519,0.0411522633744856,0.0,6.609053497942387,56.61248779296875
2402,805.0,8.0,100.625,117.0,0.811965811965812,24.28538461538463,0.05128205128205128,0.0,5.888888888888889,52.366634368896484
2403,1739.0,9.0,193.22222222222223,229.0,0.7248908296943232,-6.0122013274336155,0.08733624454148471,0.0,6.593886462882096,44.87162399291992
2404,1325.0,8.0,165.625,174.0,0.7988505747126436,2.1946551724138317,0.08045977011494253,0.0,6.620689655172414,48.75838088989258
2405,900.0,7.0,128.57142857142858,115.0,0.8695652173913043,4.939094202898559,0.08695652173913043,0.0,6.834782608695652,36.63812255859375
2406,1525.0,12.0,127.08333333333333,196.0,0.7806122448979592,14.977106217616608,0.07653061224489796,0.0,6.785714285714286,50.18836212158203
2407,1727.0,9.0,191.88888888888889,222.0,0.7702702702702703,-2.2713433257918325,0.05855855855855856,0.0,6.774774774774775,67.27935028076172
2408,1233.0,11.0,112.0909090909091,165.0,0.7515151515151515,12.873939393939423,0.06666666666666667,0.0,6.4787878787878785,55.08530807495117
2409,1210.0,8.0,151.25,152.0,0.7697368421052632,5.020000000000039,0.06578947368421052,0.0,6.967105263157895,51.648216247558594
2410,2179.0,11.0,198.0909090909091,293.0,0.6313993174061433,1.2108951048951155,0.034129692832764506,0.0,6.389078498293515,34.631004333496094
2411,1454.0,8.0,181.75,193.0,0.7616580310880829,3.951554404145128,0.07253886010362694,0.0,6.538860103626943,74.2259750366211
2412,2159.0,19.0,113.63157894736842,283.0,0.7632508833922261,11.237119565217426,0.06713780918727916,0.0,6.6007067137809186,37.46131896972656
2413,1293.0,8.0,161.625,170.0,0.8411764705882353,11.98970588235295,0.058823529411764705,0.0,6.6117647058823525,65.82664489746094
2414,2164.0,13.0,166.46153846153845,285.0,0.7192982456140351,10.708517373380488,0.05964912280701754,0.0,6.564912280701755,51.09969711303711
2415,1079.0,7.0,154.14285714285714,157.0,0.7643312101910829,20.236342887473484,0.025477707006369428,0.0,5.8789808917197455,51.69807434082031
2416,1067.0,7.0,152.42857142857142,151.0,0.7549668874172185,18.25374724061814,0.08609271523178808,0.0,6.072847682119205,40.952850341796875
2417,767.0,6.0,127.83333333333333,99.0,0.898989898989899,4.719818181818198,0.030303030303030304,0.0,6.757575757575758,48.519447326660156
2418,1653.0,13.0,127.15384615384616,224.0,0.7544642857142857,12.019053549190545,0.06696428571428571,0.0,6.357142857142857,66.41651916503906
2419,1273.0,11.0,115.72727272727273,176.0,0.8011363636363636,16.344065656565675,0.045454545454545456,0.0,6.232954545454546,40.813270568847656
2420,2053.0,14.0,146.64285714285714,278.0,0.737410071942446,17.559560439560443,0.09352517985611511,0.0,6.381294964028777,48.267520904541016
2421,2277.0,11.0,207.0,291.0,0.7044673539518901,-10.507685567010299,0.027491408934707903,0.0,6.821305841924398,26.8113956451416
2422,1657.0,14.0,118.35714285714286,213.0,0.7793427230046949,12.919371069182432,0.09859154929577464,0.0,6.755868544600939,47.144378662109375
2423,1870.0,16.0,116.875,242.0,0.7644628099173554,12.559831932773136,0.05371900826446281,0.0,6.694214876033058,58.92605972290039
2424,1766.0,15.0,117.73333333333333,228.0,0.7456140350877193,9.47073787199352,0.05701754385964912,0.0,6.697368421052632,58.43257141113281
2425,1913.0,11.0,173.9090909090909,249.0,0.714859437751004,-1.1359048582995968,0.05622489959839357,0.0,6.650602409638554,68.19108581542969
2426,1826.0,10.0,182.6,240.0,0.7666666666666667,8.407932489451525,0.07083333333333333,0.0,6.575,47.561763763427734
2427,1099.0,7.0,157.0,149.0,0.8187919463087249,13.169954954954989,0.0738255033557047,0.0,6.382550335570469,71.05738830566406
2428,1105.0,13.0,85.0,148.0,0.831081081081081,25.01654081632654,0.0945945945945946,0.0,6.472972972972973,56.768680572509766
2429,1531.0,9.0,170.11111111111111,204.0,0.7843137254901961,4.702500000000015,0.049019607843137254,0.0,6.509803921568627,77.90560150146484
2430,2118.0,11.0,192.54545454545453,279.0,0.7311827956989247,-8.840992805755377,0.06451612903225806,0.0,6.594982078853047,56.447227478027344
2431,2075.0,12.0,172.91666666666666,276.0,0.6992753623188406,3.262136363636415,0.057971014492753624,0.0,6.489130434782608,50.78718566894531
2432,1440.0,10.0,144.0,183.0,0.7868852459016393,1.3305095150398927,0.07650273224043716,0.0,6.852459016393443,63.51805877685547
2433,2140.0,13.0,164.6153846153846,279.0,0.7562724014336918,5.653792117930209,0.0931899641577061,0.0,6.634408602150538,36.90140914916992
2434,712.0,9.0,79.11111111111111,91.0,0.8461538461538461,13.283956043956067,0.054945054945054944,0.0,6.835164835164835,57.493507385253906
2435,1750.0,10.0,175.0,226.0,0.7477876106194691,-0.35842342342340316,0.05309734513274336,0.0,6.70353982300885,41.03296661376953
2436,656.0,6.0,109.33333333333333,84.0,0.8928571428571429,12.291428571428611,0.047619047619047616,0.0,6.785714285714286,63.3067626953125
2437,1511.0,8.0,188.875,191.0,0.7801047120418848,9.497068062827225,0.05759162303664921,0.0,6.9162303664921465,63.44081115722656
2438,1276.0,14.0,91.14285714285714,183.0,0.73224043715847,28.85811345079503,0.04918032786885246,0.0,5.945355191256831,45.09663772583008
2439,1779.0,14.0,127.07142857142857,239.0,0.7112970711297071,19.18945781032079,0.05439330543933055,0.0,6.443514644351464,59.08770751953125
2440,1797.0,13.0,138.23076923076923,246.0,0.7479674796747967,8.08704545454546,0.044715447154471545,0.0,6.304878048780488,59.95724868774414
2441,1456.0,23.0,63.30434782608695,221.0,0.7647058823529411,32.86702515723272,0.049773755656108594,0.0,5.592760180995475,21.550403594970703
2442,1511.0,15.0,100.73333333333333,198.0,0.7828282828282829,12.374550164861063,0.06060606060606061,0.0,6.616161616161616,66.6683578491211
2443,1941.0,9.0,215.66666666666666,254.0,0.7204724409448819,-8.91329724409448,0.05905511811023622,0.0,6.6299212598425195,43.0632438659668
2444,1739.0,13.0,133.76923076923077,224.0,0.8169642857142857,10.757083333333355,0.08035714285714286,0.0,6.767857142857143,61.734901428222656
2445,1057.0,7.0,151.0,141.0,0.7730496453900709,14.382500000000022,0.05673758865248227,0.0,6.50354609929078,58.759925842285156
2446,1214.0,8.0,151.75,168.0,0.7916666666666666,6.225000000000023,0.05357142857142857,0.0,6.232142857142857,41.88563537597656
2447,1001.0,7.0,143.0,141.0,0.7375886524822695,12.582500000000039,0.04964539007092199,0.0,6.1063829787234045,61.8180046081543
2448,1548.0,9.0,172.0,206.0,0.7572815533980582,5.531911764705882,0.05825242718446602,0.0,6.490291262135922,49.924530029296875
2449,2079.0,12.0,173.25,270.0,0.7296296296296296,-2.2108069458630837,0.04814814814814815,0.0,6.692592592592592,51.985084533691406
2450,1960.0,16.0,122.5,254.0,0.7559055118110236,11.347769230769245,0.047244094488188976,0.0,6.708661417322834,49.14495849609375
2451,2035.0,16.0,127.1875,286.0,0.7202797202797203,21.721973684210553,0.045454545454545456,0.0,6.108391608391608,37.539676666259766
2452,2472.0,16.0,154.5,315.0,0.746031746031746,-1.383644302449369,0.06984126984126984,0.0,6.841269841269841,67.30867767333984
2453,2155.0,13.0,165.76923076923077,287.0,0.6898954703832753,9.259377990430636,0.06968641114982578,0.0,6.501742160278746,62.85065841674805
2454,1464.0,10.0,146.4,190.0,0.7894736842105263,-2.0172222222221876,0.04736842105263158,0.0,6.7105263157894735,65.5545654296875
2455,1966.0,11.0,178.72727272727272,274.0,0.7335766423357665,15.003470588235302,0.058394160583941604,0.0,6.156934306569343,56.042816162109375
2456,1373.0,10.0,137.3,182.0,0.7692307692307693,1.3050488400488973,0.07142857142857142,0.0,6.516483516483516,50.92831039428711
2457,2243.0,16.0,140.1875,319.0,0.7147335423197492,21.585783744557347,0.06896551724137931,0.0,6.028213166144201,60.34172058105469
2458,1626.0,16.0,101.625,205.0,0.848780487804878,1.1009673366834534,0.05365853658536585,0.0,6.9365853658536585,55.39374923706055
2459,2148.0,14.0,153.42857142857142,293.0,0.7167235494880546,15.73135057471265,0.05460750853242321,0.0,6.324232081911263,58.22755813598633
2460,1657.0,11.0,150.63636363636363,213.0,0.755868544600939,10.20428199052131,0.046948356807511735,0.0,6.784037558685446,52.959896087646484
2461,2292.0,14.0,163.71428571428572,301.0,0.7574750830564784,8.876000000000005,0.08970099667774087,0.0,6.584717607973422,48.30984878540039
2462,1469.0,10.0,146.9,196.0,0.7959183673469388,10.782596371882079,0.07653061224489796,0.0,6.5,40.08926773071289
2463,1562.0,9.0,173.55555555555554,194.0,0.7628865979381443,-9.21895618556701,0.06701030927835051,0.0,7.056701030927835,42.48930358886719
2464,1583.0,11.0,143.9090909090909,217.0,0.7972350230414746,17.669333333333356,0.05069124423963134,0.0,6.285714285714286,71.45145416259766
2465,1329.0,8.0,166.125,170.0,0.8117647058823529,8.008529411764727,0.10588235294117647,0.0,6.823529411764706,42.76701736450195
2466,1949.0,13.0,149.92307692307693,233.0,0.7467811158798283,-12.185575497463901,0.11158798283261803,0.0,7.369098712446352,33.898719787597656
2467,1409.0,10.0,140.9,187.0,0.7540106951871658,10.664272133095693,0.058823529411764705,0.0,6.508021390374331,68.77253723144531
2468,1854.0,13.0,142.6153846153846,246.0,0.7195121951219512,2.2518552875696116,0.044715447154471545,0.0,6.504065040650406,67.36296844482422
2469,981.0,6.0,163.5,135.0,0.8666666666666667,12.110000000000014,0.05925925925925926,0.0,6.274074074074074,93.43319702148438
2470,1580.0,12.0,131.66666666666666,196.0,0.7653061224489796,-0.8192040816326198,0.05612244897959184,0.0,7.035714285714286,44.47160339355469
2471,2315.0,13.0,178.07692307692307,312.0,0.7243589743589743,13.591403508771947,0.07051282051282051,0.0,6.371794871794871,39.014888763427734
2472,1668.0,8.0,208.5,212.0,0.7924528301886793,-1.2749999999999773,0.06132075471698113,0.0,6.872641509433962,56.585418701171875
2473,1559.0,11.0,141.72727272727272,213.0,0.7417840375586855,11.32832075471697,0.04225352112676056,0.0,6.314553990610329,64.25135040283203
2474,1900.0,10.0,190.0,254.0,0.7204724409448819,6.19357142857146,0.09448818897637795,0.0,6.448818897637795,43.114280700683594
2475,2211.0,20.0,110.55,282.0,0.7978723404255319,8.645625000000024,0.08156028368794327,0.0,6.826241134751773,42.15032958984375
2476,2368.0,16.0,148.0,321.0,0.7102803738317757,8.195094339622642,0.059190031152647975,0.0,6.373831775700935,46.55142593383789
2477,1959.0,14.0,139.92857142857142,258.0,0.748062015503876,8.144406420351345,0.07364341085271318,0.0,6.565891472868217,54.9853515625
2478,2196.0,16.0,137.25,274.0,0.7883211678832117,-6.986669741697398,0.058394160583941604,0.0,6.985401459854015,37.91131591796875
2479,2094.0,16.0,130.875,283.0,0.7137809187279152,15.007855278766357,0.06713780918727916,0.0,6.395759717314488,50.58010482788086
2480,1847.0,12.0,153.91666666666666,260.0,0.7192307692307692,13.964281249999999,0.046153846153846156,0.0,6.1,52.22560119628906
2481,892.0,7.0,127.42857142857143,114.0,0.868421052631579,-1.686842105263139,0.03508771929824561,0.0,6.833333333333333,68.19441223144531
2482,1463.0,11.0,133.0,192.0,0.828125,11.754590643274867,0.078125,0.0,6.614583333333333,65.05558013916016
2483,1163.0,8.0,145.375,165.0,0.806060606060606,17.29909090909092,0.030303030303030304,0.0,6.054545454545455,62.234703063964844
2484,888.0,9.0,98.66666666666667,128.0,0.8359375,25.113064516129043,0.0625,0.0,5.9453125,79.5841064453125
2485,1476.0,12.0,123.0,221.0,0.7692307692307693,27.8574097135741,0.03619909502262444,0.0,5.656108597285068,69.05365753173828
2486,2029.0,14.0,144.92857142857142,258.0,0.7248062015503876,10.985573181682128,0.05426356589147287,0.0,6.8062015503875966,53.87091064453125
2487,1127.0,8.0,140.875,161.0,0.8074534161490683,22.697453416149074,0.037267080745341616,0.0,6.0062111801242235,89.40512084960938
2488,2052.0,12.0,171.0,261.0,0.7394636015325671,-3.5756054756054425,0.07279693486590039,0.0,6.850574712643678,53.908416748046875
2489,1945.0,14.0,138.92857142857142,268.0,0.7126865671641791,18.95237468671681,0.04477611940298507,0.0,6.246268656716418,73.42539978027344
2490,1370.0,9.0,152.22222222222223,187.0,0.7754010695187166,4.861246657754037,0.0481283422459893,0.0,6.320855614973262,46.31502151489258
2491,1946.0,11.0,176.9090909090909,241.0,0.7717842323651453,-3.6142949790794887,0.08298755186721991,0.0,7.070539419087137,76.05728149414062
2492,1039.0,8.0,129.875,137.0,0.8613138686131386,17.152481751824837,0.072992700729927,0.0,6.591240875912408,70.63232421875
2493,2349.0,16.0,146.8125,293.0,0.7133105802047781,1.440344827586216,0.08532423208191127,0.0,7.010238907849829,57.14404296875
2494,1254.0,10.0,125.4,167.0,0.8143712574850299,12.307439024390277,0.05389221556886228,0.0,6.455089820359281,63.25947570800781
2495,1499.0,12.0,124.91666666666667,186.0,0.8279569892473119,0.56245161290326,0.06989247311827956,0.0,7.059139784946237,56.27211380004883
2496,1082.0,7.0,154.57142857142858,130.0,0.8,-6.482820512820496,0.07692307692307693,0.0,7.3307692307692305,67.66926574707031
2497,1668.0,11.0,151.63636363636363,213.0,0.7605633802816901,10.057753521126813,0.07981220657276995,0.0,6.826291079812207,66.05331420898438
2498,2375.0,16.0,148.4375,303.0,0.7293729372937293,12.279239130434775,0.07590759075907591,0.0,6.8250825082508255,54.59281539916992
2499,2364.0,18.0,131.33333333333334,319.0,0.7210031347962382,14.378282700421948,0.05642633228840126,0.0,6.385579937304075,40.72944259643555
2500,2412.0,17.0,141.88235294117646,303.0,0.7161716171617162,6.522099009901041,0.08250825082508251,0.0,6.9537953795379535,51.193485260009766
2501,1509.0,13.0,116.07692307692308,194.0,0.7577319587628866,4.518971291866052,0.08247422680412371,0.0,6.783505154639175,42.296939849853516
2502,2202.0,15.0,146.8,279.0,0.7562724014336918,-1.9990133779263886,0.04659498207885305,0.0,6.835125448028674,55.524070739746094
2503,1220.0,8.0,152.5,162.0,0.8580246913580247,8.92277777777781,0.06172839506172839,0.0,6.537037037037037,84.10335540771484
2504,1545.0,10.0,154.5,190.0,0.7894736842105263,-6.055935672514579,0.07368421052631578,0.0,7.136842105263158,63.617271423339844
2505,1679.0,12.0,139.91666666666666,222.0,0.7342342342342343,5.574972972973001,0.04504504504504504,0.0,6.527027027027027,43.83014678955078
2506,1320.0,9.0,146.66666666666666,170.0,0.8352941176470589,-0.8537499999999909,0.06470588235294118,0.0,6.770588235294118,49.101375579833984
2507,1961.0,11.0,178.27272727272728,255.0,0.7764705882352941,2.7948529411764866,0.10588235294117647,0.0,6.658823529411765,49.22732925415039
2508,1799.0,10.0,179.9,230.0,0.7869565217391304,-8.463352912383726,0.10434782608695652,0.0,6.826086956521739,29.556303024291992
2509,1394.0,6.0,232.33333333333334,194.0,0.7474226804123711,-3.4913298969071604,0.03608247422680412,0.0,6.190721649484536,40.66773986816406
2510,2034.0,12.0,169.5,244.0,0.8032786885245902,-6.894114754098354,0.12295081967213115,0.0,7.30327868852459,60.919185638427734
2511,1088.0,8.0,136.0,139.0,0.8273381294964028,4.38270383693046,0.06474820143884892,0.0,6.83453237410072,51.29949951171875
2512,2205.0,15.0,147.0,288.0,0.6944444444444444,7.31828671328671,0.04513888888888889,0.0,6.652777777777778,56.30536651611328
2513,2169.0,17.0,127.58823529411765,277.0,0.7220216606498195,10.54000000000002,0.05054151624548736,0.0,6.7111913357400725,48.20162582397461
2514,1640.0,10.0,164.0,231.0,0.70995670995671,14.4915420305677,0.03896103896103896,0.0,6.077922077922078,50.17549133300781
2515,2204.0,13.0,169.53846153846155,279.0,0.7562724014336918,-11.144875735775003,0.06451612903225806,0.0,6.896057347670251,78.9612045288086
2516,1530.0,8.0,191.25,201.0,0.7562189054726368,8.910895522388074,0.04477611940298507,0.0,6.616915422885572,54.03012466430664
2517,2080.0,18.0,115.55555555555556,286.0,0.7097902097902098,26.13148242882565,0.06993006993006994,0.0,6.269230769230769,54.69203567504883
2518,841.0,6.0,140.16666666666666,103.0,0.8543689320388349,-5.450699029126184,0.02912621359223301,0.0,7.174757281553398,96.36847686767578
2519,1405.0,10.0,140.5,183.0,0.819672131147541,15.147486338797847,0.08196721311475409,0.0,6.683060109289618,61.71521759033203
2520,1686.0,11.0,153.27272727272728,231.0,0.7878787878787878,18.583305194805234,0.07792207792207792,0.0,6.294372294372295,70.40380096435547
2521,777.0,5.0,155.4,107.0,0.8411214953271028,8.90244158878508,0.08411214953271028,0.0,6.271028037383178,53.47101974487305
2522,1850.0,14.0,132.14285714285714,249.0,0.7349397590361446,18.705107526881733,0.04819277108433735,0.0,6.409638554216867,65.75194549560547
2523,2421.0,16.0,151.3125,309.0,0.7637540453074434,3.9095418023887305,0.05177993527508091,0.0,6.809061488673139,62.766197204589844
2524,1661.0,16.0,103.8125,226.0,0.7831858407079646,14.974464285714305,0.05752212389380531,0.0,6.336283185840708,53.93247985839844
2525,2017.0,11.0,183.36363636363637,246.0,0.7682926829268293,-3.644999999999982,0.07317073170731707,0.0,7.191056910569106,64.58696746826172
2526,1781.0,19.0,93.73684210526316,254.0,0.7283464566929134,28.600457831325343,0.07480314960629922,0.0,6.0,41.98854064941406
2527,998.0,7.0,142.57142857142858,135.0,0.8296296296296296,12.917500000000018,0.07407407407407407,0.0,6.4,65.8218994140625
2528,2069.0,10.0,206.9,286.0,0.7377622377622378,8.231666666666712,0.06643356643356643,0.0,6.230769230769231,43.29145050048828
2529,2090.0,16.0,130.625,292.0,0.7363013698630136,17.853434256055408,0.06506849315068493,0.0,6.13013698630137,41.25310516357422
2530,974.0,8.0,121.75,140.0,0.8071428571428572,20.35642857142861,0.05714285714285714,0.0,5.964285714285714,73.20578002929688
2531,1246.0,10.0,124.6,160.0,0.8375,19.061805555555566,0.10625,0.0,6.79375,58.91735076904297
2532,1530.0,13.0,117.6923076923077,215.0,0.7441860465116279,30.387991543340405,0.07441860465116279,0.0,6.055813953488372,61.90163040161133
2533,1995.0,18.0,110.83333333333333,256.0,0.75,9.595266798419004,0.078125,0.0,6.7734375,40.49443054199219
2534,1911.0,10.0,191.1,233.0,0.776824034334764,-10.790720076299465,0.11587982832618025,0.0,7.171673819742489,52.26631164550781
2535,2434.0,14.0,173.85714285714286,297.0,0.7710437710437711,-7.769012474012442,0.09427609427609428,0.0,7.188552188552189,59.847877502441406
2536,1825.0,18.0,101.38888888888889,240.0,0.8375,15.145291777188334,0.07916666666666666,0.0,6.575,106.09043884277344
2537,1665.0,14.0,118.92857142857143,226.0,0.7787610619469026,23.07569230769235,0.048672566371681415,0.0,6.3628318584070795,61.23374557495117
2538,1979.0,11.0,179.9090909090909,247.0,0.7165991902834008,-8.679065040650414,0.05668016194331984,0.0,6.987854251012146,41.194828033447266
2539,38.0,2.0,19.0,8.0,1.0,103.54,0.125,0.0,3.875,40.645877838134766
2540,1402.0,13.0,107.84615384615384,196.0,0.7755102040816326,21.339704902427428,0.05102040816326531,0.0,6.158163265306122,81.91500091552734
2541,1974.0,15.0,131.6,273.0,0.7289377289377289,25.3068131868132,0.0989010989010989,0.0,6.212454212454213,39.11454772949219
2542,1108.0,6.0,184.66666666666666,150.0,0.8666666666666667,2.1090000000000373,0.06666666666666667,0.0,6.366666666666666,75.49840545654297
2543,2025.0,12.0,168.75,256.0,0.75,-5.831029411764689,0.08203125,0.0,6.8984375,41.52640914916992
2544,1764.0,11.0,160.36363636363637,236.0,0.7372881355932204,11.52457894736844,0.05508474576271186,0.0,6.415254237288136,44.60102081298828
2545,1986.0,14.0,141.85714285714286,231.0,0.7878787878787878,-19.937142857142817,0.12121212121212122,0.0,7.575757575757576,43.758270263671875
2546,2240.0,10.0,224.0,294.0,0.6836734693877551,-2.4277891156462488,0.04421768707482993,0.0,6.58843537414966,54.89472961425781
2547,653.0,7.0,93.28571428571429,85.0,0.8941176470588236,14.408235294117645,0.07058823529411765,0.0,6.694117647058824,77.23468017578125
2548,1974.0,11.0,179.45454545454547,252.0,0.7619047619047619,-4.6940896414342035,0.051587301587301584,0.0,6.821428571428571,59.2971076965332
2549,2300.0,17.0,135.2941176470588,289.0,0.7335640138408305,12.568690527681667,0.04152249134948097,0.0,6.916955017301038,48.23360824584961
2550,1606.0,7.0,229.42857142857142,200.0,0.81,-18.078181818181804,0.055,0.0,7.035,66.24394989013672
2551,1168.0,7.0,166.85714285714286,174.0,0.735632183908046,25.703448275862087,0.05172413793103448,0.0,5.718390804597701,29.876440048217773
2552,798.0,7.0,114.0,108.0,0.8240740740740741,16.231666666666655,0.07407407407407407,0.0,6.398148148148148,77.81419372558594
2553,1409.0,9.0,156.55555555555554,197.0,0.7766497461928934,11.592836538461569,0.06091370558375635,0.0,6.152284263959391,42.03468322753906
2554,1402.0,9.0,155.77777777777777,185.0,0.8162162162162162,8.218260135135154,0.04864864864864865,0.0,6.583783783783784,69.59309387207031
2555,1628.0,13.0,125.23076923076923,208.0,0.7932692307692307,5.637650485436922,0.08173076923076923,0.0,6.8076923076923075,65.87791442871094
2556,2155.0,14.0,153.92857142857142,296.0,0.7162162162162162,15.069540816326537,0.057432432432432436,0.0,6.27027027027027,66.57514953613281
2557,1511.0,12.0,125.91666666666667,216.0,0.7824074074074074,20.506622641509438,0.0787037037037037,0.0,5.981481481481482,41.67884063720703
2558,1619.0,12.0,134.91666666666666,211.0,0.7819905213270142,6.206459330143559,0.04739336492890995,0.0,6.668246445497631,45.694976806640625
2559,1022.0,8.0,127.75,128.0,0.8359375,0.780104166666689,0.0625,0.0,6.9921875,65.73181915283203
2560,2044.0,20.0,102.2,268.0,0.75,16.035383254716976,0.05970149253731343,0.0,6.630597014925373,54.981414794921875
2561,2115.0,13.0,162.69230769230768,280.0,0.7357142857142858,17.27523809523811,0.05714285714285714,0.0,6.55,48.23872375488281
2562,2102.0,13.0,161.69230769230768,265.0,0.7169811320754716,1.5576441698352426,0.06415094339622641,0.0,6.89811320754717,41.058753967285156
2563,1436.0,8.0,179.5,203.0,0.7832512315270936,9.904000000000025,0.08374384236453201,0.0,6.078817733990148,59.257171630859375
2564,1298.0,7.0,185.42857142857142,167.0,0.8263473053892215,-5.30685129740516,0.0658682634730539,0.0,6.778443113772455,42.93567657470703
2565,998.0,7.0,142.57142857142858,134.0,0.8507462686567164,4.958389724310791,0.08955223880597014,0.0,6.455223880597015,52.92350387573242
2566,1798.0,15.0,119.86666666666666,233.0,0.7467811158798283,21.758587662337703,0.060085836909871244,0.0,6.721030042918455,67.47333526611328
2567,2307.0,12.0,192.25,311.0,0.6977491961414791,1.7304942630185565,0.05787781350482315,0.0,6.392282958199357,48.46086883544922
2568,1417.0,8.0,177.125,191.0,0.7905759162303665,13.483455497382238,0.04712041884816754,0.0,6.424083769633508,73.87358093261719
2569,2390.0,21.0,113.80952380952381,327.0,0.6972477064220184,17.603472222222223,0.0672782874617737,0.0,6.3058103975535165,51.51705551147461
2570,1922.0,11.0,174.72727272727272,243.0,0.757201646090535,-8.500461041954793,0.06584362139917696,0.0,6.8765432098765435,49.50131607055664
2571,2215.0,10.0,221.5,271.0,0.7638376383763837,-18.82166666666663,0.05166051660516605,0.0,7.132841328413284,32.53048324584961
2572,2143.0,15.0,142.86666666666667,276.0,0.7427536231884058,-0.6408653846153527,0.10144927536231885,0.0,6.7355072463768115,49.09627151489258
2573,1523.0,15.0,101.53333333333333,212.0,0.7594339622641509,23.26091766723843,0.08490566037735849,0.0,6.160377358490566,38.58576965332031
2574,2182.0,12.0,181.83333333333334,293.0,0.7235494880546075,-0.0841855414209931,0.08532423208191127,0.0,6.436860068259386,24.771638870239258
2575,1907.0,10.0,190.7,245.0,0.7836734693877551,-8.18532139577593,0.09387755102040816,0.0,6.7877551020408164,40.100914001464844
2576,1426.0,9.0,158.44444444444446,185.0,0.8054054054054054,15.209565217391315,0.07567567567567568,0.0,6.681081081081081,65.58836364746094
2577,1753.0,15.0,116.86666666666666,233.0,0.7639484978540773,15.874602122015943,0.0815450643776824,0.0,6.51931330472103,41.14875411987305
2578,1235.0,11.0,112.27272727272727,163.0,0.7914110429447853,24.064999999999998,0.07975460122699386,0.0,6.558282208588957,85.0422134399414
2579,1356.0,9.0,150.66666666666666,188.0,0.7659574468085106,13.782500000000027,0.05851063829787234,0.0,6.1861702127659575,61.587039947509766
2580,896.0,6.0,149.33333333333334,113.0,0.8761061946902655,-1.026123893805277,0.07964601769911504,0.0,6.938053097345133,48.99494934082031
2581,1292.0,8.0,161.5,165.0,0.8545454545454545,1.404545454545456,0.11515151515151516,0.0,6.836363636363636,82.41320037841797
2582,1177.0,8.0,147.125,150.0,0.8266666666666667,10.245000000000005,0.05333333333333334,0.0,6.846666666666667,78.96424865722656
2583,1493.0,12.0,124.41666666666667,191.0,0.8638743455497382,10.795454545454561,0.07329842931937172,0.0,6.774869109947644,83.56652069091797
2584,1432.0,15.0,95.46666666666667,169.0,0.8106508875739645,-3.5469023668638897,0.07692307692307693,0.0,7.42603550295858,75.42323303222656
2585,931.0,8.0,116.375,131.0,0.8091603053435115,16.3067441860465,0.06870229007633588,0.0,6.114503816793893,71.80601501464844
2586,1748.0,10.0,174.8,243.0,0.7119341563786008,7.444814814814833,0.04526748971193416,0.0,6.172839506172839,44.59774398803711
2587,1194.0,6.0,199.0,154.0,0.7792207792207793,0.3301428571428744,0.13636363636363635,0.0,6.746753246753247,71.53446197509766
2588,1921.0,14.0,137.21428571428572,250.0,0.752,12.813858560794074,0.132,0.0,6.652,36.042076110839844
2589,871.0,6.0,145.16666666666666,116.0,0.8620689655172413,8.252517241379309,0.0603448275862069,0.0,6.517241379310345,80.76590728759766
2590,1358.0,8.0,169.75,181.0,0.7734806629834254,14.661823204419903,0.049723756906077346,0.0,6.475138121546961,58.534080505371094
2591,1937.0,14.0,138.35714285714286,263.0,0.7452471482889734,12.718992042440334,0.07984790874524715,0.0,6.357414448669202,49.63225555419922
2592,1084.0,8.0,135.5,142.0,0.7887323943661971,17.045000000000016,0.06338028169014084,0.0,6.605633802816901,71.40475463867188
2593,1585.0,10.0,158.5,205.0,0.7853658536585366,4.198482384823876,0.11707317073170732,0.0,6.726829268292683,48.384395599365234
2594,1981.0,11.0,180.0909090909091,263.0,0.7376425855513308,3.9381832061069133,0.057034220532319393,0.0,6.524714828897339,53.609458923339844
2595,1176.0,8.0,147.0,162.0,0.8333333333333334,14.963750000000033,0.07407407407407407,0.0,6.2592592592592595,56.74169921875
2596,1096.0,10.0,109.6,166.0,0.7831325301204819,32.55163956639569,0.04216867469879518,0.0,5.608433734939759,49.4894905090332
2597,1366.0,8.0,170.75,177.0,0.8248587570621468,9.10220338983055,0.096045197740113,0.0,6.72316384180791,41.529884338378906
2598,1595.0,15.0,106.33333333333333,235.0,0.7106382978723405,31.78814130075935,0.03829787234042553,0.0,5.76595744680851,56.191402435302734
2599,1469.0,12.0,122.41666666666667,185.0,0.7837837837837838,9.71155405405409,0.05945945945945946,0.0,6.9135135135135135,65.65276336669922
2600,1278.0,9.0,142.0,187.0,0.7379679144385026,31.54042229729731,0.058823529411764705,0.0,5.791443850267379,37.03061294555664
2601,999.0,7.0,142.71428571428572,132.0,0.8560606060606061,15.945909090909083,0.03787878787878788,0.0,6.575757575757576,71.02294158935547
2602,1595.0,9.0,177.22222222222223,182.0,0.8406593406593407,-22.178228021977986,0.10989010989010989,0.0,7.747252747252747,46.577632904052734
2603,1232.0,9.0,136.88888888888889,152.0,0.8421052631578947,1.0960526315789707,0.06578947368421052,0.0,7.1118421052631575,49.822914123535156
2604,1563.0,10.0,156.3,209.0,0.7177033492822966,6.373535353535374,0.0430622009569378,0.0,6.483253588516747,54.328670501708984
2605,1168.0,9.0,129.77777777777777,144.0,0.8263888888888888,-4.9986619718309555,0.027777777777777776,0.0,7.118055555555555,58.898193359375
2606,1243.0,8.0,155.375,159.0,0.7735849056603774,-0.31811320754715666,0.05660377358490566,0.0,6.79874213836478,64.4105224609375
2607,1679.0,11.0,152.63636363636363,226.0,0.7477876106194691,10.106706349206348,0.07964601769911504,0.0,6.433628318584071,55.8812370300293
2608,1970.0,11.0,179.0909090909091,243.0,0.757201646090535,-10.282842056932964,0.05761316872427984,0.0,7.102880658436214,19.917430877685547
2609,1785.0,8.0,223.125,208.0,0.7259615384615384,-27.097115384615364,0.14423076923076922,0.0,7.586538461538462,29.70628547668457
2610,1221.0,8.0,152.625,157.0,0.7898089171974523,6.765005307855631,0.05732484076433121,0.0,6.764331210191083,54.08220672607422
2611,1585.0,13.0,121.92307692307692,213.0,0.7511737089201878,19.140000000000043,0.06103286384976526,0.0,6.384976525821596,52.105186462402344
2612,1982.0,15.0,132.13333333333333,261.0,0.7701149425287356,4.8300000000000125,0.07279693486590039,0.0,6.563218390804598,66.20419311523438
2613,1431.0,9.0,159.0,193.0,0.7772020725388601,5.696311528497432,0.06217616580310881,0.0,6.414507772020725,38.41132736206055
2614,1920.0,11.0,174.54545454545453,241.0,0.7095435684647303,-6.133553941908701,0.07053941908713693,0.0,6.908713692946058,60.398345947265625
2615,1239.0,8.0,154.875,155.0,0.8,-9.94709677419354,0.07096774193548387,0.0,7.0,65.24510955810547
2616,1946.0,13.0,149.69230769230768,246.0,0.7317073170731707,1.7627314814814952,0.04878048780487805,0.0,6.894308943089431,69.9503402709961
2617,1960.0,11.0,178.1818181818182,241.0,0.7634854771784232,-7.508018828451867,0.12863070539419086,0.0,7.074688796680498,38.83332061767578
2618,1475.0,10.0,147.5,205.0,0.751219512195122,7.499945799458004,0.06341463414634146,0.0,6.195121951219512,70.39617919921875
2619,1044.0,8.0,130.5,133.0,0.8421052631578947,6.230570175438629,0.06015037593984962,0.0,6.857142857142857,59.84134292602539
2620,1592.0,9.0,176.88888888888889,214.0,0.7336448598130841,9.2977686915888,0.06074766355140187,0.0,6.44392523364486,72.77326965332031
2621,1716.0,12.0,143.0,238.0,0.7352941176470589,21.56744067796612,0.0546218487394958,0.0,6.214285714285714,47.848960876464844
2622,1693.0,13.0,130.23076923076923,226.0,0.7654867256637168,21.498051948051994,0.061946902654867256,0.0,6.486725663716814,69.5570297241211
2623,2167.0,11.0,197.0,271.0,0.7121771217712177,-2.9829391143911153,0.08118081180811808,0.0,6.992619926199262,44.2069206237793
2624,1280.0,8.0,160.0,160.0,0.85,-7.243749999999977,0.1375,0.0,7.00625,106.55223846435547
2625,1492.0,9.0,165.77777777777777,184.0,0.7934782608695652,-8.699130434782603,0.10326086956521739,0.0,7.081521739130435,60.05834197998047
2626,1126.0,7.0,160.85714285714286,148.0,0.831081081081081,12.026711711711755,0.0945945945945946,0.0,6.614864864864865,72.61573028564453
2627,1086.0,11.0,98.72727272727273,150.0,0.86,26.288581081081105,0.06,0.0,6.246666666666667,107.44792175292969
2628,1187.0,9.0,131.88888888888889,143.0,0.8391608391608392,-8.445343822843796,0.06993006993006994,0.0,7.3076923076923075,80.52336883544922
2629,1646.0,11.0,149.63636363636363,216.0,0.8101851851851852,2.78600000000003,0.037037037037037035,0.0,6.6157407407407405,55.2336540222168
2630,1901.0,10.0,190.1,250.0,0.692,-1.9984738955823218,0.048,0.0,6.576,51.86212158203125
2631,1426.0,10.0,142.6,182.0,0.8076923076923077,-0.5323033707865079,0.07692307692307693,0.0,6.791208791208791,53.82746505737305
2632,1986.0,13.0,152.76923076923077,252.0,0.753968253968254,-2.1228333333333467,0.023809523809523808,0.0,6.861111111111111,68.65144348144531
2633,1045.0,7.0,149.28571428571428,137.0,0.8175182481751825,9.029803921568629,0.08759124087591241,0.0,6.635036496350365,65.51821899414062
2634,2216.0,18.0,123.11111111111111,300.0,0.7,11.27133333333336,0.056666666666666664,0.0,6.38,48.66704559326172
2635,2276.0,15.0,151.73333333333332,288.0,0.7569444444444444,6.630096153846154,0.052083333333333336,0.0,6.895833333333333,66.58308410644531
2636,666.0,5.0,133.2,89.0,0.8651685393258427,8.397317415730356,0.056179775280898875,0.0,6.49438202247191,81.81401062011719
2637,2060.0,14.0,147.14285714285714,273.0,0.7765567765567766,8.09423076923079,0.054945054945054944,0.0,6.534798534798535,43.317848205566406
2638,2029.0,13.0,156.07692307692307,262.0,0.7366412213740458,17.08867048346059,0.0648854961832061,0.0,6.713740458015267,33.46564865112305
2639,1521.0,12.0,126.75,211.0,0.8151658767772512,25.106298701298726,0.03317535545023697,0.0,6.208530805687204,80.23262023925781
2640,2046.0,16.0,127.875,279.0,0.7132616487455197,22.133727436823136,0.07885304659498207,0.0,6.315412186379929,50.84418869018555
2641,2566.0,27.0,95.03703703703704,347.0,0.7031700288184438,13.057630597014963,0.07492795389048991,0.0,6.3861671469740635,33.33041000366211
2642,1641.0,10.0,164.1,221.0,0.7285067873303167,15.76595820591237,0.049773755656108594,0.0,6.429864253393665,58.021907806396484
2643,1537.0,14.0,109.78571428571429,207.0,0.8115942028985508,23.18402790279032,0.043478260869565216,0.0,6.400966183574879,71.1375732421875
2644,1112.0,7.0,158.85714285714286,149.0,0.8523489932885906,6.183529082774072,0.04697986577181208,0.0,6.429530201342282,51.814659118652344
2645,2295.0,14.0,163.92857142857142,297.0,0.6902356902356902,-9.481118881118874,0.07407407407407407,0.0,6.720538720538721,60.683677673339844
2646,2201.0,19.0,115.84210526315789,288.0,0.7048611111111112,13.15300000000002,0.0763888888888889,0.0,6.583333333333333,46.12156677246094
2647,2100.0,13.0,161.53846153846155,290.0,0.7344827586206897,7.464112950058109,0.04482758620689655,0.0,6.2379310344827585,57.07085037231445
2648,1874.0,14.0,133.85714285714286,250.0,0.708,12.960295728368067,0.068,0.0,6.476,64.95028686523438
2649,1763.0,17.0,103.70588235294117,233.0,0.776824034334764,15.082971014492756,0.07296137339055794,0.0,6.570815450643777,57.904823303222656
2650,1663.0,14.0,118.78571428571429,200.0,0.845,8.029000000000053,0.08,0.0,7.32,37.4738883972168
2651,2373.0,17.0,139.58823529411765,307.0,0.7100977198697068,6.586934662236985,0.08143322475570032,0.0,6.726384364820847,43.34812927246094
2652,1394.0,9.0,154.88888888888889,192.0,0.7708333333333334,23.40937500000004,0.0625,0.0,6.265625,60.37525177001953
2653,1557.0,10.0,155.7,206.0,0.6941747572815534,4.135787486515653,0.043689320388349516,0.0,6.543689320388349,41.614341735839844
2654,1308.0,15.0,87.2,179.0,0.7653631284916201,22.832916666666677,0.055865921787709494,0.0,6.312849162011173,47.26852035522461
2655,2356.0,20.0,117.8,295.0,0.7389830508474576,-2.6942146118721553,0.06779661016949153,0.0,6.979661016949152,56.04692840576172
2656,1640.0,11.0,149.0909090909091,223.0,0.7757847533632287,16.13861659192827,0.06278026905829596,0.0,6.331838565022421,53.98015594482422
2657,1347.0,7.0,192.42857142857142,179.0,0.8324022346368715,4.045786778398536,0.03910614525139665,0.0,6.5307262569832405,64.66461944580078
2658,1517.0,7.0,216.71428571428572,186.0,0.8118279569892473,-21.57516129032257,0.06451612903225806,0.0,7.161290322580645,88.94910430908203
2659,2263.0,14.0,161.64285714285714,284.0,0.7640845070422535,1.482500000000016,0.07746478873239436,0.0,6.961267605633803,61.11709213256836
2660,1595.0,11.0,145.0,215.0,0.6883720930232559,11.090639534883763,0.037209302325581395,0.0,6.409302325581395,49.37174606323242
2661,2019.0,13.0,155.30769230769232,250.0,0.768,-0.7933947368420888,0.092,0.0,7.068,40.253028869628906
2662,1544.0,11.0,140.36363636363637,200.0,0.74,6.332272727272738,0.035,0.0,6.725,73.9308853149414
2663,1972.0,13.0,151.69230769230768,239.0,0.7447698744769874,-11.005788262370515,0.11715481171548117,0.0,7.2384937238493725,64.96087646484375
2664,1213.0,7.0,173.28571428571428,156.0,0.8012820512820513,1.4834615384615688,0.07692307692307693,0.0,6.782051282051282,69.61738586425781
2665,1952.0,17.0,114.82352941176471,254.0,0.7440944881889764,12.196953481301307,0.08267716535433071,0.0,6.665354330708661,64.6019058227539
2666,2277.0,17.0,133.94117647058823,276.0,0.8115942028985508,-5.682197802197777,0.09782608695652174,0.0,7.242753623188406,47.74003601074219
2667,722.0,9.0,80.22222222222223,108.0,0.8240740740740741,35.291666666666686,0.037037037037037035,0.0,5.694444444444445,60.06441116333008
2668,1341.0,9.0,149.0,169.0,0.8402366863905325,-2.8293602071005637,0.08284023668639054,0.0,6.940828402366864,57.234527587890625
2669,2208.0,12.0,184.0,299.0,0.6655518394648829,10.611340833079993,0.046822742474916385,0.0,6.3478260869565215,63.02799987792969
2670,1917.0,11.0,174.27272727272728,257.0,0.708171206225681,-3.550562499999984,0.06614785992217899,0.0,6.463035019455253,39.617759704589844
2671,2494.0,13.0,191.84615384615384,343.0,0.6676384839650146,8.792083333333352,0.04081632653061224,0.0,6.259475218658892,45.642906188964844
2672,2105.0,12.0,175.41666666666666,273.0,0.7216117216117216,-2.470104395604352,0.047619047619047616,0.0,6.6923076923076925,54.09279251098633
2673,1552.0,8.0,194.0,209.0,0.7894736842105263,1.3070731707317407,0.06698564593301436,0.0,6.401913875598086,80.36199951171875
2674,2061.0,14.0,147.21428571428572,258.0,0.751937984496124,-4.183072308690015,0.06976744186046512,0.0,6.9689922480620154,46.224124908447266
2675,1482.0,15.0,98.8,208.0,0.7355769230769231,22.37251306945481,0.10096153846153846,0.0,6.100961538461538,27.43857192993164
2676,2122.0,14.0,151.57142857142858,282.0,0.7375886524822695,5.295653477218281,0.0425531914893617,0.0,6.51418439716312,76.74259948730469
2677,2061.0,18.0,114.5,288.0,0.7048611111111112,21.601598939929318,0.06944444444444445,0.0,6.152777777777778,58.01836395263672
2678,1385.0,8.0,173.125,182.0,0.7967032967032966,7.526318681318742,0.06593406593406594,0.0,6.582417582417582,49.788665771484375
2679,1286.0,16.0,80.375,161.0,0.8322981366459627,11.961786093418254,0.037267080745341616,0.0,6.975155279503106,75.9618148803711
2680,1108.0,7.0,158.28571428571428,149.0,0.825503355704698,11.293596196868009,0.03355704697986577,0.0,6.409395973154362,72.62223815917969
2681,1956.0,11.0,177.8181818181818,251.0,0.7529880478087649,-5.588536437246944,0.06374501992031872,0.0,6.772908366533865,41.29133224487305
2682,1086.0,9.0,120.66666666666667,147.0,0.8299319727891157,19.941712328767153,0.08843537414965986,0.0,6.394557823129252,69.41819763183594
2683,1781.0,16.0,111.3125,231.0,0.8225108225108225,12.783461538461552,0.07792207792207792,0.0,6.666666666666667,48.797061920166016
2684,1505.0,9.0,167.22222222222223,198.0,0.8080808080808081,7.156275510204097,0.06060606060606061,0.0,6.606060606060606,43.86070251464844
2685,1985.0,11.0,180.45454545454547,258.0,0.748062015503876,-4.58046108949415,0.06589147286821706,0.0,6.662790697674419,44.5143928527832
2686,2088.0,17.0,122.82352941176471,277.0,0.7509025270758123,11.852409090909134,0.09747292418772563,0.0,6.530685920577618,54.0214958190918
2687,1172.0,11.0,106.54545454545455,138.0,0.8260869565217391,6.132536231884075,0.043478260869565216,0.0,7.456521739130435,70.06818389892578
2688,1563.0,14.0,111.64285714285714,204.0,0.7254901960784313,21.896436567164216,0.08333333333333333,0.0,6.6568627450980395,65.31206512451172
2689,1478.0,9.0,164.22222222222223,197.0,0.7969543147208121,12.211183375634533,0.06598984771573604,0.0,6.50761421319797,75.0144271850586
2690,2457.0,21.0,117.0,327.0,0.709480122324159,9.442324647335454,0.06422018348623854,0.0,6.489296636085627,47.58587646484375
2691,2245.0,15.0,149.66666666666666,303.0,0.6963696369636964,11.091000000000008,0.0462046204620462,0.0,6.405940594059406,39.580204010009766
2692,843.0,6.0,140.5,124.0,0.7580645161290323,16.556548387096797,0.08870967741935484,0.0,5.806451612903226,28.490053176879883
2693,2167.0,14.0,154.78571428571428,291.0,0.7594501718213058,11.557966462603162,0.05154639175257732,0.0,6.426116838487973,78.74530029296875
2694,1964.0,17.0,115.52941176470588,271.0,0.7490774907749077,28.432766031598533,0.055350553505535055,0.0,6.228782287822878,59.13170623779297
2695,1679.0,20.0,83.95,229.0,0.7903930131004366,16.301363636363675,0.06986899563318777,0.0,6.336244541484716,36.05759048461914
2696,1808.0,10.0,180.8,243.0,0.6995884773662552,1.2535215794306964,0.02880658436213992,0.0,6.411522633744856,50.198978424072266
2697,2342.0,16.0,146.375,309.0,0.7152103559870551,5.500226986128638,0.05825242718446602,0.0,6.572815533980583,39.27849578857422
2698,2282.0,16.0,142.625,294.0,0.7721088435374149,5.707840182648425,0.05442176870748299,0.0,6.738095238095238,67.24646759033203
2699,1138.0,7.0,162.57142857142858,159.0,0.779874213836478,11.269575471698118,0.06289308176100629,0.0,6.163522012578617,55.23441696166992
2700,2329.0,12.0,194.08333333333334,312.0,0.6955128205128205,1.1162609970674566,0.08653846153846154,0.0,6.458333333333333,51.76374816894531
2701,1128.0,8.0,141.0,163.0,0.6932515337423313,14.000000000000028,0.018404907975460124,0.0,5.92638036809816,43.502342224121094
2702,2038.0,19.0,107.26315789473684,264.0,0.7613636363636364,14.691898605830175,0.07575757575757576,0.0,6.712121212121212,57.56944274902344
2703,1342.0,7.0,191.71428571428572,194.0,0.7061855670103093,10.921821305841945,0.04639175257731959,0.0,5.907216494845361,37.964210510253906
2704,2254.0,15.0,150.26666666666668,290.0,0.7620689655172413,6.336346153846165,0.07241379310344828,0.0,6.76551724137931,66.163330078125
2705,1580.0,11.0,143.63636363636363,229.0,0.7510917030567685,21.410713973799147,0.05240174672489083,0.0,5.899563318777292,65.2533950805664
2706,1826.0,13.0,140.46153846153845,241.0,0.7344398340248963,5.235077405857766,0.07053941908713693,0.0,6.531120331950207,52.02287673950195
2707,2640.0,33.0,80.0,339.0,0.7699115044247787,11.373295454545456,0.08849557522123894,0.0,6.7492625368731565,41.76481628417969
2708,1184.0,8.0,148.0,155.0,0.7870967741935484,0.9690322580645159,0.05161290322580645,0.0,6.645161290322581,69.60115814208984
2709,1843.0,11.0,167.54545454545453,244.0,0.75,9.643604224058777,0.0860655737704918,0.0,6.549180327868853,43.44257736206055
2710,1048.0,9.0,116.44444444444444,147.0,0.8095238095238095,27.254693877551034,0.047619047619047616,0.0,6.1020408163265305,56.220027923583984
2711,1468.0,11.0,133.45454545454547,187.0,0.786096256684492,1.6944017379679224,0.08021390374331551,0.0,6.855614973262032,43.19414138793945
2712,1660.0,12.0,138.33333333333334,212.0,0.8018867924528302,-1.8085714285714118,0.0660377358490566,0.0,6.834905660377358,57.277469635009766
2713,2215.0,18.0,123.05555555555556,273.0,0.7838827838827839,5.526666666666671,0.10256410256410256,0.0,7.1098901098901095,57.9306755065918
2714,1209.0,9.0,134.33333333333334,165.0,0.7818181818181819,11.153109756097592,0.048484848484848485,0.0,6.333333333333333,73.33463287353516
2715,1910.0,14.0,136.42857142857142,262.0,0.732824427480916,13.441430180180191,0.06870229007633588,0.0,6.259541984732825,50.53961181640625
2716,2279.0,19.0,119.94736842105263,298.0,0.761744966442953,14.47223573825508,0.08053691275167785,0.0,6.620805369127517,33.910301208496094
2717,1583.0,9.0,175.88888888888889,228.0,0.706140350877193,14.201957964601775,0.03508771929824561,0.0,5.947368421052632,49.09540939331055
2718,2079.0,18.0,115.5,267.0,0.7415730337078652,11.554203569068108,0.06367041198501873,0.0,6.782771535580524,62.54920196533203
2719,2005.0,11.0,182.27272727272728,268.0,0.7089552238805971,14.336747191011284,0.055970149253731345,0.0,6.473880597014926,41.713409423828125
2720,1622.0,9.0,180.22222222222223,204.0,0.75,-6.494558823529388,0.08333333333333333,0.0,6.916666666666667,45.33411407470703
2721,1792.0,13.0,137.84615384615384,240.0,0.7375,8.216236052998596,0.0625,0.0,6.466666666666667,59.97709274291992
2722,1433.0,8.0,179.125,171.0,0.8304093567251462,-10.412631578947327,0.08771929824561403,0.0,7.385964912280702,67.283935546875
2723,1087.0,8.0,135.875,146.0,0.7808219178082192,11.829383561643851,0.0958904109589041,0.0,6.4520547945205475,38.4896354675293
2724,1075.0,7.0,153.57142857142858,139.0,0.8345323741007195,13.51220023980818,0.1079136690647482,0.0,6.741007194244604,73.67613220214844
2725,898.0,8.0,112.25,118.0,0.847457627118644,16.940254237288173,0.0423728813559322,0.0,6.61864406779661,61.8449821472168
2726,1058.0,7.0,151.14285714285714,142.0,0.7816901408450704,-0.08948356807511004,0.04929577464788732,0.0,6.457746478873239,47.46705627441406
2727,1607.0,10.0,160.7,211.0,0.7677725118483413,11.032253817798875,0.04739336492890995,0.0,6.5829383886255926,75.72569274902344
2728,988.0,8.0,123.5,134.0,0.8134328358208955,10.16318181818184,0.08208955223880597,0.0,6.380597014925373,61.516746520996094
2729,1549.0,11.0,140.8181818181818,210.0,0.7761904761904762,-0.5794569377989944,0.06666666666666667,0.0,6.3619047619047615,60.166259765625
2730,1349.0,11.0,122.63636363636364,172.0,0.7965116279069767,7.416291989664131,0.11627906976744186,0.0,6.796511627906977,47.52040100097656
2731,2116.0,10.0,211.6,287.0,0.710801393728223,2.6148161053039587,0.04878048780487805,0.0,6.365853658536586,42.5085563659668
2732,1099.0,7.0,157.0,144.0,0.8055555555555556,6.225000000000023,0.06944444444444445,0.0,6.638888888888889,76.82747650146484
2733,2437.0,12.0,203.08333333333334,323.0,0.6842105263157895,5.1163891248938,0.05572755417956656,0.0030959752321981426,6.501547987616099,49.1524543762207
2734,1008.0,8.0,126.0,123.0,0.8211382113821138,3.292682926829258,0.04878048780487805,0.0,7.203252032520325,71.64004516601562
2735,1510.0,9.0,167.77777777777777,189.0,0.8201058201058201,-8.569999999999993,0.09523809523809523,0.0,6.994708994708994,52.550086975097656
2736,1031.0,7.0,147.28571428571428,129.0,0.8294573643410853,3.352034883720961,0.10077519379844961,0.0,7.0,46.77799987792969
2737,1872.0,14.0,133.71428571428572,243.0,0.7283950617283951,4.420134680134709,0.07407407407407407,0.0,6.674897119341564,60.355735778808594
2738,697.0,6.0,116.16666666666667,84.0,0.9047619047619048,-10.638428571428534,0.03571428571428571,0.0,7.309523809523809,83.54991149902344
2739,1118.0,13.0,86.0,150.0,0.8333333333333334,23.978636363636383,0.04,0.0,6.46,56.47035217285156
2740,1170.0,8.0,146.25,144.0,0.8333333333333334,-3.2199999999999704,0.05555555555555555,0.0,7.131944444444445,86.44792938232422
2741,2121.0,11.0,192.8181818181818,284.0,0.7147887323943662,4.898553380782943,0.03873239436619718,0.0,6.457746478873239,55.89514923095703
2742,1681.0,14.0,120.07142857142857,221.0,0.8054298642533937,10.912395906845461,0.06787330316742081,0.0,6.606334841628959,58.53274154663086
2743,2489.0,14.0,177.78571428571428,310.0,0.7032258064516129,-12.32841397849461,0.0935483870967742,0.0,7.019354838709678,23.276012420654297
2744,1334.0,11.0,121.27272727272727,175.0,0.8057142857142857,27.123928571428593,0.09142857142857143,0.0,6.617142857142857,67.02385711669922
2745,1844.0,12.0,153.66666666666666,219.0,0.8401826484018264,4.20376027397262,0.1004566210045662,0.0,7.397260273972603,83.7525405883789
2746,2198.0,12.0,183.16666666666666,282.0,0.7127659574468085,-1.7249341637010502,0.0425531914893617,0.0,6.790780141843972,56.07780456542969
2747,942.0,7.0,134.57142857142858,126.0,0.8015873015873016,11.620000000000033,0.031746031746031744,0.0,6.484126984126984,42.56074142456055
2748,1746.0,14.0,124.71428571428571,237.0,0.7679324894514767,18.850371577574975,0.05485232067510549,0.0,6.371308016877637,58.015708923339844
2749,1605.0,14.0,114.64285714285714,219.0,0.8036529680365296,21.082169443459776,0.0684931506849315,0.0,6.30593607305936,60.7366828918457
2750,1867.0,11.0,169.72727272727272,233.0,0.7725321888412017,-8.526087982832593,0.09012875536480687,0.0,6.991416309012876,52.85166931152344
2751,1414.0,11.0,128.54545454545453,178.0,0.848314606741573,6.68011299435031,0.0449438202247191,0.0,6.910112359550562,67.39766693115234
2752,2198.0,16.0,137.375,311.0,0.7009646302250804,27.847365591397875,0.04180064308681672,0.0,6.041800643086817,42.66865921020508
2753,1004.0,8.0,125.5,136.0,0.8088235294117647,7.340000000000032,0.0661764705882353,0.0,6.389705882352941,51.63687515258789
2754,1863.0,10.0,186.3,238.0,0.7521008403361344,-0.2254388422035163,0.06722689075630252,0.0,6.823529411764706,46.06764221191406
2755,2393.0,19.0,125.94736842105263,311.0,0.7009646302250804,-3.059205008143323,0.05787781350482315,0.0,6.688102893890675,31.42344093322754
2756,1797.0,17.0,105.70588235294117,245.0,0.7673469387755102,22.718770491803298,0.04897959183673469,0.0,6.253061224489796,67.20358276367188
2757,1786.0,11.0,162.36363636363637,237.0,0.7637130801687764,15.330153846153848,0.0759493670886076,0.0,6.531645569620253,54.96830749511719
2758,2439.0,12.0,203.25,300.0,0.7033333333333334,-13.734818181818156,0.06333333333333334,0.0,7.116666666666666,58.4625358581543
2759,2123.0,11.0,193.0,277.0,0.7653429602888087,3.569772727272749,0.04693140794223827,0.0,6.635379061371841,51.91881561279297
2760,2077.0,10.0,207.7,273.0,0.7142857142857143,-7.347908496731975,0.05128205128205128,0.0,6.604395604395604,55.26924514770508
2761,1962.0,11.0,178.36363636363637,256.0,0.73046875,6.9396897233201855,0.04296875,0.0,6.6640625,56.59308624267578
2762,2256.0,15.0,150.4,285.0,0.7964912280701755,0.7599807259878162,0.07368421052631578,0.0,6.912280701754386,68.35441589355469
2763,1989.0,10.0,198.9,257.0,0.7042801556420234,-1.8827410289666773,0.07003891050583658,0.0,6.708171206225681,61.04305648803711
2764,1812.0,14.0,129.42857142857142,236.0,0.7584745762711864,10.040119363395235,0.1016949152542373,0.0,6.673728813559322,43.41793441772461
2765,1103.0,9.0,122.55555555555556,151.0,0.7682119205298014,24.976262583892662,0.059602649006622516,0.006622516556291391,6.28476821192053,79.2380142211914
2766,1750.0,11.0,159.0909090909091,215.0,0.7813953488372093,-0.7778036175710383,0.07441860465116279,0.0,7.134883720930232,57.69423294067383
2767,1204.0,9.0,133.77777777777777,162.0,0.8148148148148148,16.806250000000034,0.05555555555555555,0.0,6.438271604938271,62.5311279296875
2768,1298.0,11.0,118.0,193.0,0.7409326424870466,28.7597916666667,0.06217616580310881,0.0,5.730569948186528,84.64407348632812
2769,2063.0,16.0,128.9375,289.0,0.7370242214532872,15.19699411071852,0.04152249134948097,0.0,6.131487889273356,51.107276916503906
2770,1117.0,7.0,159.57142857142858,143.0,0.8461538461538461,-4.817499999999967,0.04195804195804196,0.0,6.818181818181818,46.67753219604492
2771,1227.0,9.0,136.33333333333334,166.0,0.8674698795180723,15.554472891566263,0.06626506024096386,0.0,6.397590361445783,70.21002960205078
2772,1894.0,12.0,157.83333333333334,256.0,0.76953125,11.533160343593437,0.06640625,0.0,6.390625,54.80768966674805
2773,1547.0,14.0,110.5,208.0,0.8076923076923077,22.771514227642285,0.0625,0.0,6.413461538461538,52.71417236328125
2774,2030.0,11.0,184.54545454545453,269.0,0.7286245353159851,-1.1890955056179564,0.055762081784386616,0.0,6.5427509293680295,45.758140563964844
2775,2021.0,12.0,168.41666666666666,281.0,0.7330960854092526,16.76555335968382,0.07829181494661921,0.0,6.1637010676156585,53.47432327270508
2776,1122.0,9.0,124.66666666666667,157.0,0.7961783439490446,18.254478503184743,0.05732484076433121,0.0,6.1528662420382165,76.5888442993164
2777,1504.0,9.0,167.11111111111111,211.0,0.7109004739336493,13.270062203791497,0.023696682464454975,0.0,6.132701421800948,78.86381530761719
2778,1869.0,14.0,133.5,250.0,0.744,6.2808833271991205,0.06,0.0,6.444,50.2975959777832
2779,1309.0,11.0,119.0,175.0,0.8514285714285714,13.587928571428591,0.07428571428571429,0.0,6.485714285714286,40.913299560546875
2780,2131.0,12.0,177.58333333333334,285.0,0.743859649122807,9.814090909090908,0.05263157894736842,0.0,6.459649122807018,67.25743865966797
2781,2061.0,13.0,158.53846153846155,279.0,0.7419354838709677,7.56990118577076,0.0967741935483871,0.0,6.369175627240144,46.527400970458984
2782,2337.0,17.0,137.47058823529412,290.0,0.7379310344827587,-5.280513937282194,0.09655172413793103,0.0,7.0344827586206895,51.2608757019043
2783,1417.0,9.0,157.44444444444446,171.0,0.8596491228070176,8.023585526315799,0.11695906432748537,0.0,7.2748538011695905,76.2591552734375
2784,1171.0,7.0,167.28571428571428,153.0,0.8235294117647058,7.328970588235336,0.0392156862745098,0.0,6.660130718954249,41.69318389892578
2785,2011.0,12.0,167.58333333333334,275.0,0.7563636363636363,13.469906417112327,0.06181818181818182,0.0,6.3090909090909095,49.061649322509766
2786,2113.0,12.0,176.08333333333334,277.0,0.7184115523465704,3.569772727272749,0.05776173285198556,0.0,6.59927797833935,55.68992614746094
2787,2074.0,11.0,188.54545454545453,268.0,0.7350746268656716,1.5941940298507689,0.0708955223880597,0.0,6.731343283582089,47.55111312866211
2788,1568.0,10.0,156.8,199.0,0.7688442211055276,-5.858977272727259,0.04522613065326633,0.0,6.884422110552764,54.27243423461914
2789,991.0,7.0,141.57142857142858,141.0,0.8226950354609929,22.782500000000027,0.0425531914893617,0.0,6.035460992907802,65.31614685058594
2790,2142.0,14.0,153.0,278.0,0.7553956834532374,5.760765151515159,0.046762589928057555,0.0,6.676258992805756,52.09709930419922
2791,1504.0,9.0,167.11111111111111,195.0,0.8051282051282052,6.820528846153849,0.041025641025641026,0.0,6.682051282051282,68.75112915039062
2792,1399.0,12.0,116.58333333333333,198.0,0.8131313131313131,28.613831168831183,0.05555555555555555,0.0,6.065656565656566,50.460723876953125
2793,579.0,4.0,144.75,75.0,0.84,-11.427999999999969,0.08,0.0,6.733333333333333,49.09422302246094
2794,853.0,6.0,142.16666666666666,123.0,0.8292682926829268,10.602585365853685,0.04065040650406504,0.0,5.943089430894309,72.02823638916016
2795,946.0,8.0,118.25,123.0,0.8536585365853658,7.419512195121939,0.032520325203252036,0.0,6.699186991869919,43.58061599731445
2796,1928.0,15.0,128.53333333333333,265.0,0.7547169811320755,17.086435996435995,0.09056603773584905,0.0,6.279245283018868,54.804813385009766
2797,1790.0,13.0,137.69230769230768,239.0,0.7447698744769874,8.209385026737976,0.07112970711297072,0.0,6.493723849372385,82.88501739501953
2798,2110.0,13.0,162.30769230769232,265.0,0.7584905660377359,1.620818965517259,0.10943396226415095,0.0,6.943396226415095,47.452335357666016
2799,1719.0,11.0,156.27272727272728,224.0,0.7455357142857143,5.136822869955182,0.05357142857142857,0.0,6.678571428571429,49.94572067260742
2800,2053.0,14.0,146.64285714285714,280.0,0.7678571428571429,11.381984412470075,0.06785714285714285,0.0,6.328571428571428,42.09835433959961
2801,2122.0,10.0,212.2,285.0,0.6631578947368421,-3.1150877192982307,0.06666666666666667,0.0,6.417543859649123,35.83837890625
2802,2054.0,14.0,146.71428571428572,277.0,0.7545126353790613,9.342290969899693,0.04332129963898917,0.0,6.397111913357401,55.72591781616211
2803,1919.0,13.0,147.6153846153846,260.0,0.7346153846153847,16.140406976744202,0.06538461538461539,0.0,6.384615384615385,63.30787658691406
2804,1549.0,11.0,140.8181818181818,211.0,0.7298578199052133,9.42846234860454,0.04739336492890995,0.0,6.341232227488152,41.31489944458008
2805,1393.0,9.0,154.77777777777777,187.0,0.7647058823529411,6.670872326203238,0.0481283422459893,0.0,6.454545454545454,87.15167236328125
2806,2433.0,13.0,187.15384615384616,333.0,0.6936936936936937,-1.8528920626201284,0.05405405405405406,0.0,6.3003003003003,50.030887603759766
2807,779.0,4.0,194.75,111.0,0.8288288288288288,12.274594594594618,0.04504504504504504,0.0,6.027027027027027,73.45222473144531
2808,1249.0,9.0,138.77777777777777,174.0,0.7011494252873564,25.923823529411777,0.034482758620689655,0.011494252873563218,6.109195402298851,49.95688247680664
2809,1459.0,12.0,121.58333333333333,184.0,0.7771739130434783,9.137650273224097,0.04891304347826087,0.0,6.934782608695652,63.6702880859375
2810,1793.0,11.0,163.0,241.0,0.7427385892116183,11.865000000000038,0.05394190871369295,0.0,6.443983402489627,65.96420288085938
2811,2012.0,12.0,167.66666666666666,257.0,0.7626459143968871,2.161925133689863,0.1245136186770428,0.0,6.821011673151751,38.367706298828125
2812,2248.0,11.0,204.36363636363637,286.0,0.7587412587412588,5.943762237762229,0.11888111888111888,0.0,6.839160839160839,30.365764617919922
2813,1523.0,11.0,138.45454545454547,206.0,0.7378640776699029,8.512407766990322,0.043689320388349516,0.0,6.388349514563107,51.073387145996094
2814,1978.0,16.0,123.625,271.0,0.6937269372693727,17.617500000000035,0.07749077490774908,0.0,6.2988929889298895,54.58727264404297
2815,906.0,8.0,113.25,111.0,0.8378378378378378,4.376418918918944,0.05405405405405406,0.0,7.171171171171171,82.07624053955078
2816,2183.0,15.0,145.53333333333333,283.0,0.7208480565371025,10.940080071174407,0.06007067137809187,0.0,6.6855123674911665,70.88307189941406
2817,1787.0,9.0,198.55555555555554,225.0,0.7777777777777778,-9.626734865470866,0.06666666666666667,0.0,6.946666666666666,37.50227355957031
2818,1949.0,13.0,149.92307692307693,274.0,0.7043795620437956,13.780935828877034,0.058394160583941604,0.0,6.062043795620438,50.6221809387207
2819,2193.0,16.0,137.0625,281.0,0.7508896797153025,3.8088176895306844,0.06405693950177936,0.0,6.775800711743773,46.115291595458984
2820,2125.0,13.0,163.46153846153845,273.0,0.7509157509157509,2.0150687688695257,0.10256410256410256,0.0,6.754578754578755,56.141456604003906
2821,1342.0,11.0,122.0,173.0,0.8034682080924855,5.4162608381502935,0.06358381502890173,0.0,6.7514450867052025,60.09205627441406
2822,2033.0,15.0,135.53333333333333,258.0,0.7751937984496124,9.716057692307714,0.10465116279069768,0.0,6.825581395348837,50.54267501831055
2823,1468.0,9.0,163.11111111111111,194.0,0.8195876288659794,3.863518041237114,0.07216494845360824,0.0,6.561855670103093,67.46888732910156
2824,1197.0,7.0,171.0,144.0,0.8472222222222222,-11.987499999999955,0.08333333333333333,0.0,7.319444444444445,89.49784088134766
2825,1108.0,7.0,158.28571428571428,133.0,0.8045112781954887,-9.035595238095198,0.05263157894736842,0.0,7.338345864661654,46.0
2826,1950.0,9.0,216.66666666666666,251.0,0.7649402390438247,-5.508682228915632,0.07171314741035857,0.0,6.749003984063745,53.72493362426758
2827,1872.0,12.0,156.0,248.0,0.7540322580645161,5.938373205741669,0.08064516129032258,0.0,6.55241935483871,52.90182876586914
2828,2059.0,11.0,187.1818181818182,279.0,0.7240143369175627,0.1607474747475237,0.03942652329749104,0.0,6.376344086021505,43.70222854614258
2829,967.0,9.0,107.44444444444444,120.0,0.8583333333333333,10.990000000000009,0.075,0.0,7.066666666666666,66.13389587402344
2830,1793.0,10.0,179.3,247.0,0.728744939271255,7.241995464852636,0.06477732793522267,0.0,6.255060728744939,58.1384162902832
2831,1509.0,9.0,167.66666666666666,198.0,0.8080808080808081,1.831931818181829,0.0707070707070707,0.0,6.626262626262626,95.01622009277344
2832,938.0,8.0,117.25,120.0,0.8333333333333334,8.955000000000013,0.06666666666666667,0.0,6.825,94.9288101196289
2833,1204.0,9.0,133.77777777777777,164.0,0.8597560975609756,24.049451219512207,0.10365853658536585,0.0,6.347560975609756,85.55224609375
2834,1883.0,10.0,188.3,244.0,0.6844262295081968,0.0623041894353662,0.04918032786885246,0.0,6.69672131147541,48.782508850097656
2835,1289.0,10.0,128.9,182.0,0.8131868131868132,26.115611735330845,0.12637362637362637,0.0,6.087912087912088,49.35633087158203
2836,1783.0,12.0,148.58333333333334,238.0,0.7436974789915967,8.938993670886106,0.08403361344537816,0.0,6.483193277310924,62.518428802490234
2837,2052.0,15.0,136.8,281.0,0.7259786476868327,11.909602977667532,0.0498220640569395,0.0,6.295373665480427,53.69448471069336
2838,1102.0,8.0,137.75,150.0,0.8466666666666667,18.14100000000002,0.05333333333333334,0.0,6.3533333333333335,59.75947570800781
2839,2446.0,14.0,174.71428571428572,313.0,0.744408945686901,2.5577744585511937,0.07348242811501597,0.0,6.798722044728435,42.91469955444336
2840,1391.0,10.0,139.1,189.0,0.7619047619047619,16.093149138443266,0.06349206349206349,0.0,6.296296296296297,54.02267074584961
2841,1700.0,13.0,130.76923076923077,221.0,0.755656108597285,1.5889165628891533,0.07692307692307693,0.0,6.6968325791855206,59.3232421875
2842,285.0,3.0,95.0,34.0,0.8823529411764706,5.450588235294163,0.029411764705882353,0.0,7.411764705882353,106.4225082397461
2843,1544.0,10.0,154.4,204.0,0.7794117647058824,14.237602611940304,0.08333333333333333,0.0,6.573529411764706,41.6844367980957
2844,1229.0,8.0,153.625,152.0,0.7763157894736842,0.010789473684241102,0.05263157894736842,0.0,7.092105263157895,79.65077209472656
2845,1255.0,10.0,125.5,169.0,0.8047337278106509,13.069046679815926,0.10650887573964497,0.0,6.431952662721893,47.2978401184082
2846,2344.0,17.0,137.88235294117646,301.0,0.7408637873754153,0.8486079545454857,0.05647840531561462,0.0,6.780730897009967,59.48359298706055
2847,1823.0,13.0,140.23076923076923,233.0,0.7896995708154506,3.5018181818182086,0.06866952789699571,0.0,6.789699570815451,59.480838775634766
2848,2292.0,16.0,143.25,292.0,0.8047945205479452,4.615076387027642,0.06506849315068493,0.0,6.821917808219178,49.8150634765625
2849,1098.0,6.0,183.0,147.0,0.7619047619047619,11.822571428571479,0.047619047619047616,0.0,6.476190476190476,69.3662109375
2850,1526.0,12.0,127.16666666666667,214.0,0.7710280373831776,18.660584415584424,0.028037383177570093,0.0,6.135514018691588,72.49964904785156
2851,1353.0,19.0,71.21052631578948,181.0,0.7292817679558011,19.544872881355957,0.03867403314917127,0.0,6.430939226519337,32.243255615234375
2852,1760.0,12.0,146.66666666666666,241.0,0.7178423236514523,9.780675216899283,0.08298755186721991,0.0,6.2946058091286305,31.734521865844727
2853,1642.0,9.0,182.44444444444446,215.0,0.7302325581395349,-4.538679906542029,0.06046511627906977,0.0,6.632558139534884,60.473876953125
2854,2295.0,13.0,176.53846153846155,302.0,0.7119205298013245,6.273091085271318,0.059602649006622516,0.0,6.572847682119205,51.29304122924805
2855,1539.0,13.0,118.38461538461539,190.0,0.8,8.683333333333337,0.10526315789473684,0.0,7.105263157894737,49.206546783447266
2856,795.0,7.0,113.57142857142857,106.0,0.8679245283018868,16.649642857142908,0.05660377358490566,0.0,6.509433962264151,48.06566619873047
2857,2029.0,13.0,156.07692307692307,269.0,0.7546468401486989,6.344249233912194,0.07434944237918216,0.0,6.5278810408921935,53.70541763305664
2858,2108.0,13.0,162.15384615384616,282.0,0.7340425531914894,6.398095238095237,0.0673758865248227,0.0,6.468085106382978,56.30397033691406
2859,1571.0,14.0,112.21428571428571,210.0,0.7761904761904762,19.22820512820516,0.023809523809523808,0.0,6.466666666666667,93.42415618896484
2860,1094.0,9.0,121.55555555555556,140.0,0.8285714285714286,10.687857142857155,0.09285714285714286,0.0,6.821428571428571,53.016719818115234
2861,1848.0,10.0,184.8,234.0,0.7735042735042735,-4.574272030651343,0.05128205128205128,0.0,6.8931623931623935,63.82978820800781
2862,1964.0,12.0,163.66666666666666,249.0,0.7550200803212851,5.444048780487833,0.05220883534136546,0.0,6.879518072289157,36.81426239013672
2863,2063.0,13.0,158.69230769230768,257.0,0.7509727626459144,-3.8549663954722178,0.14785992217898833,0.0,7.023346303501945,45.460323333740234
2864,2011.0,10.0,201.1,268.0,0.6977611940298507,5.8321973466003385,0.018656716417910446,0.0,6.462686567164179,66.86370849609375
2865,1538.0,10.0,153.8,216.0,0.75,18.758333333333383,0.046296296296296294,0.0,6.125,91.6597671508789
2866,1183.0,8.0,147.875,151.0,0.7483443708609272,18.541324503311273,0.07947019867549669,0.0,6.841059602649007,64.4427490234375
2867,1556.0,12.0,129.66666666666666,211.0,0.7914691943127962,20.170193881947455,0.061611374407582936,0.0,6.369668246445498,39.95249938964844
2868,2065.0,12.0,172.08333333333334,283.0,0.7243816254416962,10.919905693950199,0.053003533568904596,0.0,6.275618374558304,59.846649169921875
2869,2433.0,17.0,143.11764705882354,304.0,0.7368421052631579,-5.5668621477531985,0.08881578947368421,0.0,6.996710526315789,46.053192138671875
2870,1391.0,8.0,173.875,182.0,0.7912087912087912,0.08895604395607393,0.038461538461538464,0.0,6.648351648351649,54.981361389160156
2871,1082.0,8.0,135.25,146.0,0.7876712328767124,15.306095890410973,0.0547945205479452,0.0,6.383561643835616,55.057395935058594
2872,1406.0,13.0,108.15384615384616,174.0,0.8390804597701149,0.9837631578947708,0.07471264367816093,0.0,7.068965517241379,52.677093505859375
2873,2219.0,14.0,158.5,293.0,0.7133105802047781,6.916095360824727,0.040955631399317405,0.0,6.566552901023891,87.25437927246094
2874,1807.0,13.0,139.0,251.0,0.7609561752988048,24.493826361221807,0.043824701195219126,0.0,6.187250996015936,59.97197341918945
2875,1155.0,8.0,144.375,162.0,0.7901234567901234,23.022777777777776,0.04938271604938271,0.0,6.135802469135802,44.304222106933594
2876,1030.0,10.0,103.0,138.0,0.8188405797101449,16.55427536231886,0.057971014492753624,0.0,6.471014492753623,88.17756652832031
2877,1353.0,13.0,104.07692307692308,181.0,0.8176795580110497,16.04510015408323,0.06629834254143646,0.0,6.480662983425415,48.61647415161133
2878,1758.0,12.0,146.5,210.0,0.8285714285714286,-2.6142857142856997,0.08571428571428572,0.0,7.347619047619047,49.76649475097656
2879,1851.0,13.0,142.3846153846154,255.0,0.6980392156862745,19.341428571428594,0.0784313725490196,0.0,6.250980392156863,67.04785919189453
2880,1377.0,8.0,172.125,191.0,0.806282722513089,12.597591623036664,0.041884816753926704,0.0,6.214659685863874,64.25321960449219
2881,360.0,3.0,120.0,46.0,0.9565217391304348,1.4160869565217808,0.10869565217391304,0.0,6.8478260869565215,119.48526763916016
2882,2314.0,20.0,115.7,306.0,0.7124183006535948,6.469235294117681,0.0718954248366013,0.0,6.555555555555555,36.38113784790039
2883,1912.0,13.0,147.07692307692307,257.0,0.7120622568093385,13.4121323529412,0.0622568093385214,0.0,6.408560311284047,35.556541442871094
2884,2084.0,16.0,130.25,280.0,0.6928571428571428,10.3857142857143,0.06785714285714285,0.0,6.432142857142857,43.875450134277344
2885,1660.0,11.0,150.9090909090909,219.0,0.7442922374429224,6.755844748858465,0.0547945205479452,0.0,6.575342465753424,59.01427459716797
2886,1780.0,10.0,178.0,230.0,0.7782608695652173,2.50045893719809,0.06521739130434782,0.0,6.721739130434782,65.98918914794922
2887,1836.0,15.0,122.4,259.0,0.7413127413127413,26.961337209302343,0.05791505791505792,0.0,6.084942084942085,75.58488464355469
2888,691.0,6.0,115.16666666666667,98.0,0.8979591836734694,24.04915463917527,0.05102040816326531,0.0,6.061224489795919,50.2238883972168
2889,1537.0,11.0,139.72727272727272,215.0,0.7302325581395349,12.664593023255861,0.05581395348837209,0.0,6.144186046511628,49.334503173828125
2890,739.0,5.0,147.8,93.0,0.8387096774193549,14.036250000000024,0.06451612903225806,0.0,6.956989247311828,58.62765884399414
2891,1713.0,12.0,142.75,244.0,0.7213114754098361,14.080290611028346,0.045081967213114756,0.0,6.0,30.86061668395996
2892,1638.0,13.0,126.0,226.0,0.7610619469026548,15.07751623376629,0.09734513274336283,0.0,6.252212389380531,47.43100357055664
2893,2560.0,24.0,106.66666666666667,328.0,0.7560975609756098,8.836482485404531,0.057926829268292686,0.0,6.798780487804878,39.309349060058594
2894,1697.0,11.0,154.27272727272728,219.0,0.7031963470319634,4.899903160040793,0.0821917808219178,0.0,6.726027397260274,43.43074035644531
2895,1911.0,14.0,136.5,252.0,0.75,18.19384615384618,0.047619047619047616,0.0,6.563492063492063,59.819889068603516
2896,918.0,6.0,153.0,133.0,0.7969924812030075,18.269082706766937,0.03759398496240601,0.0,5.909774436090226,59.684749603271484
2897,2445.0,14.0,174.64285714285714,327.0,0.7033639143730887,5.980493589743588,0.0581039755351682,0.0,6.431192660550459,40.478004455566406
2898,1220.0,10.0,122.0,155.0,0.8580645161290322,1.0663798701299072,0.05161290322580645,0.0,6.877419354838709,65.9950942993164
2899,869.0,6.0,144.83333333333334,114.0,0.8157894736842105,6.329842105263168,0.06140350877192982,0.0,6.631578947368421,39.33232498168945
2900,2558.0,13.0,196.76923076923077,322.0,0.7422360248447205,-8.228399532710284,0.059006211180124224,0.0,6.937888198757764,57.203094482421875
2901,1763.0,10.0,176.3,233.0,0.759656652360515,5.54833571769197,0.034334763948497854,0.0,6.553648068669528,60.451995849609375
2902,1526.0,12.0,127.16666666666667,192.0,0.7916666666666666,6.0247619047619025,0.08854166666666667,0.0,6.9375,43.651859283447266
2903,1703.0,12.0,141.91666666666666,231.0,0.7359307359307359,12.723564935064985,0.05194805194805195,0.0,6.341991341991342,56.16405487060547
2904,1806.0,12.0,150.5,240.0,0.75,8.56484721161192,0.06666666666666667,0.0,6.520833333333333,55.67845153808594
2905,1768.0,9.0,196.44444444444446,225.0,0.7955555555555556,-6.971129484304896,0.08,0.0,6.862222222222222,61.344947814941406
2906,1038.0,8.0,129.75,134.0,0.7761194029850746,11.891567164179122,0.06716417910447761,0.0,6.753731343283582,56.311248779296875
2907,1816.0,10.0,181.6,235.0,0.7659574468085106,1.6248659003831563,0.05106382978723404,0.0,6.723404255319149,52.16426467895508
2908,1763.0,9.0,195.88888888888889,217.0,0.8202764976958525,-12.508856566820242,0.06451612903225806,0.0,7.129032258064516,70.51207733154297
2909,1357.0,10.0,135.7,176.0,0.8579545454545454,6.780031746031767,0.1590909090909091,0.0,6.715909090909091,51.337928771972656
2910,1153.0,10.0,115.3,153.0,0.8235294117647058,14.297647058823543,0.0784313725490196,0.0,6.542483660130719,42.22592544555664
2911,1603.0,10.0,160.3,211.0,0.7962085308056872,5.018035808320178,0.06635071090047394,0.0,6.545023696682464,64.10494232177734
2912,1377.0,10.0,137.7,197.0,0.6802030456852792,14.447863688430715,0.08629441624365482,0.0,5.979695431472082,40.0235481262207
2913,1664.0,12.0,138.66666666666666,218.0,0.8211009174311926,13.787424242424265,0.09174311926605505,0.0,6.5963302752293576,67.40766906738281
2914,1114.0,7.0,159.14285714285714,150.0,0.88,18.107019015659944,0.07333333333333333,0.0,6.3933333333333335,84.9067153930664
2915,1676.0,11.0,152.36363636363637,218.0,0.7706422018348624,5.188313953488404,0.06422018348623854,0.0,6.678899082568807,50.1409912109375
2916,1734.0,10.0,173.4,235.0,0.7191489361702128,0.6922222222222558,0.08085106382978724,0.0,6.357446808510638,43.19457244873047
2917,2114.0,12.0,176.16666666666666,275.0,0.7127272727272728,6.646136363636401,0.08,0.0,6.68,39.23331069946289
2918,1044.0,6.0,174.0,126.0,0.8174603174603174,-14.128714285714238,0.0873015873015873,0.0,7.2936507936507935,63.74267578125
2919,1709.0,23.0,74.30434782608695,246.0,0.7723577235772358,39.59440243902441,0.0975609756097561,0.0,5.934959349593496,30.48359489440918
2920,1652.0,9.0,183.55555555555554,215.0,0.813953488372093,7.433160211267619,0.09302325581395349,0.0,6.660465116279069,63.25042724609375
2921,2103.0,19.0,110.6842105263158,297.0,0.6801346801346801,31.042547348484874,0.07407407407407407,0.0,6.053872053872054,42.709537506103516
2922,2508.0,20.0,125.4,339.0,0.7197640117994101,15.920181401902084,0.05604719764011799,0.0,6.386430678466077,45.42164611816406
2923,1329.0,9.0,147.66666666666666,170.0,0.8,3.1274264705882615,0.1,0.0,6.823529411764706,83.32539367675781
2924,1463.0,13.0,112.53846153846153,194.0,0.7628865979381443,14.891422680412404,0.041237113402061855,0.0,6.5,54.260623931884766
2925,1595.0,10.0,159.5,203.0,0.7931034482758621,4.377897167487674,0.11822660098522167,0.0,6.862068965517241,55.780181884765625
2926,2044.0,11.0,185.8181818181818,286.0,0.6923076923076923,13.277309859154968,0.038461538461538464,0.0,6.1223776223776225,57.2978515625
2927,1412.0,9.0,156.88888888888889,191.0,0.7277486910994765,16.059466623036656,0.020942408376963352,0.0,6.397905759162303,57.489967346191406
2928,2205.0,10.0,220.5,287.0,0.735191637630662,-4.754521873790139,0.09059233449477352,0.0,6.672473867595818,40.28207015991211
2929,1544.0,14.0,110.28571428571429,209.0,0.8277511961722488,30.87307692307695,0.10047846889952153,0.0,6.382775119617225,56.07997131347656
2930,2315.0,12.0,192.91666666666666,295.0,0.7050847457627119,1.359500465404949,0.05423728813559322,0.0,6.803389830508475,43.356117248535156
2931,1965.0,12.0,163.75,263.0,0.7338403041825095,14.294860139860162,0.07984790874524715,0.0,6.429657794676806,51.57295608520508
2932,1430.0,10.0,143.0,213.0,0.755868544600939,27.01755449229134,0.06103286384976526,0.0,5.704225352112676,47.86992263793945
2933,1076.0,7.0,153.71428571428572,146.0,0.821917808219178,23.36680365296806,0.04794520547945205,0.0,6.376712328767123,72.0986099243164
2934,1988.0,14.0,142.0,277.0,0.7509025270758123,23.643071369064188,0.05054151624548736,0.0,6.169675090252707,77.68276977539062
2935,1864.0,13.0,143.3846153846154,234.0,0.8034188034188035,-7.474858934169276,0.07692307692307693,0.0,6.927350427350428,43.86048126220703
2936,1399.0,9.0,155.44444444444446,175.0,0.7714285714285715,-6.557068965517203,0.045714285714285714,0.0,7.0,52.20851135253906
2937,2069.0,14.0,147.78571428571428,276.0,0.7608695652173914,18.537943143812726,0.036231884057971016,0.0,6.492753623188406,65.2615737915039
2938,1594.0,11.0,144.9090909090909,200.0,0.77,2.1070000000000277,0.065,0.0,6.965,52.62725830078125
2939,1639.0,11.0,149.0,224.0,0.7589285714285714,19.17359417040359,0.05357142857142857,0.0,6.3125,53.97734832763672
2940,1893.0,16.0,118.3125,264.0,0.7196969696969697,27.91814685314688,0.09090909090909091,0.0,6.166666666666667,47.029476165771484
2941,1482.0,10.0,148.2,187.0,0.7914438502673797,-1.0634834834834521,0.0427807486631016,0.0,6.93048128342246,44.66383361816406
2942,1768.0,10.0,176.8,231.0,0.670995670995671,2.0612554112554164,0.04329004329004329,0.0,6.623376623376624,53.04452133178711
2943,1900.0,12.0,158.33333333333334,262.0,0.7175572519083969,16.653844827586227,0.03816793893129771,0.0,6.248091603053435,49.384063720703125
2944,1584.0,9.0,176.0,208.0,0.7884615384615384,0.07050304878049474,0.052884615384615384,0.0,6.6201923076923075,83.10623931884766
2945,1263.0,10.0,126.3,167.0,0.8263473053892215,6.721212121212147,0.0658682634730539,0.0,6.568862275449102,59.97023010253906
2946,2029.0,16.0,126.8125,280.0,0.7535714285714286,17.180848484848497,0.08571428571428572,0.0,6.235714285714286,35.03234100341797
2947,2182.0,14.0,155.85714285714286,290.0,0.7758620689655172,10.782500000000027,0.05862068965517241,0.0,6.517241379310345,46.695587158203125
2948,2349.0,16.0,146.8125,327.0,0.7155963302752294,16.30250567595462,0.05504587155963303,0.0,6.17125382262997,49.248329162597656
2949,1971.0,11.0,179.1818181818182,239.0,0.7405857740585774,-8.215968619246837,0.12133891213389121,0.0,7.2301255230125525,31.775041580200195
2950,1684.0,11.0,153.0909090909091,221.0,0.755656108597285,-1.2304545454545348,0.04524886877828054,0.0,6.615384615384615,52.59672927856445
2951,703.0,6.0,117.16666666666667,100.0,0.79,38.48500000000004,0.08,0.0,6.04,39.30740737915039
2952,1125.0,7.0,160.71428571428572,156.0,0.8076923076923077,10.99952941176474,0.0641025641025641,0.0,6.217948717948718,72.40095520019531
2953,2317.0,16.0,144.8125,305.0,0.6918032786885245,4.4846230007616725,0.08852459016393442,0.0,6.586885245901639,51.316307067871094
2954,1660.0,11.0,150.9090909090909,204.0,0.7549019607843137,-5.879823529411738,0.03431372549019608,0.0,7.132352941176471,45.92159652709961
2955,1563.0,19.0,82.26315789473684,217.0,0.7972350230414746,29.77871794871797,0.07373271889400922,0.0,6.188940092165899,54.68045425415039
2956,1279.0,12.0,106.58333333333333,163.0,0.8282208588957055,19.999453430005616,0.07975460122699386,0.0,6.852760736196319,70.38168334960938
2957,1399.0,11.0,127.18181818181819,183.0,0.7923497267759563,5.265000000000015,0.03825136612021858,0.0,6.6502732240437155,56.01692581176758
2958,1689.0,10.0,168.9,219.0,0.7123287671232876,1.733926940639293,0.0593607305936073,0.0,6.71689497716895,53.85298538208008
2959,1904.0,15.0,126.93333333333334,247.0,0.7894736842105263,17.396369606003788,0.08502024291497975,0.0,6.684210526315789,53.70796585083008
2960,1261.0,13.0,97.0,180.0,0.7777777777777778,24.95557116104871,0.06666666666666667,0.0,6.011111111111111,59.83865737915039
2961,1334.0,7.0,190.57142857142858,178.0,0.7865168539325843,7.523333333333369,0.056179775280898875,0.0,6.5,62.629005432128906
2962,1871.0,11.0,170.0909090909091,244.0,0.7540983606557377,-0.9114710743801311,0.04918032786885246,0.0,6.668032786885246,62.752105712890625
2963,2037.0,15.0,135.8,253.0,0.7391304347826086,-2.4703170650730044,0.043478260869565216,0.0,6.984189723320158,42.945682525634766
2964,2375.0,19.0,125.0,304.0,0.7171052631578947,9.26419386359197,0.03289473684210526,0.0,6.805921052631579,50.65163040161133
2965,1403.0,9.0,155.88888888888889,184.0,0.782608695652174,5.55413043478265,0.04891304347826087,0.0,6.5978260869565215,53.72555923461914
2966,2255.0,15.0,150.33333333333334,303.0,0.6963696369636964,17.013000000000034,0.07260726072607261,0.0,6.432343234323432,60.62129592895508
2967,1979.0,11.0,179.9090909090909,267.0,0.7153558052434457,10.418254716981124,0.04119850187265917,0.0,6.382022471910112,55.31633377075195
2968,1947.0,12.0,162.25,258.0,0.7015503875968992,8.015843750000016,0.050387596899224806,0.0,6.5271317829457365,45.153621673583984
2969,1712.0,13.0,131.69230769230768,238.0,0.7184873949579832,16.029553093964864,0.058823529411764705,0.0,6.168067226890757,82.46540069580078
2970,2401.0,28.0,85.75,315.0,0.7142857142857143,15.022153846153856,0.0761904761904762,0.0,6.546031746031746,40.970794677734375
2971,2138.0,13.0,164.46153846153845,287.0,0.7073170731707317,9.046446862996191,0.03484320557491289,0.0,6.445993031358885,51.287357330322266
2972,1363.0,12.0,113.58333333333333,175.0,0.7828571428571428,18.029172413793106,0.08,0.0,6.76,57.71853256225586
2973,1902.0,14.0,135.85714285714286,247.0,0.757085020242915,5.456087094723472,0.044534412955465584,0.0,6.696356275303644,47.58918762207031
2974,2439.0,13.0,187.6153846153846,323.0,0.7492260061919505,-10.436778971826868,0.0804953560371517,0.0,6.544891640866873,36.767578125
2975,1946.0,16.0,121.625,261.0,0.7394636015325671,12.84010395010398,0.0421455938697318,0.0,6.448275862068965,49.57126998901367
2976,1490.0,9.0,165.55555555555554,215.0,0.7395348837209302,16.259200581395362,0.027906976744186046,0.0,5.8930232558139535,38.12775802612305
2977,2168.0,10.0,216.8,284.0,0.676056338028169,-8.205733491498592,0.07042253521126761,0.0,6.616197183098592,50.695072174072266
2978,2234.0,15.0,148.93333333333334,298.0,0.6946308724832215,5.107689393939438,0.08389261744966443,0.0,6.469798657718121,62.243995666503906
2979,2046.0,12.0,170.5,259.0,0.7104247104247104,-5.171697912981955,0.04247104247104247,0.0,6.888030888030888,44.18903732299805
2980,1920.0,19.0,101.05263157894737,260.0,0.75,15.55622047244097,0.04230769230769231,0.0,6.380769230769231,52.476318359375
2981,1218.0,12.0,101.5,183.0,0.7759562841530054,39.240894187779475,0.06557377049180328,0.0,5.66120218579235,50.1857795715332
2982,1932.0,12.0,161.0,260.0,0.7346153846153847,14.197727272727292,0.07307692307692308,0.0,6.4192307692307695,61.93328094482422
2983,1110.0,11.0,100.9090909090909,159.0,0.7484276729559748,22.36371069182391,0.03773584905660377,0.0,5.968553459119497,53.070823669433594
2984,1512.0,14.0,108.0,223.0,0.7623318385650224,29.90885135135136,0.04484304932735426,0.0,5.757847533632287,66.93771362304688
2985,1192.0,10.0,119.2,153.0,0.8104575163398693,4.952536764705911,0.058823529411764705,0.0,6.7973856209150325,53.1536865234375
2986,1422.0,9.0,158.0,176.0,0.7897727272727273,-8.248409090909064,0.028409090909090908,0.0,7.073863636363637,30.21542739868164
2987,1017.0,8.0,127.125,140.0,0.8214285714285714,14.436834532374093,0.08571428571428572,0.0,6.271428571428571,71.0431900024414
2988,1051.0,6.0,175.16666666666666,145.0,0.7793103448275862,11.34050000000002,0.041379310344827586,0.0,6.255172413793104,86.35951232910156
2989,874.0,6.0,145.66666666666666,118.0,0.847457627118644,7.945406779661056,0.06779661016949153,0.0,6.415254237288136,49.95427322387695
2990,1220.0,10.0,122.0,152.0,0.8421052631578947,-0.017105263157873196,0.08552631578947369,0.0,7.032894736842105,82.81366729736328
2991,2152.0,12.0,179.33333333333334,273.0,0.7362637362637363,0.9786113886114265,0.07692307692307693,0.0,6.871794871794871,56.10034942626953
2992,1864.0,15.0,124.26666666666667,249.0,0.7269076305220884,23.145141700404878,0.05220883534136546,0.0,6.453815261044177,56.57463073730469
2993,1318.0,11.0,119.81818181818181,179.0,0.8156424581005587,23.72013128491622,0.12290502793296089,0.0,6.363128491620111,75.92729949951172
2994,1496.0,11.0,136.0,216.0,0.7777777777777778,28.404127906976782,0.06481481481481481,0.0,5.888888888888889,49.87546920776367
2995,1909.0,14.0,136.35714285714286,257.0,0.7587548638132295,20.711266968325816,0.04669260700389105,0.0,6.396887159533074,64.44868469238281
2996,2271.0,10.0,227.1,275.0,0.7636363636363637,-14.298161616161565,0.11272727272727273,0.0,7.250909090909091,46.606727600097656
2997,1791.0,10.0,179.1,238.0,0.7563025210084033,4.751031746031771,0.07142857142857142,0.0,6.529411764705882,93.2936782836914
2998,440.0,4.0,110.0,53.0,0.9245283018867925,-17.00987421383647,0.018867924528301886,0.0,7.283018867924528,194.6201171875
2999,1887.0,13.0,145.15384615384616,247.0,0.7651821862348178,7.93412414965988,0.08502024291497975,0.0,6.582995951417004,44.64173126220703
3000,2014.0,13.0,154.92307692307693,254.0,0.7362204724409449,-7.433821079319074,0.051181102362204724,0.0,6.897637795275591,51.3225212097168
3001,1916.0,14.0,136.85714285714286,256.0,0.69921875,9.48941601049873,0.06640625,0.0,6.48046875,43.491668701171875
3002,1534.0,11.0,139.45454545454547,199.0,0.7738693467336684,5.970062041737208,0.10050251256281408,0.0,6.71356783919598,56.493324279785156
3003,1889.0,10.0,188.9,253.0,0.7351778656126482,6.63136343514833,0.08300395256916997,0.0,6.462450592885376,59.90214920043945
3004,1992.0,15.0,132.8,250.0,0.772,14.29756097560977,0.14,0.0,6.964,38.35429763793945
3005,1342.0,8.0,167.75,184.0,0.782608695652174,15.093043478260881,0.059782608695652176,0.0,6.2771739130434785,41.514137268066406
3006,1261.0,9.0,140.11111111111111,155.0,0.8387096774193549,-6.624529220779181,0.05161290322580645,0.0,7.090322580645161,104.95133972167969
3007,1574.0,17.0,92.58823529411765,219.0,0.7808219178082192,25.457452830188686,0.1141552511415525,0.0,6.191780821917808,46.09577941894531
3008,2243.0,20.0,112.15,301.0,0.7242524916943521,17.727527417746785,0.06976744186046512,0.0,6.425249169435216,36.71709442138672
3009,2243.0,13.0,172.53846153846155,291.0,0.7319587628865979,8.369703608247448,0.0859106529209622,0.0,6.694158075601375,33.97658157348633
3010,1153.0,10.0,115.3,154.0,0.8181818181818182,17.54689935064937,0.06493506493506493,0.0,6.4935064935064934,56.1296501159668
3011,1716.0,8.0,214.5,219.0,0.8127853881278538,-5.617201834862328,0.0730593607305936,0.0,6.812785388127854,77.05850219726562
3012,1507.0,12.0,125.58333333333333,193.0,0.7979274611398963,2.849327485380144,0.06217616580310881,0.0,6.7979274611398965,67.32642364501953
3013,897.0,11.0,81.54545454545455,116.0,0.8189655172413793,11.333965517241381,0.08620689655172414,0.0,6.741379310344827,35.70988845825195
3014,977.0,8.0,122.125,130.0,0.8307692307692308,16.181923076923113,0.05384615384615385,0.0,6.523076923076923,34.018943786621094
3015,1347.0,9.0,149.66666666666666,183.0,0.7540983606557377,15.938255494505512,0.07103825136612021,0.0,6.366120218579235,57.90888595581055
3016,1247.0,7.0,178.14285714285714,161.0,0.8260869565217391,4.093576604554897,0.08074534161490683,0.0,6.751552795031056,50.057411193847656
3017,1015.0,7.0,145.0,139.0,0.8489208633093526,3.3438381995134137,0.06474820143884892,0.0,6.309352517985611,65.50103759765625
3018,1768.0,12.0,147.33333333333334,255.0,0.6901960784313725,23.063101604278103,0.07058823529411765,0.0,5.929411764705883,49.21644973754883
3019,1510.0,8.0,188.75,191.0,0.7643979057591623,-6.331904761904752,0.05759162303664921,0.0,6.9109947643979055,77.1656494140625
3020,1575.0,12.0,131.25,207.0,0.7246376811594203,11.995415019762873,0.04830917874396135,0.0,6.608695652173913,65.24446105957031
3021,2066.0,15.0,137.73333333333332,264.0,0.7613636363636364,2.9533333333333474,0.10227272727272728,0.0,6.784090909090909,41.35108184814453
3022,1948.0,17.0,114.58823529411765,255.0,0.7686274509803922,16.825147058823546,0.07058823529411765,0.0,6.631372549019608,48.59906768798828
3023,1098.0,7.0,156.85714285714286,159.0,0.7484276729559748,22.44316037735851,0.05660377358490566,0.0,5.911949685534591,56.46337890625
3024,1246.0,9.0,138.44444444444446,156.0,0.8333333333333334,3.7784072580645045,0.07692307692307693,0.0,6.993589743589744,89.43867492675781
3025,2166.0,11.0,196.9090909090909,282.0,0.7588652482269503,-0.2879999999999825,0.05673758865248227,0.0,6.677304964539007,50.85945129394531
3026,1636.0,9.0,181.77777777777777,214.0,0.7616822429906542,4.545535714285734,0.07009345794392523,0.0,6.635514018691588,50.15373229980469
3027,1787.0,11.0,162.45454545454547,240.0,0.7541666666666667,9.128801255230144,0.0625,0.0,6.441666666666666,59.09934616088867
3028,910.0,7.0,130.0,129.0,0.8062015503875969,10.565988372093045,0.07751937984496124,0.0,6.062015503875969,59.74893569946289
3029,1240.0,9.0,137.77777777777777,173.0,0.7803468208092486,23.020885115606944,0.046242774566473986,0.0,6.173410404624278,38.28478240966797
3030,2135.0,14.0,152.5,278.0,0.7050359712230215,11.364867183176557,0.046762589928057555,0.0,6.633093525179856,52.34245681762695
3031,1255.0,8.0,156.875,157.0,0.8471337579617835,3.5540764331210255,0.08917197452229299,0.0,7.0,47.03800964355469
3032,1461.0,8.0,182.625,198.0,0.7878787878787878,10.787766497461945,0.050505050505050504,0.0,6.383838383838384,59.11684799194336
3033,1186.0,8.0,148.25,177.0,0.711864406779661,34.912372881355964,0.03954802259887006,0.005649717514124294,5.68361581920904,54.37294006347656
3034,1618.0,11.0,147.0909090909091,211.0,0.7725118483412322,1.8806923076923567,0.04739336492890995,0.0,6.672985781990521,59.971832275390625
3035,1814.0,10.0,181.4,272.0,0.6838235294117647,20.02267973856212,0.051470588235294115,0.0,5.672794117647059,55.85992431640625
3036,2179.0,13.0,167.6153846153846,298.0,0.7348993288590604,15.26393361581924,0.0436241610738255,0.0,6.302013422818792,44.26682662963867
3037,1212.0,9.0,134.66666666666666,165.0,0.7454545454545455,7.542134146341482,0.03636363636363636,0.0,6.351515151515152,61.889495849609375
3038,1431.0,14.0,102.21428571428571,203.0,0.7783251231527094,21.398355413430835,0.06403940886699508,0.0,6.054187192118227,62.665626525878906
3039,1100.0,9.0,122.22222222222223,154.0,0.7922077922077922,17.23684210526318,0.07792207792207792,0.0,6.14935064935065,54.78968048095703
3040,1575.0,14.0,112.5,209.0,0.784688995215311,21.183492822966542,0.0430622009569378,0.0,6.535885167464115,58.84769058227539
3041,1196.0,11.0,108.72727272727273,161.0,0.8012422360248447,14.38257861635222,0.062111801242236024,0.0,6.434782608695652,64.68047332763672
3042,2423.0,12.0,201.91666666666666,311.0,0.7266881028938906,-11.885197749196124,0.06109324758842444,0.0,6.787781350482315,47.557090759277344
3043,1760.0,11.0,160.0,211.0,0.7677725118483413,-6.208504476040019,0.0947867298578199,0.0,7.345971563981043,64.04887390136719
3044,1789.0,11.0,162.63636363636363,238.0,0.680672268907563,2.618258636788056,0.07983193277310924,0.0,6.491596638655462,49.18313217163086
3045,2116.0,15.0,141.06666666666666,259.0,0.7722007722007722,-8.142552083333328,0.11196911196911197,0.0,7.138996138996139,56.609981536865234
3046,1093.0,8.0,136.625,151.0,0.8079470198675497,13.498940397350992,0.059602649006622516,0.0,6.245033112582782,69.7971420288086
3047,1157.0,10.0,115.7,160.0,0.8,24.014066455696224,0.03125,0.0,6.2375,83.48531341552734
3048,1440.0,13.0,110.76923076923077,198.0,0.7373737373737373,20.996577319587658,0.030303030303030304,0.0,6.217171717171717,61.808631896972656
3049,2136.0,20.0,106.8,291.0,0.7353951890034365,28.250026737967943,0.058419243986254296,0.0,6.302405498281787,52.14760208129883
3050,2497.0,14.0,178.35714285714286,324.0,0.7438271604938271,-1.989418909264117,0.08024691358024691,0.0,6.700617283950617,40.09191131591797
3051,1248.0,7.0,178.28571428571428,161.0,0.8509316770186336,2.6370833333333508,0.043478260869565216,0.0,6.75776397515528,86.48541259765625
3052,1961.0,12.0,163.41666666666666,252.0,0.7619047619047619,5.4174641434263435,0.05555555555555555,0.0,6.777777777777778,50.98114776611328
3053,870.0,5.0,174.0,115.0,0.8608695652173913,6.246793478260884,0.09565217391304348,0.0,6.547826086956522,90.05628967285156
3054,2641.0,19.0,139.0,341.0,0.7214076246334311,4.865174129353278,0.06744868035190615,0.0,6.736070381231672,49.58074951171875
3055,1132.0,7.0,161.71428571428572,170.0,0.7352941176470589,19.82490196078433,0.041176470588235294,0.0,5.6647058823529415,54.3776969909668
3056,2182.0,18.0,121.22222222222223,297.0,0.7070707070707071,18.046530612244908,0.050505050505050504,0.0,6.343434343434343,47.079376220703125
3057,2154.0,13.0,165.69230769230768,280.0,0.7392857142857143,4.636250000000018,0.09285714285714286,0.0,6.689285714285714,44.06806564331055
3058,1439.0,12.0,119.91666666666667,175.0,0.8228571428571428,-2.8777241379310112,0.06857142857142857,0.0,7.194285714285714,59.29490661621094
3059,1809.0,8.0,226.125,237.0,0.6919831223628692,-10.294556962025268,0.06329113924050633,0.0,6.60337552742616,63.31932067871094
3060,1400.0,12.0,116.66666666666667,191.0,0.7277486910994765,2.353000000000037,0.03664921465968586,0.0,6.335078534031414,52.676239013671875
3061,2004.0,12.0,167.0,258.0,0.748062015503876,0.9549767441860695,0.07751937984496124,0.0,6.767441860465116,56.356536865234375
3062,1918.0,11.0,174.36363636363637,255.0,0.7803921568627451,5.906078313253033,0.0784313725490196,0.0,6.525490196078431,60.99842071533203
3063,1536.0,8.0,192.0,207.0,0.7874396135265701,-1.5817073170731533,0.043478260869565216,0.0,6.42512077294686,66.25804138183594
3064,1649.0,18.0,91.61111111111111,230.0,0.6869565217391305,27.856544095665186,0.06956521739130435,0.0,6.173913043478261,29.21610450744629
3065,799.0,6.0,133.16666666666666,115.0,0.8521739130434782,20.42984210526319,0.05217391304347826,0.0,5.956521739130435,44.58842849731445
3066,1962.0,15.0,130.8,276.0,0.7101449275362319,16.712980769230768,0.06884057971014493,0.0,6.065217391304348,54.847869873046875
3067,2334.0,12.0,194.5,274.0,0.781021897810219,-10.804661579296607,0.13138686131386862,0.0,7.507299270072993,41.26632308959961
3068,2212.0,11.0,201.0909090909091,307.0,0.7263843648208469,5.855160818713472,0.05211726384364821,0.0,6.201954397394137,53.5728874206543
3069,1199.0,10.0,119.9,157.0,0.821656050955414,18.51702508960574,0.07006369426751592,0.0,6.643312101910828,83.52481079101562
3070,1749.0,11.0,159.0,229.0,0.7685589519650655,-4.002499999999998,0.043668122270742356,0.0,6.615720524017467,51.98960876464844
3071,2124.0,14.0,151.71428571428572,275.0,0.76,0.5551206358217655,0.07272727272727272,0.0,6.694545454545454,39.08430480957031
3072,1675.0,9.0,186.11111111111111,219.0,0.7442922374429224,9.446666666666687,0.0684931506849315,0.0,6.65296803652968,74.86915588378906
3073,2168.0,12.0,180.66666666666666,293.0,0.7133105802047781,11.365079662605467,0.027303754266211604,0.0,6.3720136518771335,60.14024353027344
3074,1727.0,19.0,90.89473684210526,233.0,0.7854077253218884,20.293652597402627,0.07296137339055794,0.0,6.364806866952789,57.72651290893555
3075,1374.0,10.0,137.4,180.0,0.8111111111111111,8.467889509621358,0.07222222222222222,0.0,6.638888888888889,91.66344451904297
3076,2133.0,13.0,164.07692307692307,260.0,0.75,-0.27748873873869684,0.08461538461538462,0.0,7.180769230769231,44.94470977783203
3077,2097.0,14.0,149.78571428571428,276.0,0.75,12.684409340659357,0.07971014492753623,0.0,6.594202898550725,59.56826400756836
3078,1430.0,12.0,119.16666666666667,190.0,0.8105263157894737,14.953000000000031,0.07368421052631578,0.0,6.494736842105263,56.69445037841797
3079,2203.0,12.0,183.58333333333334,274.0,0.7591240875912408,-1.2331287325812639,0.06204379562043796,0.0,7.007299270072993,59.552188873291016
3080,2471.0,19.0,130.05263157894737,325.0,0.6923076923076923,13.215894930340568,0.08,0.0,6.596923076923077,48.93622970581055
3081,1920.0,10.0,192.0,249.0,0.7269076305220884,1.2941056910569273,0.05622489959839357,0.0,6.690763052208835,35.54128646850586
3082,1778.0,13.0,136.76923076923077,241.0,0.6846473029045643,15.674090909090921,0.04979253112033195,0.0,6.356846473029045,55.87239074707031
3083,1511.0,12.0,125.91666666666667,203.0,0.7783251231527094,18.070138826690567,0.07389162561576355,0.0,6.448275862068965,67.2146987915039
3084,2223.0,14.0,158.78571428571428,302.0,0.7152317880794702,12.664721218378986,0.033112582781456956,0.0,6.357615894039735,57.710025787353516
3085,1910.0,11.0,173.63636363636363,253.0,0.7470355731225297,11.04985714285715,0.07114624505928854,0.0,6.545454545454546,64.73289489746094
3086,811.0,7.0,115.85714285714286,104.0,0.8557692307692307,5.948000000000036,0.057692307692307696,0.0,6.8076923076923075,59.37477493286133
3087,999.0,8.0,124.875,126.0,0.8174603174603174,-2.1207142857142856,0.07142857142857142,0.0,6.936507936507937,50.31229019165039
3088,861.0,9.0,95.66666666666667,120.0,0.8333333333333334,33.690000000000026,0.03333333333333333,0.0,6.183333333333334,72.20350646972656
3089,1572.0,14.0,112.28571428571429,206.0,0.7621359223300971,17.974954751131264,0.05339805825242718,0.0,6.597087378640777,64.72601318359375
3090,1221.0,9.0,135.66666666666666,168.0,0.7440476190476191,22.8664285714286,0.047619047619047616,0.0,6.232142857142857,38.16799545288086
3091,1419.0,10.0,141.9,199.0,0.7286432160804021,20.718855388051395,0.035175879396984924,0.0,6.125628140703518,56.381507873535156
3092,1981.0,12.0,165.08333333333334,266.0,0.7368421052631579,8.394048027444256,0.06015037593984962,0.0,6.402255639097745,48.512088775634766
3093,1080.0,6.0,180.0,149.0,0.8120805369127517,5.684644295302064,0.04697986577181208,0.0,6.25503355704698,45.839111328125
3094,1633.0,15.0,108.86666666666666,229.0,0.7510917030567685,28.251910029498532,0.043668122270742356,0.0,6.122270742358078,74.13641357421875
3095,2081.0,16.0,130.0625,274.0,0.718978102189781,9.965000000000003,0.06934306569343066,0.0,6.583941605839416,72.4705810546875
3096,1718.0,8.0,214.75,224.0,0.7723214285714286,-6.276968325791813,0.0625,0.0,6.638392857142857,54.041954040527344
3097,1918.0,17.0,112.82352941176471,242.0,0.6942148760330579,8.695338983050902,0.06198347107438017,0.0,6.921487603305785,46.82234191894531
3098,1570.0,8.0,196.25,199.0,0.7236180904522613,-7.7998994974874165,0.06532663316582915,0.0,6.894472361809045,60.49674987792969
3099,1702.0,11.0,154.72727272727272,232.0,0.7543103448275862,16.864782608695663,0.05172413793103448,0.0,6.3405172413793105,58.83633041381836
3100,1906.0,12.0,158.83333333333334,250.0,0.728,-3.7067818181818097,0.052,0.0,6.596,65.76925659179688
3101,1806.0,11.0,164.1818181818182,225.0,0.7555555555555555,-8.520576233183817,0.06222222222222222,0.0,7.026666666666666,56.72243881225586
3102,1179.0,12.0,98.25,159.0,0.8679245283018868,17.239896226415112,0.06918238993710692,0.0,6.421383647798742,66.31673431396484
3103,1845.0,15.0,123.0,248.0,0.7661290322580645,26.459019851116636,0.04435483870967742,0.0,6.399193548387097,58.46997833251953
3104,2028.0,11.0,184.36363636363637,271.0,0.7306273062730627,10.748671641791077,0.05904059040590406,0.0,6.483394833948339,53.77447509765625
3105,1954.0,11.0,177.63636363636363,249.0,0.751004016064257,-0.4964147548357971,0.0642570281124498,0.0,6.843373493975903,55.050907135009766
3106,2236.0,17.0,131.52941176470588,294.0,0.7448979591836735,10.301499431171806,0.05782312925170068,0.0,6.551020408163265,43.49024963378906
3107,1137.0,7.0,162.42857142857142,162.0,0.7962962962962963,18.06333333333336,0.04938271604938271,0.0,6.018518518518518,42.829505920410156
3108,2603.0,28.0,92.96428571428571,354.0,0.7146892655367232,22.276078034682115,0.05367231638418079,0.0,6.30225988700565,24.024234771728516
3109,1062.0,7.0,151.71428571428572,147.0,0.7551020408163265,12.936666666666696,0.04081632653061224,0.0,6.2312925170068025,72.34632110595703
3110,1646.0,11.0,149.63636363636363,227.0,0.7665198237885462,12.750456349206388,0.06607929515418502,0.0,6.255506607929515,58.570068359375
3111,1591.0,9.0,176.77777777777777,216.0,0.7546296296296297,2.703653846153884,0.05555555555555555,0.0,6.37037037037037,49.01713562011719
3112,2089.0,14.0,149.21428571428572,286.0,0.7307692307692307,6.5121328671329195,0.038461538461538464,0.0,6.286713286713287,53.047733306884766
3113,1729.0,11.0,157.1818181818182,220.0,0.7818181818181819,-6.403383838383803,0.06363636363636363,0.0,6.8090909090909095,35.24481964111328
3114,2123.0,15.0,141.53333333333333,289.0,0.71280276816609,18.380096153846154,0.03806228373702422,0.0,6.342560553633218,70.48734283447266
3115,1237.0,7.0,176.71428571428572,161.0,0.8074534161490683,8.822769151138743,0.09316770186335403,0.0,6.6894409937888195,80.79456329345703
3116,1497.0,11.0,136.0909090909091,204.0,0.8186274509803921,11.272444444444488,0.049019607843137254,0.0,6.328431372549019,61.19757843017578
3117,1760.0,13.0,135.3846153846154,247.0,0.7206477732793523,19.862467532467576,0.05263157894736842,0.0,6.089068825910931,45.4019889831543
3118,2049.0,12.0,170.75,287.0,0.6794425087108014,19.055167464114874,0.06968641114982578,0.0,6.087108013937282,59.48861312866211
3119,1036.0,9.0,115.11111111111111,138.0,0.7681159420289855,17.91500000000002,0.036231884057971016,0.0,6.5144927536231885,58.46010971069336
3120,1169.0,8.0,146.125,154.0,0.7987012987012987,15.305000000000007,0.05194805194805195,0.0,6.597402597402597,69.72718811035156
3121,1271.0,10.0,127.1,174.0,0.7586206896551724,24.796681034482788,0.05172413793103448,0.0,6.304597701149425,73.15476989746094
3122,1936.0,10.0,193.6,255.0,0.7294117647058823,-3.6672484689413807,0.050980392156862744,0.0,6.572549019607843,78.97792053222656
3123,1570.0,10.0,157.0,218.0,0.7889908256880734,15.501392729134693,0.0779816513761468,0.0,6.206422018348624,79.2336654663086
3124,1769.0,12.0,147.41666666666666,235.0,0.7574468085106383,4.923416927899694,0.04680851063829787,0.0,6.531914893617022,53.271522521972656
3125,1972.0,14.0,140.85714285714286,260.0,0.75,16.835339892665502,0.05384615384615385,0.0,6.5807692307692305,60.12917709350586
3126,1945.0,14.0,138.92857142857142,259.0,0.7374517374517374,1.6506493506493598,0.05791505791505792,0.0,6.513513513513513,46.36450958251953
3127,2360.0,18.0,131.11111111111111,291.0,0.7731958762886598,9.07142733564018,0.06529209621993128,0.0,7.061855670103093,52.222381591796875
3128,1524.0,11.0,138.54545454545453,197.0,0.7766497461928934,7.687828539199131,0.06091370558375635,0.0,6.741116751269035,56.040809631347656
3129,1599.0,11.0,145.36363636363637,218.0,0.7431192660550459,12.100744239631354,0.05504587155963303,0.0,6.339449541284404,87.35446166992188
3130,2318.0,14.0,165.57142857142858,303.0,0.7656765676567657,6.554154208194916,0.07260726072607261,0.0,6.643564356435643,42.329959869384766
3131,1672.0,12.0,139.33333333333334,211.0,0.7298578199052133,3.75487012987017,0.08056872037914692,0.0,6.919431279620853,42.43643569946289
3132,1144.0,7.0,163.42857142857142,148.0,0.7905405405405406,-4.550315315315288,0.006756756756756757,0.0,6.702702702702703,75.0416488647461
3133,1934.0,13.0,148.76923076923077,262.0,0.7099236641221374,15.074634813384847,0.0648854961832061,0.0,6.3396946564885495,42.34166717529297
3134,1771.0,10.0,177.1,246.0,0.7560975609756098,14.407777777777795,0.056910569105691054,0.0,6.178861788617886,47.41093444824219
3135,2179.0,13.0,167.6153846153846,278.0,0.7050359712230215,-4.416964227108622,0.05755395683453238,0.0,6.83453237410072,44.63705062866211
3136,899.0,7.0,128.42857142857142,119.0,0.8235294117647058,12.527696078431404,0.03361344537815126,0.0,6.563025210084033,79.19453430175781
3137,1253.0,8.0,156.625,154.0,0.7987012987012987,-2.2742207792207694,0.07792207792207792,0.0,7.142857142857143,61.64830017089844
3138,1881.0,12.0,156.75,241.0,0.7385892116182573,2.4088909845341675,0.06224066390041494,0.0,6.771784232365145,47.586875915527344
3139,1868.0,12.0,155.66666666666666,241.0,0.7759336099585062,12.042069227843285,0.07883817427385892,0.0,6.742738589211618,66.1589126586914
3140,1335.0,9.0,148.33333333333334,176.0,0.8011363636363636,10.696681034482793,0.0625,0.0,6.556818181818182,56.660804748535156
3141,1748.0,10.0,174.8,232.0,0.7543103448275862,2.203648714216399,0.09913793103448276,0.0,6.538793103448276,41.87346649169922
3142,1963.0,14.0,140.21428571428572,286.0,0.7132867132867133,18.44577922077923,0.07342657342657342,0.0,5.86013986013986,52.606712341308594
3143,731.0,6.0,121.83333333333333,98.0,0.826530612244898,17.741000000000014,0.11224489795918367,0.0,6.469387755102041,59.72187423706055
3144,1370.0,9.0,152.22222222222223,179.0,0.7988826815642458,7.83498952513969,0.0446927374301676,0.0,6.625698324022347,92.46707916259766
3145,2156.0,12.0,179.66666666666666,264.0,0.7727272727272727,-10.289918250950564,0.12878787878787878,0.0,7.162878787878788,48.94690704345703
3146,1944.0,9.0,216.0,268.0,0.7276119402985075,7.878476123595533,0.05223880597014925,0.0,6.25,37.933414459228516
3147,1738.0,11.0,158.0,224.0,0.7366071428571429,-1.341178571428543,0.07142857142857142,0.0,6.758928571428571,61.929203033447266
3148,1837.0,11.0,167.0,229.0,0.7729257641921398,-8.512107929515395,0.07423580786026202,0.0,7.0174672489082965,56.15668869018555
3149,1935.0,10.0,193.5,245.0,0.7755102040816326,-0.5625925925925799,0.053061224489795916,0.0,6.877551020408164,54.864479064941406
3150,1826.0,13.0,140.46153846153845,241.0,0.8091286307053942,9.631233766233777,0.07468879668049792,0.0,6.564315352697095,65.832763671875
3151,1090.0,11.0,99.0909090909091,163.0,0.7423312883435583,31.751805555555563,0.03680981595092025,0.0,5.693251533742331,55.24724197387695
3152,1793.0,11.0,163.0,228.0,0.7631578947368421,0.4190350877193225,0.06140350877192982,0.0,6.868421052631579,69.22938537597656
3153,1440.0,10.0,144.0,192.0,0.8125,13.778541666666683,0.052083333333333336,0.0,6.494791666666667,69.2577133178711
3154,1778.0,10.0,177.8,232.0,0.7758620689655172,4.258658008658017,0.07327586206896551,0.0,6.668103448275862,68.79438018798828
3155,2067.0,11.0,187.9090909090909,272.0,0.7022058823529411,3.9633333333333667,0.0625,0.0,6.584558823529412,56.757530212402344
3156,1848.0,10.0,184.8,231.0,0.7619047619047619,-6.362121212121195,0.09523809523809523,0.0,6.995670995670996,43.78571319580078
3157,1124.0,7.0,160.57142857142858,151.0,0.7748344370860927,-1.3555242825606797,0.059602649006622516,0.0,6.450331125827814,34.9871826171875
3158,2101.0,21.0,100.04761904761905,278.0,0.7661870503597122,15.85284038104092,0.06474820143884892,0.0,6.528776978417266,43.5293083190918
3159,2204.0,15.0,146.93333333333334,270.0,0.7851851851851852,-1.1825000000000045,0.1037037037037037,0.0,7.159259259259259,35.52528381347656
3160,2304.0,13.0,177.23076923076923,286.0,0.7377622377622378,-10.21861842105261,0.08041958041958042,0.0,7.013986013986014,42.63905715942383
3161,1440.0,8.0,180.0,183.0,0.7704918032786885,-0.37587912087909103,0.04371584699453552,0.0,6.8469945355191255,72.4066162109375
3162,1934.0,16.0,120.875,256.0,0.7265625,13.49319894598159,0.08984375,0.0,6.53515625,61.09593963623047
3163,1161.0,8.0,145.125,157.0,0.821656050955414,16.48656050955418,0.03821656050955414,0.0,6.401273885350318,47.332889556884766
3164,1733.0,12.0,144.41666666666666,228.0,0.7236842105263158,14.909682220434462,0.06578947368421052,0.0,6.557017543859649,49.93965148925781
3165,1326.0,11.0,120.54545454545455,171.0,0.7894736842105263,15.331131578947378,0.07017543859649122,0.0,6.7368421052631575,58.22431182861328
3166,1933.0,11.0,175.72727272727272,243.0,0.8065843621399177,-7.169999999999959,0.1111111111111111,0.0,6.905349794238683,44.920562744140625
3167,1262.0,9.0,140.22222222222223,170.0,0.8117647058823529,12.188391272189364,0.058823529411764705,0.0,6.4,65.00720977783203
3168,1873.0,13.0,144.07692307692307,249.0,0.7228915662650602,17.42793690958169,0.04819277108433735,0.0,6.473895582329317,65.27884674072266
3169,2050.0,15.0,136.66666666666666,257.0,0.7665369649805448,-5.498455882352914,0.08171206225680934,0.0,6.972762645914397,39.039573669433594
3170,1412.0,9.0,156.88888888888889,171.0,0.8187134502923976,-1.87115131578949,0.08771929824561403,0.0,7.216374269005848,69.12378692626953
3171,1605.0,10.0,160.5,222.0,0.7162162162162162,4.976711711711744,0.05405405405405406,0.0,6.175675675675675,50.85306167602539
3172,1022.0,6.0,170.33333333333334,131.0,0.8320610687022901,1.3549770992366916,0.03816793893129771,0.0,6.809160305343512,132.84906005859375
3173,1206.0,9.0,134.0,171.0,0.7777777777777778,21.199042159763337,0.04678362573099415,0.0,6.058479532163743,80.27265167236328
3174,1223.0,8.0,152.875,148.0,0.8175675675675675,0.16959459459462778,0.060810810810810814,0.0,7.256756756756757,71.68025970458984
3175,2104.0,29.0,72.55172413793103,278.0,0.7949640287769785,19.515095261358084,0.07194244604316546,0.0,6.5359712230215825,56.61267852783203
3176,1878.0,13.0,144.46153846153845,237.0,0.8143459915611815,-3.456623376623355,0.0759493670886076,0.0,6.8734177215189876,64.92449188232422
3177,1741.0,11.0,158.27272727272728,231.0,0.6926406926406926,-0.2774513274335959,0.06493506493506493,0.0,6.510822510822511,34.93621826171875
3178,2359.0,15.0,157.26666666666668,321.0,0.7414330218068536,4.481350210970504,0.03115264797507788,0.0,6.342679127725857,74.5723648071289
3179,1954.0,8.0,244.25,248.0,0.8225806451612904,-11.970161290322551,0.0846774193548387,0.0,6.883064516129032,94.32014465332031
3180,2247.0,12.0,187.25,281.0,0.7829181494661922,-6.362088447653406,0.060498220640569395,0.0,6.967971530249111,48.562557220458984
3181,2185.0,15.0,145.66666666666666,311.0,0.6913183279742765,19.15045454545455,0.06109324758842444,0.0,6.006430868167203,48.835655212402344
3182,957.0,7.0,136.71428571428572,133.0,0.8120300751879699,26.200454545454562,0.05263157894736842,0.0,6.172932330827067,99.36649322509766
3183,2228.0,12.0,185.66666666666666,280.0,0.7535714285714286,-12.070649350649319,0.05,0.0,6.953571428571428,59.31605529785156
3184,1693.0,14.0,120.92857142857143,230.0,0.7434782608695653,31.478636196769486,0.04782608695652174,0.0,6.3652173913043475,42.1386833190918
3185,1110.0,9.0,123.33333333333333,154.0,0.8051948051948052,32.88422077922078,0.05194805194805195,0.0,6.214285714285714,24.112247467041016
3186,1914.0,18.0,106.33333333333333,261.0,0.7203065134099617,20.822440318302398,0.06130268199233716,0.0,6.314176245210728,38.182621002197266
3187,2053.0,14.0,146.64285714285714,265.0,0.7509433962264151,0.5926251584284046,0.07547169811320754,0.0,6.743396226415094,39.292781829833984
3188,1508.0,13.0,116.0,204.0,0.75,11.143454545454546,0.04411764705882353,0.0,6.397058823529412,72.79278564453125
3189,862.0,7.0,123.14285714285714,113.0,0.8230088495575221,4.2943879056047365,0.04424778761061947,0.0,6.6371681415929205,37.15910720825195
3190,1983.0,12.0,165.25,265.0,0.7169811320754716,9.42954545454549,0.03773584905660377,0.0037735849056603774,6.475471698113208,53.3706169128418
3191,1549.0,13.0,119.15384615384616,213.0,0.8169014084507042,19.96913875598088,0.07042253521126761,0.0,6.267605633802817,106.47757720947266
3192,1854.0,10.0,185.4,233.0,0.7467811158798283,-3.1658273724367803,0.05150214592274678,0.0,6.927038626609442,70.21454620361328
3193,1042.0,7.0,148.85714285714286,136.0,0.7720588235294118,-2.7893137254901887,0.014705882352941176,0.0,6.669117647058823,50.289337158203125
3194,1324.0,7.0,189.14285714285714,167.0,0.8263473053892215,-2.267330339321319,0.0658682634730539,0.0,6.934131736526946,67.79180145263672
3195,2118.0,12.0,176.5,288.0,0.6701388888888888,18.697954545454564,0.03819444444444445,0.0,6.333333333333333,53.19017028808594
3196,1450.0,10.0,145.0,204.0,0.7941176470588235,16.771444444444484,0.058823529411764705,0.0,6.102941176470588,74.29768371582031
3197,2250.0,13.0,173.07692307692307,306.0,0.7352941176470589,4.018301435406727,0.06535947712418301,0.0,6.34640522875817,54.60770797729492
3198,886.0,5.0,177.2,123.0,0.7235772357723578,-3.8933231707316907,0.024390243902439025,0.0,6.211382113821138,47.82075881958008
3199,2134.0,14.0,152.42857142857142,282.0,0.723404255319149,14.032183622828825,0.05319148936170213,0.0,6.546099290780142,76.233154296875
3200,2234.0,16.0,139.625,290.0,0.7413793103448276,1.636346153846148,0.05862068965517241,0.0,6.675862068965517,52.68989562988281
3201,2477.0,17.0,145.7058823529412,315.0,0.7206349206349206,-2.457769230769202,0.08888888888888889,0.0,6.857142857142857,41.99692916870117
3202,1175.0,9.0,130.55555555555554,165.0,0.7575757575757576,26.95517045454548,0.06060606060606061,0.0,6.127272727272727,55.21803665161133
3203,2447.0,18.0,135.94444444444446,326.0,0.7392638036809815,8.39988888888891,0.06134969325153374,0.0,6.5030674846625764,46.554107666015625
3204,959.0,8.0,119.875,126.0,0.8412698412698413,11.388400000000019,0.07936507936507936,0.0,6.619047619047619,56.65464782714844
3205,632.0,7.0,90.28571428571429,81.0,0.9382716049382716,7.614222222222253,0.07407407407407407,0.0,6.777777777777778,97.34375
3206,1983.0,12.0,165.25,255.0,0.792156862745098,6.112500000000011,0.10196078431372549,0.0,6.772549019607843,45.209293365478516
3207,1079.0,7.0,154.14285714285714,139.0,0.841726618705036,14.120833333333366,0.05755395683453238,0.0,6.712230215827338,69.46124267578125
3208,1058.0,9.0,117.55555555555556,135.0,0.8740740740740741,4.94679104477612,0.05185185185185185,0.0,6.844444444444444,134.7477264404297
3209,1939.0,12.0,161.58333333333334,247.0,0.7732793522267206,-0.6538895281933037,0.10121457489878542,0.0,6.846153846153846,39.51204299926758
3210,1775.0,12.0,147.91666666666666,229.0,0.7205240174672489,-3.9492379547689325,0.08296943231441048,0.0,6.711790393013101,44.84122085571289
3211,1068.0,9.0,118.66666666666667,140.0,0.8285714285714286,10.317554347826103,0.05714285714285714,0.0,6.635714285714286,40.57332229614258
3212,1000.0,8.0,125.0,133.0,0.8270676691729323,17.077819548872185,0.03759398496240601,0.0,6.526315789473684,85.4498291015625
3213,1627.0,11.0,147.9090909090909,223.0,0.7533632286995515,14.761788739412083,0.04484304932735426,0.0,6.300448430493273,51.2610969543457
3214,1835.0,14.0,131.07142857142858,241.0,0.8008298755186722,17.06560843793585,0.06224066390041494,0.0,6.580912863070539,58.39243698120117
3215,1132.0,14.0,80.85714285714286,154.0,0.7987012987012987,28.331500000000034,0.07142857142857142,0.0,6.357142857142857,50.8546142578125
3216,2460.0,14.0,175.71428571428572,293.0,0.7986348122866894,-14.577950796359488,0.13993174061433447,0.0,7.385665529010239,41.11190414428711
3217,1723.0,11.0,156.63636363636363,237.0,0.7426160337552743,16.75503766478346,0.07172995780590717,0.0,6.274261603375527,58.22761154174805
3218,866.0,6.0,144.33333333333334,135.0,0.7407407407407407,42.81666666666666,0.044444444444444446,0.0,5.4222222222222225,69.16108703613281
3219,686.0,5.0,137.2,103.0,0.8252427184466019,32.032730582524295,0.019417475728155338,0.0,5.669902912621359,74.75860595703125
3220,1919.0,12.0,159.91666666666666,276.0,0.677536231884058,18.022567432567456,0.05434782608695652,0.0,5.949275362318841,56.493106842041016
3221,1963.0,11.0,178.45454545454547,248.0,0.7459677419354839,1.261665991902845,0.06451612903225806,0.0,6.883064516129032,49.26350021362305
3222,1273.0,9.0,141.44444444444446,168.0,0.7976190476190477,20.852142857142894,0.07738095238095238,0.0,6.583333333333333,56.35000991821289
3223,1894.0,12.0,157.83333333333334,247.0,0.7368421052631579,4.614944444444461,0.0931174089068826,0.0,6.65587044534413,48.5350456237793
3224,1414.0,12.0,117.83333333333333,185.0,0.7837837837837838,19.522795081967246,0.05405405405405406,0.0,6.6378378378378375,56.94984817504883
3225,2538.0,15.0,169.2,344.0,0.686046511627907,0.1406108597285538,0.04941860465116279,0.0,6.369186046511628,53.92323684692383
3226,2591.0,30.0,86.36666666666666,336.0,0.7083333333333334,10.38877606338616,0.05357142857142857,0.0,6.705357142857143,38.51200485229492
3227,1778.0,13.0,136.76923076923077,232.0,0.7543103448275862,15.898847402597454,0.07758620689655173,0.0,6.646551724137931,82.87308502197266
3228,2221.0,10.0,222.1,278.0,0.737410071942446,-14.106430855315722,0.1079136690647482,0.0,6.960431654676259,35.46553421020508
3229,2011.0,13.0,154.69230769230768,262.0,0.7519083969465649,5.510474137931055,0.04580152671755725,0.0,6.645038167938932,52.7804069519043
3230,2365.0,25.0,94.6,322.0,0.6894409937888198,12.777986925913524,0.055900621118012424,0.0,6.341614906832298,28.628400802612305
3231,1878.0,10.0,187.8,249.0,0.7228915662650602,-3.6972690763052185,0.028112449799196786,0.0,6.514056224899599,59.15474319458008
3232,2046.0,12.0,170.5,261.0,0.7854406130268199,-1.9424008424008434,0.08045977011494253,0.0,6.819923371647509,52.05852508544922
3233,2009.0,11.0,182.63636363636363,261.0,0.6973180076628352,-0.356651162790655,0.05363984674329502,0.0,6.685823754789272,59.433467864990234
3234,1391.0,11.0,126.45454545454545,180.0,0.8111111111111111,9.345000000000027,0.07777777777777778,0.0,6.716666666666667,82.16685485839844
3235,1826.0,11.0,166.0,250.0,0.72,11.098483870967755,0.048,0.0,6.3,46.70830154418945
3236,1123.0,8.0,140.375,154.0,0.7857142857142857,3.219285714285718,0.045454545454545456,0.0,6.298701298701299,50.56310272216797
3237,1110.0,9.0,123.33333333333333,151.0,0.8211920529801324,10.21384647651007,0.059602649006622516,0.0,6.3509933774834435,65.22816467285156
3238,1914.0,13.0,147.23076923076923,256.0,0.734375,8.157132545931802,0.0390625,0.0,6.45703125,65.49567413330078
3239,2209.0,14.0,157.78571428571428,284.0,0.7253521126760564,-1.8416790682626925,0.0880281690140845,0.0,6.73943661971831,53.7457389831543
3240,1952.0,15.0,130.13333333333333,277.0,0.7111913357400722,21.199750069425193,0.04693140794223827,0.0,6.0324909747292415,54.36727523803711
3241,2235.0,17.0,131.47058823529412,297.0,0.7306397306397306,5.6366525423729,0.06397306397306397,0.0,6.498316498316498,35.321044921875
3242,2296.0,13.0,176.6153846153846,305.0,0.7180327868852459,1.39634900990103,0.04262295081967213,0.0,6.501639344262295,51.36485290527344
3243,2150.0,21.0,102.38095238095238,276.0,0.7644927536231884,20.126250000000027,0.07608695652173914,0.0,6.782608695652174,58.19011688232422
3244,1944.0,12.0,162.0,261.0,0.6934865900383141,12.431720930232586,0.038314176245210725,0.0,6.417624521072797,50.352813720703125
3245,1565.0,9.0,173.88888888888889,204.0,0.7450980392156863,-6.909264705882322,0.06372549019607843,0.0,6.666666666666667,54.57130432128906
3246,1872.0,12.0,156.0,242.0,0.756198347107438,6.854827800829867,0.07024793388429752,0.0,6.690082644628099,69.51256561279297
3247,2030.0,15.0,135.33333333333334,270.0,0.7333333333333333,10.600897435897451,0.07407407407407407,0.0,6.507407407407407,42.160457611083984
3248,2112.0,12.0,176.0,281.0,0.7295373665480427,1.884457478005885,0.05693950177935943,0.0,6.487544483985765,56.44676971435547
3249,2289.0,9.0,254.33333333333334,288.0,0.7222222222222222,-21.22999999999996,0.09375,0.0,6.940972222222222,30.447683334350586
3250,1671.0,9.0,185.66666666666666,239.0,0.698744769874477,5.541652542372901,0.04602510460251046,0.0,5.99581589958159,60.37824630737305
3251,1366.0,9.0,151.77777777777777,177.0,0.8248587570621468,12.420909090909078,0.05084745762711865,0.0,6.72316384180791,74.88948059082031
3252,1320.0,8.0,165.0,172.0,0.813953488372093,4.825232558139533,0.0755813953488372,0.0,6.680232558139535,76.53006744384766
3253,1125.0,8.0,140.625,166.0,0.7710843373493976,28.066363636363633,0.07228915662650602,0.0,5.783132530120482,71.37306213378906
3254,1614.0,10.0,161.4,214.0,0.7663551401869159,-4.684491173416376,0.037383177570093455,0.0,6.546728971962617,88.63320922851562
3255,2298.0,14.0,164.14285714285714,322.0,0.7049689440993789,20.846009615384645,0.059006211180124224,0.0,6.10248447204969,49.0146598815918
3256,1218.0,8.0,152.25,157.0,0.8089171974522293,-7.761847133757925,0.05732484076433121,0.0,6.764331210191083,88.52449035644531
3257,1145.0,7.0,163.57142857142858,153.0,0.7908496732026143,6.223088235294114,0.0457516339869281,0.0,6.490196078431373,79.20393371582031
3258,1839.0,13.0,141.46153846153845,234.0,0.7564102564102564,1.1912541726275947,0.042735042735042736,0.0,6.858974358974359,62.39593505859375
3259,1852.0,15.0,123.46666666666667,241.0,0.7302904564315352,11.839781357882629,0.04979253112033195,0.0,6.672199170124482,41.203433990478516
3260,1781.0,10.0,178.1,235.0,0.7659574468085106,-4.927586206896564,0.0851063829787234,0.0,6.582978723404255,50.83072280883789
3261,2485.0,17.0,146.1764705882353,345.0,0.7072463768115942,19.920269679300304,0.05217391304347826,0.0,6.197101449275363,36.677223205566406
3262,1812.0,9.0,201.33333333333334,233.0,0.7253218884120172,-3.8336206896551346,0.04291845493562232,0.0,6.755364806866953,57.92075729370117
3263,2012.0,11.0,182.9090909090909,272.0,0.6911764705882353,2.324071955719603,0.029411764705882353,0.003676470588235294,6.393382352941177,66.80899047851562
3264,2098.0,13.0,161.3846153846154,273.0,0.7619047619047619,-0.5558333333333394,0.02564102564102564,0.0,6.681318681318682,42.02156066894531
3265,2470.0,14.0,176.42857142857142,326.0,0.6840490797546013,4.971384615384636,0.06441717791411043,0.0,6.530674846625767,61.306610107421875
3266,2107.0,14.0,150.5,290.0,0.6758620689655173,14.395235983528693,0.05862068965517241,0.0,6.2379310344827585,52.133914947509766
3267,2030.0,11.0,184.54545454545453,283.0,0.734982332155477,18.31200000000004,0.053003533568904596,0.0,6.123674911660777,65.08189392089844
3268,1974.0,13.0,151.84615384615384,273.0,0.663003663003663,16.473116883116916,0.047619047619047616,0.0,6.216117216117216,33.40687561035156
3269,1975.0,11.0,179.54545454545453,265.0,0.7396226415094339,13.082181818181851,0.03773584905660377,0.0,6.422641509433962,52.66546630859375
3270,2162.0,12.0,180.16666666666666,271.0,0.7490774907749077,0.2790434192673388,0.07011070110701106,0.0,6.944649446494465,55.29207229614258
3271,1099.0,8.0,137.375,145.0,0.8413793103448276,-5.5610344827586005,0.05517241379310345,0.0,6.586206896551724,55.82083511352539
3272,1359.0,9.0,151.0,184.0,0.8097826086956522,18.42804347826089,0.05434782608695652,0.0,6.385869565217392,71.19818115234375
3273,1721.0,14.0,122.92857142857143,229.0,0.7336244541484717,15.819008849557548,0.1091703056768559,0.0,6.489082969432315,49.33611297607422
3274,1905.0,12.0,158.75,238.0,0.7563025210084033,-2.7690909090908917,0.06302521008403361,0.0,6.9789915966386555,84.11422729492188
3275,1964.0,21.0,93.52380952380952,265.0,0.769811320754717,25.160206896551756,0.1018867924528302,0.0,6.381132075471698,49.854148864746094
3276,2218.0,12.0,184.83333333333334,323.0,0.6749226006191951,20.27162902315078,0.03715170278637771,0.0,5.860681114551084,60.1364860534668
3277,2040.0,17.0,120.0,267.0,0.7602996254681648,17.178846153846166,0.08614232209737828,0.0,6.632958801498128,46.87029266357422
3278,1518.0,10.0,151.8,187.0,0.7700534759358288,-9.69401663695777,0.058823529411764705,0.0,7.090909090909091,65.99346160888672
3279,1095.0,8.0,136.875,154.0,0.7597402597402597,21.34785714285715,0.05194805194805195,0.0,6.116883116883117,30.42555809020996
3280,1260.0,9.0,140.0,166.0,0.8132530120481928,16.573750000000018,0.04819277108433735,0.0,6.596385542168675,67.2429428100586
3281,1965.0,13.0,151.15384615384616,253.0,0.691699604743083,8.271027667984214,0.05533596837944664,0.0,6.743083003952569,51.69473648071289
3282,1794.0,14.0,128.14285714285714,224.0,0.7723214285714286,8.33262128006524,0.05357142857142857,0.0,6.982142857142857,54.861942291259766
3283,959.0,6.0,159.83333333333334,120.0,0.8166666666666667,0.5850000000000364,0.075,0.0,7.0,71.34373474121094
3284,1608.0,15.0,107.2,218.0,0.7568807339449541,27.428717948717974,0.05504587155963303,0.0,6.3807339449541285,60.19111251831055
3285,1727.0,11.0,157.0,235.0,0.7659574468085106,19.902500000000032,0.07659574468085106,0.0,6.348936170212766,58.27427673339844
3286,1587.0,12.0,132.25,214.0,0.7616822429906542,16.51605660377362,0.06074766355140187,0.0,6.373831775700935,71.59988403320312
3287,1751.0,13.0,134.69230769230768,223.0,0.7668161434977578,16.26244532428359,0.08520179372197309,0.0,6.8475336322869955,37.7772102355957
3288,2180.0,11.0,198.1818181818182,288.0,0.7152777777777778,0.9150909090909352,0.0625,0.0,6.541666666666667,41.3946647644043
3289,1033.0,7.0,147.57142857142858,125.0,0.848,-5.8452333333333115,0.104,0.0,7.272,78.42251586914062
3290,1363.0,10.0,136.3,184.0,0.7663043478260869,8.148019323671548,0.03804347826086957,0.0,6.4021739130434785,78.96353149414062
3291,1522.0,12.0,126.83333333333333,198.0,0.803030303030303,21.276076066790353,0.050505050505050504,0.0,6.681818181818182,89.43743896484375
3292,1501.0,15.0,100.06666666666666,190.0,0.7736842105263158,12.733333333333377,0.031578947368421054,0.0,6.894736842105263,38.209232330322266
3293,1641.0,16.0,102.5625,224.0,0.7276785714285714,18.550056561085995,0.044642857142857144,0.0,6.321428571428571,52.832984924316406
3294,1514.0,9.0,168.22222222222223,199.0,0.7889447236180904,8.560744346733685,0.06030150753768844,0.0,6.613065326633166,84.60578155517578
3295,1555.0,10.0,155.5,203.0,0.729064039408867,-0.13929455445543226,0.06896551724137931,0.0,6.635467980295567,78.04168701171875
3296,1903.0,8.0,237.875,256.0,0.7265625,1.3235294117647243,0.046875,0.0,6.4140625,60.96184158325195
3297,1174.0,10.0,117.4,152.0,0.7960526315789473,6.66184210526319,0.05921052631578947,0.0,6.730263157894737,55.57527160644531
3298,1885.0,10.0,188.5,253.0,0.6956521739130435,-1.598173034694753,0.07114624505928854,0.0,6.426877470355731,41.75944900512695
3299,1929.0,13.0,148.3846153846154,260.0,0.7576923076923077,13.68271306818184,0.046153846153846156,0.0,6.415384615384616,54.11745834350586
3300,2134.0,14.0,152.42857142857142,292.0,0.702054794520548,22.079689146470002,0.06506849315068493,0.0,6.304794520547945,41.96025848388672
3301,1654.0,12.0,137.83333333333334,220.0,0.7727272727272727,2.9084577464789163,0.045454545454545456,0.0,6.5227272727272725,36.90134048461914
3302,1971.0,14.0,140.78571428571428,256.0,0.7578125,-0.7512193675889023,0.0390625,0.0,6.6953125,64.52140808105469
3303,1953.0,10.0,195.3,252.0,0.7341269841269841,-7.479444444444425,0.06746031746031746,0.0,6.738095238095238,65.7264633178711
3304,1233.0,9.0,137.0,182.0,0.7032967032967034,20.076868131868167,0.04945054945054945,0.0,5.78021978021978,76.9260482788086
3305,2093.0,15.0,139.53333333333333,281.0,0.7188612099644128,9.234651355838423,0.06761565836298933,0.0,6.4412811387900355,41.10347366333008
3306,826.0,6.0,137.66666666666666,108.0,0.8148148148148148,0.04433333333335554,0.027777777777777776,0.0,6.657407407407407,82.42168426513672
3307,1552.0,9.0,172.44444444444446,193.0,0.7772020725388601,-9.64565738341966,0.04145077720207254,0.0,7.046632124352332,94.84741973876953
3308,1637.0,10.0,163.7,226.0,0.7345132743362832,11.7728859390364,0.04424778761061947,0.0,6.234513274336283,47.58866882324219
3309,1489.0,10.0,148.9,205.0,0.7804878048780488,13.074116037219511,0.05853658536585366,0.0,6.2682926829268295,69.99581909179688
3310,1263.0,7.0,180.42857142857142,175.0,0.7428571428571429,7.063976190476211,0.045714285714285714,0.0,6.194285714285714,70.08866882324219
3311,2133.0,16.0,133.3125,277.0,0.7725631768953068,11.42646487086924,0.06498194945848375,0.0,6.675090252707581,60.32940673828125
3312,2042.0,13.0,157.07692307692307,281.0,0.7188612099644128,12.896131458469597,0.060498220640569395,0.0,6.238434163701068,44.18553161621094
3313,1223.0,11.0,111.18181818181819,151.0,0.8211920529801324,7.159197939661539,0.10596026490066225,0.0,7.105960264900662,67.50931549072266
3314,1221.0,7.0,174.42857142857142,156.0,0.8717948717948718,-4.481923076923039,0.057692307692307696,0.0,6.833333333333333,55.53712463378906
3315,1482.0,9.0,164.66666666666666,198.0,0.7676767676767676,7.386477272727291,0.0707070707070707,0.0,6.48989898989899,41.52136993408203
3316,1228.0,8.0,153.5,167.0,0.7485029940119761,10.380479041916175,0.04790419161676647,0.0,6.359281437125748,44.82706832885742
3317,2168.0,16.0,135.5,275.0,0.7163636363636363,5.13700549450553,0.08,0.0,6.8545454545454545,45.011959075927734
3318,818.0,6.0,136.33333333333334,106.0,0.8490566037735849,4.943415094339628,0.05660377358490566,0.0,6.726415094339623,114.57444763183594
3319,1035.0,6.0,172.5,132.0,0.7878787878787878,-2.620090909090891,0.06060606060606061,0.0,6.848484848484849,47.16923522949219
3320,2188.0,12.0,182.33333333333334,286.0,0.7167832167832168,2.19503841229195,0.05244755244755245,0.0,6.618881118881119,70.91979217529297
3321,1693.0,13.0,130.23076923076923,219.0,0.7990867579908676,1.2376246334311247,0.0684931506849315,0.0,6.7214611872146115,61.699974060058594
3322,1536.0,14.0,109.71428571428571,203.0,0.7536945812807881,21.386790429042918,0.06403940886699508,0.0,6.497536945812808,28.038602828979492
3323,1438.0,8.0,179.75,198.0,0.7474747474747475,3.719999999999999,0.06060606060606061,0.0,6.262626262626263,54.60892868041992
3324,1921.0,11.0,174.63636363636363,266.0,0.7330827067669173,14.568443396226428,0.08646616541353383,0.0,6.2180451127819545,53.60098648071289
3325,1892.0,14.0,135.14285714285714,254.0,0.7401574803149606,15.27390109890112,0.031496062992125984,0.0,6.448818897637795,73.76249694824219
3326,2695.0,21.0,128.33333333333334,329.0,0.7537993920972644,-10.646071428571389,0.1033434650455927,0.0,7.1580547112462005,42.290931701660156
3327,515.0,6.0,85.83333333333333,73.0,0.821917808219178,25.13380821917812,0.0273972602739726,0.0,6.054794520547945,32.90024185180664
3328,2147.0,12.0,178.91666666666666,286.0,0.7307692307692307,8.450672215108852,0.08741258741258741,0.0,6.475524475524476,49.052608489990234
3329,958.0,6.0,159.66666666666666,130.0,0.7923076923076923,17.1019230769231,0.023076923076923078,0.0,6.376923076923077,66.59194946289062
3330,1975.0,12.0,164.58333333333334,265.0,0.7358490566037735,16.042751561415713,0.052830188679245285,0.0,6.422641509433962,55.05668640136719
3331,1477.0,10.0,147.7,197.0,0.7411167512690355,9.732101324122084,0.04568527918781726,0.0,6.49238578680203,65.13957214355469
3332,1336.0,8.0,167.0,170.0,0.8352941176470589,17.9614705882353,0.06470588235294118,0.0,6.864705882352941,71.11724853515625
3333,1882.0,13.0,144.76923076923077,257.0,0.708171206225681,12.7486029411765,0.03501945525291829,0.0,6.319066147859922,64.58468627929688
3334,2034.0,10.0,203.4,254.0,0.7637795275590551,-9.329453193350815,0.027559055118110236,0.0,7.003937007874016,70.77593994140625
3335,1111.0,7.0,158.71428571428572,139.0,0.7913669064748201,-1.7036270983213342,0.08633093525179857,0.0,7.0,96.47565460205078
3336,1752.0,12.0,146.0,236.0,0.7288135593220338,4.845538461538467,0.07203389830508475,0.0,6.427966101694915,41.28251266479492
3337,2238.0,14.0,159.85714285714286,293.0,0.7440273037542662,3.18721264367818,0.06143344709897611,0.0,6.610921501706485,44.99518585205078
3338,1379.0,10.0,137.9,178.0,0.8258426966292135,6.6290948813982595,0.06179775280898876,0.0,6.752808988764045,89.77374267578125
3339,1899.0,12.0,158.25,257.0,0.7315175097276264,10.757205882352963,0.07003891050583658,0.0,6.377431906614786,55.09405517578125
3340,1325.0,6.0,220.83333333333334,172.0,0.6976744186046512,-14.496116279069724,0.10465116279069768,0.0,6.709302325581396,40.375450134277344
3341,1832.0,11.0,166.54545454545453,231.0,0.7619047619047619,6.131357142857155,0.0735930735930736,0.0,6.926406926406926,47.21889114379883
3342,2002.0,12.0,166.83333333333334,255.0,0.7294117647058823,1.923879446640342,0.08627450980392157,0.0,6.819607843137255,64.13032531738281
3343,1970.0,11.0,179.0909090909091,258.0,0.7248062015503876,-5.275255813953436,0.05426356589147287,0.0,6.604651162790698,65.0732650756836
3344,1101.0,9.0,122.33333333333333,149.0,0.8523489932885906,13.052772651006734,0.053691275167785234,0.0,6.395973154362416,80.94657135009766
3345,1511.0,10.0,151.1,212.0,0.7358490566037735,11.7308280922432,0.05660377358490566,0.0,6.089622641509434,68.82571411132812
3346,1384.0,12.0,115.33333333333333,189.0,0.798941798941799,29.880534759358312,0.07936507936507936,0.0,6.264550264550264,93.4987564086914
3347,1888.0,15.0,125.86666666666666,261.0,0.7049808429118773,22.409758497316687,0.0421455938697318,0.0,6.2298850574712645,66.395751953125
3348,2123.0,11.0,193.0,279.0,0.6810035842293907,-3.722209677419329,0.035842293906810034,0.0,6.580645161290323,62.96446228027344
3349,1995.0,8.0,249.375,282.0,0.6560283687943262,1.5450000000000443,0.05319148936170213,0.0,6.070921985815603,41.76486587524414
3350,1013.0,7.0,144.71428571428572,139.0,0.8201438848920863,20.20716426858516,0.05755395683453238,0.0,6.244604316546763,54.91722106933594
3351,1625.0,12.0,135.41666666666666,229.0,0.8122270742358079,23.52375942834462,0.1091703056768559,0.0,6.091703056768559,46.06770706176758
3352,1302.0,7.0,186.0,168.0,0.7916666666666666,4.179285714285754,0.07738095238095238,0.0,6.755952380952381,71.26774597167969
3353,767.0,5.0,153.4,101.0,0.9306930693069307,-5.583849009900973,0.07920792079207921,0.0,6.603960396039604,167.1735382080078
3354,1991.0,11.0,181.0,261.0,0.7586206896551724,3.76115384615386,0.06513409961685823,0.0,6.620689655172414,62.533573150634766
3355,983.0,8.0,122.875,129.0,0.8062015503875969,3.846279069767462,0.06201550387596899,0.0,6.604651162790698,46.35736846923828
3356,1168.0,7.0,166.85714285714286,156.0,0.7948717948717948,4.195000000000022,0.03205128205128205,0.0,6.493589743589744,30.82827377319336
3357,1745.0,13.0,134.23076923076923,223.0,0.7623318385650224,6.52417523652818,0.07174887892376682,0.0,6.820627802690583,64.22794342041016
3358,2010.0,10.0,201.0,263.0,0.7376425855513308,6.017648076091689,0.057034220532319393,0.0,6.623574144486692,82.49485778808594
3359,1520.0,11.0,138.1818181818182,204.0,0.7745098039215687,14.02605882352944,0.04411764705882353,0.0,6.436274509803922,43.132965087890625
3360,1295.0,10.0,129.5,185.0,0.7945945945945946,22.851773648648702,0.05405405405405406,0.0,6.005405405405406,63.081939697265625
3361,934.0,9.0,103.77777777777777,119.0,0.773109243697479,9.029311974789948,0.0,0.0,6.831932773109243,41.72827911376953
3362,2100.0,15.0,140.0,288.0,0.6840277777777778,20.023873239436625,0.052083333333333336,0.0,6.263888888888889,40.3839111328125
3363,1522.0,9.0,169.11111111111111,190.0,0.8157894736842105,-4.7270394736841865,0.05789473684210526,0.0,7.015789473684211,97.66232299804688
3364,1644.0,11.0,149.45454545454547,214.0,0.7897196261682243,-3.835830188679239,0.0514018691588785,0.0,6.686915887850467,60.461795806884766
3365,2015.0,10.0,201.5,265.0,0.7660377358490567,-3.5372052586938025,0.05660377358490566,0.0,6.6,65.44808197021484
3366,1290.0,10.0,129.0,184.0,0.7717391304347826,21.705182584269664,0.07608695652173914,0.0,6.016304347826087,39.221405029296875
3367,1300.0,16.0,81.25,188.0,0.75,33.985000000000014,0.05319148936170213,0.0,5.920212765957447,54.8697624206543
3368,1542.0,8.0,192.75,206.0,0.7572815533980582,2.663823529411758,0.06310679611650485,0.0,6.461165048543689,63.76620864868164
3369,1135.0,8.0,141.875,166.0,0.7891566265060241,20.69993975903617,0.06626506024096386,0.0,5.843373493975903,33.699546813964844
3370,2039.0,15.0,135.93333333333334,277.0,0.7436823104693141,20.873309938236957,0.10108303249097472,0.0,6.353790613718411,48.708370208740234
3371,1092.0,7.0,156.0,139.0,0.8057553956834532,2.5568045563549333,0.1223021582733813,0.0,6.863309352517986,58.984649658203125
3372,1538.0,10.0,153.8,183.0,0.825136612021858,-10.547059426229453,0.06557377049180328,0.0,7.409836065573771,87.94061279296875
3373,1260.0,13.0,96.92307692307692,162.0,0.8209876543209876,11.26977777777779,0.06172839506172839,0.0,6.783950617283951,112.18021392822266
3374,1472.0,10.0,147.2,193.0,0.7616580310880829,7.540391479562487,0.08290155440414508,0.0,6.585492227979275,42.985469818115234
3375,1927.0,20.0,96.35,246.0,0.7154471544715447,20.422643442622956,0.056910569105691054,0.0,6.817073170731708,59.00611114501953
3376,1877.0,12.0,156.41666666666666,265.0,0.7094339622641509,22.627680250783698,0.026415094339622643,0.0,6.052830188679246,52.02336120605469
3377,1282.0,12.0,106.83333333333333,176.0,0.7727272727272727,28.04676744186048,0.05113636363636364,0.0,6.255681818181818,65.13526153564453
3378,1228.0,9.0,136.44444444444446,152.0,0.8223684210526315,9.016821192052987,0.039473684210526314,0.0,7.0855263157894735,99.67134857177734
3379,1539.0,12.0,128.25,227.0,0.7268722466960352,22.984808720691092,0.04405286343612335,0.0,5.775330396475771,29.158912658691406
3380,1200.0,7.0,171.42857142857142,163.0,0.852760736196319,9.022796523517428,0.10429447852760736,0.0,6.368098159509202,62.39414978027344
3381,1652.0,10.0,165.2,205.0,0.8341463414634146,2.547750677506798,0.13658536585365855,0.0,7.0634146341463415,88.44145965576172
3382,2273.0,15.0,151.53333333333333,276.0,0.7536231884057971,2.6421739130434787,0.11956521739130435,0.0,7.231884057971015,65.32807922363281
3383,1335.0,11.0,121.36363636363636,186.0,0.7903225806451613,13.441608695652207,0.05913978494623656,0.0,6.182795698924731,59.89444351196289
3384,1178.0,10.0,117.8,152.0,0.8355263157894737,11.67105263157896,0.08552631578947369,0.0,6.75,56.755611419677734
3385,1616.0,12.0,134.66666666666666,217.0,0.7419354838709677,9.059405684754523,0.027649769585253458,0.0,6.451612903225806,91.38422393798828
3386,1778.0,15.0,118.53333333333333,243.0,0.7860082304526749,19.601538461538468,0.04938271604938271,0.0,6.31275720164609,74.10336303710938
3387,1903.0,16.0,118.9375,254.0,0.8228346456692913,10.11828703703705,0.05905511811023622,0.0,6.468503937007874,53.50458526611328
3388,1291.0,8.0,161.375,175.0,0.7485714285714286,5.97542857142858,0.02857142857142857,0.0,6.348571428571429,67.46001434326172
3389,2047.0,12.0,170.58333333333334,293.0,0.6518771331058021,18.57877645051198,0.04778156996587031,0.0,5.962457337883959,40.29282760620117
3390,2069.0,10.0,206.9,260.0,0.7115384615384616,-19.66166666666666,0.046153846153846156,0.0,6.953846153846154,37.95783233642578
3391,1015.0,8.0,126.875,133.0,0.7744360902255639,6.230570175438629,0.045112781954887216,0.0,6.639097744360902,51.986759185791016
3392,2124.0,15.0,141.6,291.0,0.7147766323024055,17.289621212121233,0.07560137457044673,0.0,6.2714776632302405,48.587364196777344
3393,2447.0,14.0,174.78571428571428,304.0,0.75,-5.610570175438596,0.09868421052631579,0.0,7.042763157894737,43.3240852355957
3394,2220.0,14.0,158.57142857142858,294.0,0.7346938775510204,5.114063926940673,0.061224489795918366,0.0,6.54421768707483,31.35506248474121
3395,1493.0,15.0,99.53333333333333,218.0,0.6972477064220184,30.449961773700323,0.03669724770642202,0.0,5.8119266055045875,38.36052703857422
3396,1219.0,8.0,152.375,157.0,0.7898089171974523,2.476369426751603,0.08280254777070063,0.0,6.770700636942675,41.44308853149414
3397,2066.0,12.0,172.16666666666666,272.0,0.7647058823529411,4.2613636363636545,0.04044117647058824,0.0,6.591911764705882,53.283512115478516
3398,775.0,7.0,110.71428571428571,111.0,0.8738738738738738,12.228636363636383,0.04504504504504504,0.0,5.990990990990991,63.680397033691406
3399,1004.0,6.0,167.33333333333334,123.0,0.8780487804878049,-5.21692682926826,0.08130081300813008,0.0,7.170731707317073,48.9831657409668
3400,1354.0,9.0,150.44444444444446,174.0,0.8045977011494253,1.9449568965517585,0.07471264367816093,0.0,6.787356321839081,48.06759262084961
3401,1023.0,8.0,127.875,137.0,0.8832116788321168,10.359781021897817,0.051094890510948905,0.0,6.474452554744525,83.1070327758789
3402,1360.0,11.0,123.63636363636364,181.0,0.7790055248618785,9.52918853591163,0.06077348066298342,0.0,6.486187845303867,48.6912956237793
3403,929.0,7.0,132.71428571428572,124.0,0.7983870967741935,13.24704301075269,0.07258064516129033,0.0,6.5,45.39239501953125
3404,1267.0,13.0,97.46153846153847,178.0,0.7303370786516854,18.176097178683392,0.05056179775280899,0.0,6.123595505617978,41.290653228759766
3405,1398.0,9.0,155.33333333333334,176.0,0.8238636363636364,4.249318181818182,0.06818181818181818,0.0,6.948863636363637,74.58961486816406
3406,909.0,7.0,129.85714285714286,122.0,0.8032786885245902,0.3870327868852712,0.04918032786885246,0.0,6.459016393442623,75.69771575927734
3407,2303.0,16.0,143.9375,307.0,0.6905537459283387,7.661108597285079,0.07166123778501629,0.0,6.488599348534202,34.39775466918945
3408,1829.0,10.0,182.9,249.0,0.6907630522088354,4.6412370670265375,0.05622489959839357,0.0,6.349397590361446,44.79283905029297
3409,2400.0,19.0,126.3157894736842,319.0,0.7304075235109718,11.654019124605696,0.08463949843260188,0.0,6.517241379310345,47.48482894897461
3410,963.0,6.0,160.5,136.0,0.7941176470588235,20.602000000000004,0.051470588235294115,0.0,6.088235294117647,46.02663803100586
3411,1964.0,13.0,151.07692307692307,259.0,0.7722007722007722,6.742869318181846,0.06563706563706563,0.0,6.571428571428571,49.086700439453125
3412,1956.0,12.0,163.0,252.0,0.7142857142857143,3.1072836801752715,0.07936507936507936,0.0,6.757936507936508,48.123138427734375
3413,1762.0,14.0,125.85714285714286,227.0,0.7533039647577092,5.135786944333233,0.039647577092511016,0.0,6.722466960352423,52.82863998413086
3414,2156.0,13.0,165.84615384615384,284.0,0.7640845070422535,1.182500000000033,0.06338028169014084,0.0,6.588028169014085,60.08443832397461
3415,1357.0,14.0,96.92857142857143,176.0,0.8125,10.784170520231271,0.022727272727272728,0.0,6.659090909090909,45.45574188232422
3416,1919.0,20.0,95.95,248.0,0.7943548387096774,21.220241935483898,0.06451612903225806,0.0,6.729838709677419,60.22246170043945
3417,1197.0,7.0,171.0,156.0,0.8012820512820513,7.593521505376373,0.05128205128205128,0.0,6.641025641025641,71.60005187988281
3418,2014.0,11.0,183.0909090909091,280.0,0.6857142857142857,8.809366906474821,0.039285714285714285,0.0,6.175,42.70267105102539
3419,1564.0,10.0,156.4,199.0,0.7537688442211056,8.135618718593008,0.08542713567839195,0.0,6.864321608040201,35.23176574707031
3420,1948.0,16.0,121.75,259.0,0.7760617760617761,18.494800000000026,0.04633204633204633,0.0,6.471042471042471,62.57330322265625
3421,1769.0,22.0,80.4090909090909,252.0,0.7222222222222222,25.733548836032412,0.07142857142857142,0.0,6.023809523809524,49.24070739746094
3422,1944.0,12.0,162.0,247.0,0.7732793522267206,-3.3094000736105613,0.048582995951417005,0.0,6.825910931174089,51.78791046142578
3423,1655.0,12.0,137.91666666666666,217.0,0.7465437788018433,8.64499790532048,0.09216589861751152,0.0,6.622119815668203,41.27217102050781
3424,1014.0,6.0,169.0,135.0,0.7851851851851852,7.096666666666664,0.05185185185185185,0.0,6.518518518518518,103.33983612060547
3425,1514.0,9.0,168.22222222222223,189.0,0.8042328042328042,-5.591994047619039,0.07407407407407407,0.0,6.968253968253968,47.93906784057617
3426,1095.0,8.0,136.875,142.0,0.8309859154929577,18.832323943661976,0.06338028169014084,0.0,6.711267605633803,53.220680236816406
3427,1118.0,8.0,139.75,140.0,0.8714285714285714,1.0192857142857292,0.05714285714285714,0.0,6.992857142857143,93.6288070678711
3428,1260.0,8.0,157.5,173.0,0.8034682080924855,12.060982658959574,0.05202312138728324,0.0,6.289017341040463,69.64558410644531
3429,2500.0,17.0,147.05882352941177,313.0,0.7476038338658147,6.833817204301084,0.0670926517571885,0.0,6.980830670926518,60.503238677978516
3430,962.0,6.0,160.33333333333334,132.0,0.7878787878787878,12.761727272727285,0.030303030303030304,0.0,6.265151515151516,66.8675308227539
3431,2015.0,15.0,134.33333333333334,251.0,0.7689243027888446,10.084826302729539,0.09163346613545817,0.0,7.0239043824701195,59.55136489868164
3432,1272.0,10.0,127.2,178.0,0.7584269662921348,14.327570621468936,0.033707865168539325,0.0,6.146067415730337,64.91009521484375
3433,1209.0,7.0,172.71428571428572,165.0,0.8181818181818182,4.08250000000001,0.07272727272727272,0.0,6.333333333333333,81.99578094482422
3434,1374.0,9.0,152.66666666666666,180.0,0.8055555555555556,2.107500000000016,0.06666666666666667,0.0,6.638888888888889,58.03300094604492
3435,2020.0,12.0,168.33333333333334,276.0,0.7065217391304348,12.134655344655357,0.03985507246376811,0.0,6.278985507246377,58.75810623168945
3436,2167.0,15.0,144.46666666666667,280.0,0.725,-0.4597826086956047,0.07142857142857142,0.0,6.732142857142857,47.99485397338867
3437,1427.0,8.0,178.375,200.0,0.75,7.056836734693917,0.04,0.0,6.14,57.282772064208984
3438,1924.0,13.0,148.0,256.0,0.72265625,8.271027667984214,0.07421875,0.0,6.51171875,46.20813751220703
3439,872.0,8.0,109.0,125.0,0.776,25.28756666666669,0.048,0.0,5.952,62.06409454345703
3440,1063.0,7.0,151.85714285714286,150.0,0.8333333333333334,17.336000000000013,0.05333333333333334,0.0,6.093333333333334,48.80803298950195
3441,1837.0,11.0,167.0,225.0,0.7777777777777778,-1.6918766816143318,0.08,0.0,7.168888888888889,58.36075973510742
3442,894.0,6.0,149.0,122.0,0.7786885245901639,8.708344262295128,0.03278688524590164,0.0,6.336065573770492,79.89844512939453
3443,2032.0,13.0,156.30769230769232,273.0,0.706959706959707,9.819496813149954,0.03296703296703297,0.0,6.43956043956044,65.2873764038086
3444,1875.0,8.0,234.375,248.0,0.7459677419354839,-7.535483870967738,0.06854838709677419,0.0,6.564516129032258,47.4622802734375
3445,825.0,7.0,117.85714285714286,116.0,0.7586206896551724,17.733551724137953,0.05172413793103448,0.0,6.120689655172414,40.064273834228516
3446,2170.0,17.0,127.6470588235294,286.0,0.7412587412587412,13.702294464075408,0.07342657342657342,0.0,6.548951048951049,73.47390747070312
3447,2495.0,14.0,178.21428571428572,314.0,0.7579617834394905,-5.898052016985105,0.10828025477707007,0.0,6.939490445859873,34.3150520324707
3448,1322.0,11.0,120.18181818181819,183.0,0.8032786885245902,14.417802332719447,0.07650273224043716,0.0,6.202185792349726,55.56337356567383
3449,1376.0,10.0,137.6,182.0,0.7582417582417582,11.53142246642247,0.04945054945054945,0.0,6.532967032967033,60.499576568603516
3450,866.0,6.0,144.33333333333334,114.0,0.8157894736842105,7.0719473684210925,0.08771929824561403,0.0,6.605263157894737,75.52241516113281
3451,2538.0,18.0,141.0,332.0,0.6626506024096386,5.086952380952425,0.06325301204819277,0.0,6.605421686746988,33.82829284667969
3452,1302.0,9.0,144.66666666666666,181.0,0.6906077348066298,19.344658149171295,0.06077348066298342,0.0,6.198895027624309,45.28653335571289
3453,2297.0,16.0,143.5625,279.0,0.7921146953405018,-3.723608695652132,0.07885304659498207,0.0,7.218637992831542,44.77754592895508
3454,909.0,7.0,129.85714285714286,119.0,0.8907563025210085,2.6174011299435165,0.058823529411764705,0.0,6.647058823529412,87.99833679199219
3455,1589.0,18.0,88.27777777777777,189.0,0.798941798941799,4.52608058608061,0.07936507936507936,0.0,7.333333333333333,49.9504508972168
3456,1307.0,8.0,163.375,176.0,0.7897727272727273,5.866136363636372,0.05113636363636364,0.0,6.431818181818182,61.379032135009766
3457,1823.0,11.0,165.72727272727272,241.0,0.7427385892116183,9.312089211618286,0.07468879668049792,0.0,6.514522821576763,115.34516906738281
3458,2242.0,11.0,203.8181818181818,304.0,0.7335526315789473,-1.1785321441842882,0.0625,0.0,6.348684210526316,44.479576110839844
3459,274.0,2.0,137.0,35.0,0.9714285714285714,-7.558571428571412,0.05714285714285714,0.0,6.857142857142857,105.59955596923828
3460,1144.0,8.0,143.0,148.0,0.831081081081081,3.027702702702726,0.06756756756756757,0.0,6.736486486486487,29.27690887451172
3461,2191.0,17.0,128.88235294117646,269.0,0.7843866171003717,2.7747415730337366,0.12267657992565056,0.0,7.111524163568773,48.47819137573242
3462,1019.0,9.0,113.22222222222223,134.0,0.8059701492537313,22.5277798507463,0.029850746268656716,0.0,6.5,51.58047103881836
3463,1402.0,11.0,127.45454545454545,175.0,0.8114285714285714,6.730160714285745,0.045714285714285714,0.0,7.005714285714285,79.03657531738281
3464,856.0,7.0,122.28571428571429,121.0,0.8264462809917356,33.24682506887055,0.024793388429752067,0.0,6.082644628099174,57.26958084106445
3465,1896.0,14.0,135.42857142857142,248.0,0.7782258064516129,4.0219356872635785,0.07661290322580645,0.0,6.641129032258065,41.38777542114258
3466,1241.0,8.0,155.125,168.0,0.7857142857142857,6.225000000000023,0.047619047619047616,0.0,6.392857142857143,79.94852447509766
3467,1246.0,9.0,138.44444444444446,161.0,0.7950310559006211,4.071479037267096,0.049689440993788817,0.0,6.745341614906832,61.480323791503906
3468,1318.0,9.0,146.44444444444446,177.0,0.807909604519774,6.246732142857155,0.04519774011299435,0.0,6.451977401129944,41.96541213989258
3469,1754.0,9.0,194.88888888888889,235.0,0.7489361702127659,4.298303571428619,0.06382978723404255,0.0,6.4425531914893615,59.450984954833984
3470,1656.0,13.0,127.38461538461539,222.0,0.7612612612612613,18.47641891891891,0.07207207207207207,0.0,6.454954954954955,85.37399291992188
3471,1217.0,7.0,173.85714285714286,162.0,0.7901234567901234,-2.8255555555555247,0.06790123456790123,0.0,6.518518518518518,52.604286193847656
3472,2586.0,20.0,129.3,349.0,0.7134670487106017,13.564547803617614,0.04871060171919771,0.0,6.378223495702006,39.890262603759766
3473,1893.0,10.0,189.3,240.0,0.7291666666666666,-6.309683867968374,0.0875,0.0,6.883333333333334,50.88926696777344
3474,2118.0,15.0,141.2,276.0,0.717391304347826,10.122197802197803,0.06884057971014493,0.0,6.670289855072464,48.07640838623047
3475,1616.0,13.0,124.3076923076923,220.0,0.740909090909091,12.220757575757574,0.031818181818181815,0.0,6.3136363636363635,52.14102554321289
3476,1050.0,7.0,150.0,149.0,0.7583892617449665,20.945945190156607,0.04697986577181208,0.0,6.053691275167785,36.438289642333984
3477,2165.0,16.0,135.3125,271.0,0.7490774907749077,9.714512437810981,0.04428044280442804,0.0,6.977859778597786,30.937421798706055
3478,1900.0,12.0,158.33333333333334,246.0,0.7560975609756098,6.799143070044693,0.08536585365853659,0.0,6.703252032520325,64.6011962890625
3479,1708.0,11.0,155.27272727272728,240.0,0.7541666666666667,24.49732773109244,0.0875,0.0,6.095833333333333,43.08537292480469
3480,569.0,4.0,142.25,81.0,0.8395061728395061,7.096666666666664,0.07407407407407407,0.0,6.037037037037037,111.86964416503906
3481,1309.0,8.0,163.625,158.0,0.8037974683544303,-12.047151898734143,0.04430379746835443,0.0,7.291139240506329,61.943824768066406
3482,1577.0,13.0,121.3076923076923,211.0,0.7819905213270142,19.65977751196175,0.05687203791469194,0.0,6.478672985781991,72.77272033691406
3483,1506.0,9.0,167.33333333333334,208.0,0.7307692307692307,16.93923076923079,0.057692307692307696,0.0,6.235576923076923,52.51118850708008
3484,2150.0,12.0,179.16666666666666,287.0,0.759581881533101,0.6192867132867264,0.0627177700348432,0.0,6.487804878048781,48.960697174072266
3485,1335.0,9.0,148.33333333333334,165.0,0.8,-0.7321022727272464,0.06060606060606061,0.0,7.096969696969697,57.50663757324219
3486,2045.0,16.0,127.8125,270.0,0.7148148148148148,13.049997108155026,0.06296296296296296,0.0,6.562962962962963,47.93305206298828
3487,1809.0,13.0,139.15384615384616,231.0,0.7748917748917749,-6.75272727272727,0.0735930735930736,0.0,6.796536796536796,65.66271209716797
3488,1692.0,9.0,188.0,214.0,0.7429906542056075,-14.014727112676042,0.04672897196261682,0.0,6.897196261682243,59.23612594604492
3489,1826.0,16.0,114.125,236.0,0.7245762711864406,14.42473805855164,0.1228813559322034,0.0,6.703389830508475,33.37281799316406
3490,1905.0,12.0,158.75,254.0,0.6889763779527559,7.692714285714317,0.07874015748031496,0.0,6.488188976377953,39.968658447265625
3491,2157.0,19.0,113.52631578947368,298.0,0.7449664429530202,23.167414383561663,0.07046979865771812,0.0,6.231543624161074,39.561927795410156
3492,937.0,7.0,133.85714285714286,123.0,0.8292682926829268,8.573841463414652,0.06504065040650407,0.0,6.617886178861789,71.52569580078125
3493,1248.0,8.0,156.0,150.0,0.82,-20.210999999999984,0.07333333333333333,0.0,7.326666666666667,78.05046844482422
3494,1052.0,8.0,131.5,138.0,0.7753623188405797,6.590217391304378,0.021739130434782608,0.0,6.630434782608695,61.763465881347656
3495,1338.0,11.0,121.63636363636364,178.0,0.797752808988764,22.313364544319597,0.03932584269662921,0.0,6.51123595505618,59.41776657104492
3496,1904.0,11.0,173.0909090909091,262.0,0.7251908396946565,9.382693965517262,0.04198473282442748,0.0,6.236641221374046,57.830875396728516
3497,800.0,8.0,100.0,120.0,0.8416666666666667,38.74692307692308,0.05,0.0,5.675,55.621482849121094
3498,2266.0,13.0,174.30769230769232,289.0,0.7162629757785467,3.8750000000000284,0.0726643598615917,0.0,6.837370242214533,61.79442596435547
3499,1957.0,14.0,139.78571428571428,266.0,0.6390977443609023,10.365156641604017,0.04887218045112782,0.0,6.30827067669173,33.85737228393555
3500,1757.0,9.0,195.22222222222223,230.0,0.7652173913043478,-6.566099890829662,0.06956521739130435,0.0,6.6347826086956525,52.56595230102539
3501,1456.0,12.0,121.33333333333333,191.0,0.8272251308900523,5.437368421052668,0.07329842931937172,0.0,6.5811518324607325,68.25653839111328
3502,2015.0,11.0,183.1818181818182,282.0,0.6843971631205674,10.919905693950199,0.03546099290780142,0.0,6.134751773049645,64.014892578125
3503,1146.0,9.0,127.33333333333333,150.0,0.7866666666666666,14.655750000000012,0.06,0.0,6.6466666666666665,55.54817199707031
3504,2055.0,11.0,186.8181818181818,291.0,0.6185567010309279,8.389221649484568,0.024054982817869417,0.0,6.034364261168385,36.82832336425781
3505,2005.0,14.0,143.21428571428572,251.0,0.7689243027888446,2.983388554216873,0.04780876494023904,0.0,6.98406374501992,36.3969612121582
3506,756.0,6.0,126.0,105.0,0.8380952380952381,7.574923076923085,0.02857142857142857,0.0,6.20952380952381,67.7779312133789
3507,1906.0,14.0,136.14285714285714,242.0,0.7231404958677686,-6.800069037656897,0.09090909090909091,0.0,6.871900826446281,36.238651275634766
3508,1878.0,11.0,170.72727272727272,231.0,0.8138528138528138,-1.6010822510822322,0.11688311688311688,0.0,7.125541125541125,49.06496047973633
3509,853.0,5.0,170.6,112.0,0.8392857142857143,1.661428571428587,0.03571428571428571,0.0,6.625,109.9500961303711
3510,1231.0,13.0,94.6923076923077,173.0,0.7687861271676301,30.348700690335335,0.08670520231213873,0.0,6.121387283236994,54.55155563354492
3511,2007.0,13.0,154.3846153846154,262.0,0.7404580152671756,8.21517535392536,0.05343511450381679,0.0,6.641221374045801,58.78495407104492
3512,1351.0,14.0,96.5,175.0,0.7714285714285715,24.655460526315807,0.09714285714285714,0.0,6.68,48.545597076416016
3513,1853.0,14.0,132.35714285714286,240.0,0.7041666666666667,6.939468941100785,0.06666666666666667,0.0,6.716666666666667,44.93735885620117
3514,1263.0,9.0,140.33333333333334,156.0,0.8397435897435898,-7.683528225806441,0.05128205128205128,0.0,7.076923076923077,49.05615234375
3515,1814.0,10.0,181.4,259.0,0.637065637065637,11.365323895323911,0.03474903474903475,0.0,5.961389961389961,38.427284240722656
3516,1146.0,10.0,114.6,149.0,0.8053691275167785,10.781631711409432,0.040268456375838924,0.0,6.697986577181208,45.8676643371582
3517,1231.0,8.0,153.875,149.0,0.8120805369127517,0.13201342281880102,0.1342281879194631,0.0,7.268456375838926,55.983863830566406
3518,2641.0,15.0,176.06666666666666,342.0,0.6812865497076024,-0.8118379850238284,0.06140350877192982,0.0,6.690058479532164,54.55792999267578
3519,1091.0,12.0,90.91666666666667,147.0,0.8027210884353742,9.705062597809103,0.034013605442176874,0.0,6.346938775510204,49.76655578613281
3520,2260.0,14.0,161.42857142857142,282.0,0.776595744680851,1.5727472527472912,0.05319148936170213,0.0,7.00354609929078,51.063270568847656
3521,1958.0,18.0,108.77777777777777,267.0,0.704119850187266,20.442579887218074,0.04868913857677903,0.0,6.322097378277154,49.30595779418945
3522,2152.0,16.0,134.5,274.0,0.781021897810219,3.5601502478315012,0.072992700729927,0.0,6.821167883211679,58.9422492980957
3523,1569.0,12.0,130.75,218.0,0.7110091743119266,14.343779816513774,0.027522935779816515,0.0,6.201834862385321,52.92997741699219
3524,2252.0,14.0,160.85714285714286,294.0,0.7551020408163265,4.941396692045174,0.061224489795918366,0.0,6.63265306122449,45.756561279296875
3525,1811.0,11.0,164.63636363636363,245.0,0.726530612244898,13.711481481481513,0.061224489795918366,0.0,6.3428571428571425,55.20034408569336
3526,2150.0,13.0,165.3846153846154,269.0,0.7657992565055762,-2.018828616352181,0.09665427509293681,0.0,6.977695167286245,43.0184211730957
3527,1497.0,9.0,166.33333333333334,179.0,0.8156424581005587,-12.015289804469262,0.0670391061452514,0.0,7.368715083798882,60.42038345336914
3528,1196.0,9.0,132.88888888888889,160.0,0.8625,13.105000000000047,0.04375,0.0,6.48125,89.52452087402344
3529,1847.0,10.0,184.7,247.0,0.7327935222672065,3.443628117913846,0.05263157894736842,0.0,6.441295546558704,56.952674865722656
3530,1478.0,9.0,164.22222222222223,210.0,0.7333333333333333,16.125769230769265,0.05714285714285714,0.0,6.042857142857143,72.16736602783203
3531,1336.0,26.0,51.38461538461539,184.0,0.8152173913043478,42.19628985507245,0.06521739130434782,0.0,6.266304347826087,50.16249084472656
3532,1304.0,9.0,144.88888888888889,183.0,0.7759562841530054,17.652940573770536,0.0546448087431694,0.0,6.131147540983607,98.9287109375
3533,1311.0,7.0,187.28571428571428,159.0,0.8176100628930818,-10.5455188679245,0.050314465408805034,0.0,7.251572327044025,95.42591094970703
3534,1265.0,9.0,140.55555555555554,174.0,0.7931034482758621,17.503577586206916,0.06321839080459771,0.0,6.275862068965517,42.06686782836914
3535,2553.0,16.0,159.5625,315.0,0.7142857142857143,1.4573076923077224,0.06349206349206349,0.0,7.088888888888889,46.23674774169922
3536,1786.0,10.0,178.6,238.0,0.7941176470588235,-0.9872865999045644,0.10084033613445378,0.0,6.508403361344538,64.76948547363281
3537,1055.0,8.0,131.875,133.0,0.8045112781954887,-8.399505012531307,0.05263157894736842,0.0,6.93984962406015,42.26092529296875
3538,1831.0,20.0,91.55,239.0,0.7949790794979079,14.895086206896593,0.0794979079497908,0.0,6.623430962343096,50.24945068359375
3539,2144.0,12.0,178.66666666666666,300.0,0.7033333333333334,12.408868212324592,0.05333333333333334,0.0,6.096666666666667,56.523475646972656
3540,2085.0,19.0,109.73684210526316,275.0,0.7636363636363637,15.443318681318743,0.11636363636363636,0.0,6.581818181818182,46.574981689453125
3541,1367.0,9.0,151.88888888888889,186.0,0.7473118279569892,9.590152027027074,0.03225806451612903,0.0,6.344086021505376,84.89136505126953
3542,1245.0,11.0,113.18181818181819,155.0,0.8387096774193549,12.513154121863806,0.05161290322580645,0.0,7.0,58.01424026489258
3543,1576.0,14.0,112.57142857142857,208.0,0.7932692307692307,11.23550000000003,0.0673076923076923,0.0,6.509615384615385,56.484622955322266
3544,1205.0,7.0,172.14285714285714,160.0,0.78125,13.74083333333337,0.05,0.0,6.5375,92.95176696777344
3545,2310.0,21.0,110.0,315.0,0.7015873015873015,13.281500200964643,0.06349206349206349,0.0,6.33015873015873,55.109134674072266
3546,1193.0,11.0,108.45454545454545,162.0,0.7777777777777778,19.717102484472065,0.07407407407407407,0.0,6.320987654320987,50.38833999633789
3547,1082.0,6.0,180.33333333333334,137.0,0.8029197080291971,-14.87672992700729,0.06569343065693431,0.0,6.905109489051095,80.55935668945312
3548,1303.0,11.0,118.45454545454545,180.0,0.7555555555555555,25.883059322033944,0.044444444444444446,0.0,6.2444444444444445,60.71299743652344
3549,2145.0,16.0,134.0625,280.0,0.7321428571428571,0.7369341849486659,0.06785714285714285,0.0,6.632142857142857,50.85626220703125
3550,2009.0,12.0,167.41666666666666,265.0,0.7509433962264151,13.501972555746164,0.05660377358490566,0.0,6.535849056603774,71.98870849609375
3551,1988.0,13.0,152.92307692307693,254.0,0.7480314960629921,0.9924737413980722,0.07874015748031496,0.0,6.822834645669292,52.986454010009766
3552,1525.0,11.0,138.63636363636363,202.0,0.7920792079207921,3.7648432835821097,0.0297029702970297,0.0,6.53960396039604,92.39915466308594
3553,1152.0,7.0,164.57142857142858,166.0,0.7891566265060241,17.70755020080324,0.04819277108433735,0.0,5.945783132530121,60.25658416748047
3554,1595.0,8.0,199.375,204.0,0.8088235294117647,-14.753823529411761,0.10784313725490197,0.0,6.813725490196078,65.7554931640625
3555,1822.0,9.0,202.44444444444446,228.0,0.7543859649122807,-14.297763157894735,0.06578947368421052,0.0,6.995614035087719,67.67842864990234
3556,807.0,6.0,134.5,112.0,0.8660714285714286,7.182263513513533,0.08035714285714286,0.0,6.214285714285714,59.56888961791992
3557,2225.0,11.0,202.27272727272728,288.0,0.7256944444444444,-5.644628919860622,0.0763888888888889,0.0,6.715277777777778,44.03342056274414
3558,1943.0,13.0,149.46153846153845,251.0,0.7450199203187251,3.014784498370176,0.06374501992031872,0.0,6.713147410358566,64.33771514892578
3559,2227.0,16.0,139.1875,285.0,0.712280701754386,-3.5929247078009894,0.0456140350877193,0.0,6.7859649122807015,51.404937744140625
3560,1104.0,11.0,100.36363636363636,165.0,0.7454545454545455,24.961424676209987,0.030303030303030304,0.0,5.696969696969697,51.627017974853516
3561,2094.0,9.0,232.66666666666666,253.0,0.7747035573122529,-21.549750494071105,0.06719367588932806,0.0,7.2727272727272725,48.739967346191406
3562,1606.0,10.0,160.6,213.0,0.7183098591549296,7.423723012111651,0.04225352112676056,0.0,6.507042253521127,74.42412567138672
3563,972.0,7.0,138.85714285714286,136.0,0.8235294117647058,25.203333333333347,0.0661764705882353,0.0,6.154411764705882,47.655120849609375
3564,1984.0,12.0,165.33333333333334,262.0,0.7633587786259542,5.957293103448279,0.06870229007633588,0.0,6.530534351145038,59.27647399902344
3565,1957.0,13.0,150.53846153846155,273.0,0.7216117216117216,12.629090909090934,0.040293040293040296,0.0,6.1611721611721615,52.3771858215332
3566,1314.0,8.0,164.25,166.0,0.7951807228915663,-1.7241566265059873,0.06626506024096386,0.0,6.921686746987952,62.716835021972656
3567,2015.0,14.0,143.92857142857142,268.0,0.7238805970149254,9.28457711442789,0.055970149253731345,0.0,6.4888059701492535,58.58442687988281
3568,1588.0,13.0,122.15384615384616,185.0,0.8216216216216217,-0.07170042971145563,0.05405405405405406,0.0,7.524324324324325,65.0431137084961
3569,1797.0,14.0,128.35714285714286,238.0,0.7689075630252101,15.500161787365187,0.07142857142857142,0.0,6.512605042016807,58.69997024536133
3570,1592.0,11.0,144.72727272727272,201.0,0.7661691542288557,5.44842537313437,0.04975124378109453,0.0,6.91542288557214,65.0238265991211
3571,1302.0,8.0,162.75,176.0,0.75,4.625689655172465,0.028409090909090908,0.0,6.357954545454546,61.12187194824219
3572,1206.0,9.0,134.0,158.0,0.8037974683544303,14.068387096774245,0.0759493670886076,0.0,6.639240506329114,90.23381042480469
3573,1706.0,11.0,155.0909090909091,222.0,0.7477477477477478,9.152272727272731,0.05405405405405406,0.0,6.68018018018018,53.19071578979492
3574,2262.0,11.0,205.63636363636363,309.0,0.6990291262135923,2.326368421052649,0.025889967637540454,0.0,6.313915857605178,47.95573425292969
3575,1271.0,9.0,141.22222222222223,180.0,0.8388888888888889,28.897500000000008,0.06111111111111111,0.0,6.066666666666666,63.87320327758789
3576,1249.0,12.0,104.08333333333333,179.0,0.7932960893854749,22.537296610169506,0.061452513966480445,0.0,5.983240223463687,49.74484634399414
3577,1412.0,14.0,100.85714285714286,204.0,0.7598039215686274,37.935568312284744,0.04411764705882353,0.0,5.916666666666667,56.05283737182617
3578,1823.0,11.0,165.72727272727272,238.0,0.726890756302521,-2.3582119514472026,0.058823529411764705,0.0,6.626050420168068,46.5416374206543
3579,1194.0,12.0,99.5,160.0,0.83125,19.722500000000025,0.09375,0.0,6.4625,56.25888442993164
3580,1815.0,9.0,201.66666666666666,243.0,0.7160493827160493,0.5377083333333701,0.04938271604938271,0.0,6.436213991769547,50.83250427246094
3581,1366.0,12.0,113.83333333333333,181.0,0.861878453038674,15.92500000000004,0.08287292817679558,0.0055248618784530384,6.552486187845304,68.48564147949219
3582,1927.0,11.0,175.1818181818182,262.0,0.7099236641221374,4.81368146718151,0.0648854961832061,0.0,6.324427480916031,61.29924392700195
3583,1349.0,8.0,168.625,182.0,0.7747252747252747,9.65500000000003,0.07692307692307693,0.0,6.384615384615385,72.07881164550781
3584,1277.0,8.0,159.625,175.0,0.7771428571428571,10.326285714285746,0.09142857142857143,0.0,6.291428571428572,36.03183364868164
3585,2016.0,12.0,168.0,260.0,0.7692307692307693,4.234046511627923,0.05,0.0,6.723076923076923,63.6970100402832
3586,2593.0,17.0,152.52941176470588,347.0,0.7060518731988472,9.989767441860494,0.05763688760806916,0.0,6.443804034582133,58.751441955566406
3587,1665.0,12.0,138.75,224.0,0.78125,14.180283833813263,0.05803571428571429,0.0,6.401785714285714,41.203983306884766
3588,1968.0,13.0,151.3846153846154,256.0,0.75390625,5.678428571428583,0.0546875,0.0,6.64453125,46.716209411621094
3589,2068.0,17.0,121.6470588235294,261.0,0.7701149425287356,2.6707161803713575,0.09961685823754789,0.0,6.923371647509579,43.917991638183594
3590,1901.0,10.0,190.1,253.0,0.7312252964426877,-2.935722441809361,0.06324110671936758,0.0,6.513833992094861,63.581939697265625
3591,1424.0,11.0,129.45454545454547,195.0,0.7846153846153846,19.577884615384647,0.05128205128205128,0.0,6.3076923076923075,87.15599060058594
3592,763.0,6.0,127.16666666666667,116.0,0.8017241379310345,26.48527586206899,0.034482758620689655,0.0,5.551724137931035,67.3988265991211
3593,1123.0,9.0,124.77777777777777,148.0,0.7905405405405406,5.314189189189193,0.02702702702702703,0.0,6.594594594594595,94.17161560058594
3594,1716.0,10.0,171.6,237.0,0.7805907172995781,14.146969696969705,0.05485232067510549,0.0,6.232067510548523,74.04519653320312
3595,1735.0,11.0,157.72727272727272,229.0,0.7510917030567685,1.9718893783651765,0.09170305676855896,0.0,6.576419213973799,46.495323181152344
3596,1992.0,10.0,199.2,260.0,0.7538461538461538,-1.373672243672246,0.06923076923076923,0.0,6.642307692307693,50.70093536376953
3597,1943.0,16.0,121.4375,262.0,0.732824427480916,15.917731660231652,0.05725190839694656,0.019083969465648856,6.408396946564886,34.845584869384766
3598,1325.0,16.0,82.8125,172.0,0.8662790697674418,17.829207188160694,0.06395348837209303,0.0,6.627906976744186,81.59537506103516
3599,2026.0,9.0,225.11111111111111,256.0,0.76953125,-17.1660714285714,0.078125,0.0,6.8984375,52.225032806396484
3600,987.0,8.0,123.375,157.0,0.7388535031847133,42.35152866242041,0.03821656050955414,0.0,5.286624203821656,59.859066009521484
3601,1622.0,10.0,162.2,226.0,0.7522123893805309,17.900000000000006,0.04424778761061947,0.0,6.146017699115045,53.554691314697266
3602,2512.0,12.0,209.33333333333334,331.0,0.6948640483383686,-6.865584415584408,0.0755287009063444,0.0,6.580060422960725,30.618093490600586
3603,1425.0,9.0,158.33333333333334,165.0,0.8545454545454545,-16.62664772727271,0.05454545454545454,0.0,7.642424242424243,69.51976776123047
3604,2146.0,16.0,134.125,286.0,0.7342657342657343,14.269604550379228,0.04895104895104895,0.0,6.451048951048951,54.07870101928711
3605,970.0,7.0,138.57142857142858,141.0,0.8014184397163121,23.38250000000002,0.07092198581560284,0.0,5.886524822695035,56.120418548583984
3606,2116.0,11.0,192.36363636363637,285.0,0.6807017543859649,9.301184210526316,0.056140350877192984,0.0,6.375438596491228,57.3447265625
3607,2216.0,14.0,158.28571428571428,281.0,0.7686832740213523,0.39108870967746157,0.08896797153024912,0.0,6.871886120996441,38.91675567626953
3608,2278.0,14.0,162.71428571428572,289.0,0.726643598615917,3.435982310372566,0.04844290657439446,0.0,6.8788927335640135,47.36576461791992
3609,1114.0,8.0,139.25,154.0,0.7922077922077922,8.712792207792234,0.05194805194805195,0.0,6.240259740259741,56.159820556640625
3610,1821.0,12.0,151.75,254.0,0.7125984251968503,19.755476451259625,0.04330708661417323,0.0,6.165354330708661,57.0085334777832
3611,1796.0,16.0,112.25,241.0,0.7302904564315352,25.346163501770235,0.04564315352697095,0.0,6.443983402489627,66.07977294921875
3612,1126.0,8.0,140.75,162.0,0.7592592592592593,24.589444444444467,0.04938271604938271,0.0,5.95679012345679,55.979862213134766
3613,995.0,8.0,124.375,135.0,0.8074074074074075,16.180000000000035,0.05925925925925926,0.0,6.377777777777778,79.57901763916016
3614,1747.0,9.0,194.11111111111111,234.0,0.717948717948718,3.6077884615384903,0.06837606837606838,0.0,6.44017094017094,51.65138244628906
3615,1447.0,7.0,206.71428571428572,184.0,0.7608695652173914,-3.147101449275368,0.059782608695652176,0.0,6.869565217391305,49.555294036865234
3616,1592.0,12.0,132.66666666666666,210.0,0.7761904761904762,14.581021739130449,0.09047619047619047,0.0,6.552380952380952,48.411827087402344
3617,1425.0,9.0,158.33333333333334,182.0,0.7912087912087912,-1.2606456043955632,0.12637362637362637,0.0,6.835164835164835,61.09698486328125
3618,2275.0,15.0,151.66666666666666,292.0,0.7157534246575342,1.281657824933717,0.07534246575342465,0.0,6.780821917808219,40.69729995727539
3619,2351.0,15.0,156.73333333333332,285.0,0.7614035087719299,-12.816923076923075,0.12631578947368421,0.0,7.245614035087719,23.503902435302734
3620,2009.0,15.0,133.93333333333334,257.0,0.7665369649805448,-0.872239583333311,0.0622568093385214,0.0,6.813229571984436,57.10580062866211
3621,1325.0,9.0,147.22222222222223,178.0,0.7415730337078652,12.199564606741603,0.056179775280898875,0.0,6.438202247191011,62.13495635986328
3622,992.0,8.0,124.0,134.0,0.8059701492537313,18.836343283582096,0.04477611940298507,0.0,6.402985074626866,52.89510726928711
3623,1694.0,11.0,154.0,221.0,0.7918552036199095,7.998636363636365,0.08597285067873303,0.0,6.669683257918552,57.56680679321289
3624,737.0,4.0,184.25,95.0,0.8315789473684211,-8.755087719298245,0.06315789473684211,0.0,6.768421052631579,106.83464813232422
3625,2011.0,12.0,167.58333333333334,272.0,0.7426470588235294,9.916666666666686,0.05514705882352941,0.0,6.389705882352941,79.78948211669922
3626,1822.0,12.0,151.83333333333334,226.0,0.7433628318584071,6.013230519480572,0.10176991150442478,0.0,7.061946902654867,58.35202407836914
3627,2232.0,12.0,186.0,299.0,0.6755852842809364,2.688932806324118,0.06354515050167224,0.0,6.438127090301004,68.17948150634766
3628,2113.0,13.0,162.53846153846155,272.0,0.7426470588235294,-2.9299999999999784,0.09191176470588236,0.0,6.7463235294117645,52.72794723510742
3629,2234.0,15.0,148.93333333333334,306.0,0.7124183006535948,19.74738372093026,0.06535947712418301,0.0,6.294117647058823,41.47512435913086
3630,2095.0,14.0,149.64285714285714,284.0,0.7429577464788732,11.458542408066478,0.07042253521126761,0.0,6.366197183098592,45.94310760498047
3631,1155.0,7.0,165.0,149.0,0.8322147651006712,-0.06210850111855848,0.040268456375838924,0.0,6.758389261744966,57.86915969848633
3632,1305.0,9.0,145.0,165.0,0.806060606060606,-3.295738636363609,0.10303030303030303,0.0,6.915151515151515,73.4908676147461
3633,1311.0,8.0,163.875,159.0,0.8553459119496856,-8.299245283018877,0.031446540880503145,0.0,7.251572327044025,68.27702331542969
3634,1771.0,12.0,147.58333333333334,223.0,0.7309417040358744,7.769738480697384,0.05829596412556054,0.0,6.946188340807175,61.01418685913086
3635,714.0,5.0,142.8,98.0,0.826530612244898,25.71647959183676,0.061224489795918366,0.0,6.26530612244898,44.38579177856445
3636,1676.0,12.0,139.66666666666666,220.0,0.7818181818181819,10.984168412232947,0.05909090909090909,0.0,6.618181818181818,73.55719757080078
3637,1484.0,11.0,134.9090909090909,190.0,0.7736842105263158,2.4040643274854006,0.03684210526315789,0.0,6.7894736842105265,63.989410400390625
3638,2385.0,20.0,119.25,313.0,0.7412140575079872,15.842521237864105,0.06070287539936102,0.0,6.600638977635783,48.02882766723633
3639,944.0,7.0,134.85714285714286,130.0,0.8769230769230769,15.156686046511652,0.06923076923076923,0.0,6.269230769230769,81.20343017578125
3640,1226.0,6.0,204.33333333333334,159.0,0.7924528301886793,-2.0910566037735805,0.0880503144654088,0.0,6.6918238993710695,55.789276123046875
3641,2475.0,33.0,75.0,339.0,0.7168141592920354,19.855913824524862,0.05014749262536873,0.0,6.262536873156342,36.21284484863281
3642,2157.0,13.0,165.92307692307693,288.0,0.7152777777777778,14.627383449883467,0.06944444444444445,0.0,6.486111111111111,63.356319427490234
3643,2245.0,12.0,187.08333333333334,284.0,0.7535211267605634,0.5668618570041986,0.07042253521126761,0.0,6.873239436619718,47.61203384399414
3644,1265.0,7.0,180.71428571428572,155.0,0.8451612903225807,-9.658387096774163,0.06451612903225806,0.0,7.148387096774194,55.17586898803711
3645,1522.0,9.0,169.11111111111111,211.0,0.7203791469194313,15.675749407582941,0.03317535545023697,0.0,6.218009478672986,65.75141143798828
3646,1921.0,16.0,120.0625,250.0,0.8,19.026333333333355,0.072,0.0,6.648,31.503835678100586
3647,1784.0,11.0,162.1818181818182,239.0,0.7615062761506276,15.721272151898745,0.06276150627615062,0.0,6.430962343096234,43.54074478149414
3648,1337.0,15.0,89.13333333333334,188.0,0.7978723404255319,17.5332991803279,0.09574468085106383,0.0,6.117021276595745,44.533470153808594
3649,1308.0,9.0,145.33333333333334,170.0,0.7647058823529411,-1.3275850591715823,0.058823529411764705,0.0,6.676470588235294,53.77593994140625
3650,1356.0,12.0,113.0,174.0,0.7586206896551724,9.27744827586207,0.06321839080459771,0.0,6.7988505747126435,41.73204040527344
3651,1527.0,11.0,138.8181818181818,210.0,0.7714285714285715,24.112409090909125,0.04285714285714286,0.0,6.228571428571429,41.46209716796875
3652,1199.0,7.0,171.28571428571428,149.0,0.825503355704698,-13.688954138702456,0.11409395973154363,0.0,7.053691275167785,40.14836502075195
3653,1508.0,12.0,125.66666666666667,208.0,0.7884615384615384,16.73783422459897,0.0673076923076923,0.0,6.2548076923076925,53.44597625732422
3654,1430.0,10.0,143.0,191.0,0.7853403141361257,14.529523809523823,0.06806282722513089,0.0,6.492146596858639,58.693336486816406
3655,1925.0,9.0,213.88888888888889,269.0,0.6914498141263941,11.053580390334588,0.04460966542750929,0.0,6.118959107806692,60.928131103515625
3656,1371.0,17.0,80.6470588235294,194.0,0.7474226804123711,20.950579943616617,0.05670103092783505,0.0,6.030927835051546,85.98846435546875
3657,1344.0,17.0,79.05882352941177,192.0,0.8072916666666666,20.950579943616617,0.11458333333333333,0.0,5.989583333333333,52.44099807739258
3658,2748.0,37.0,74.27027027027027,378.0,0.701058201058201,13.027317073170764,0.0582010582010582,0.0,6.224867724867725,19.928085327148438
3659,1157.0,9.0,128.55555555555554,164.0,0.7926829268292683,13.216524390243933,0.054878048780487805,0.0,6.054878048780488,64.5227279663086
3660,2307.0,11.0,209.72727272727272,303.0,0.7227722772277227,-0.35296488294312667,0.036303630363036306,0.0,6.590759075907591,44.555233001708984
3661,2279.0,12.0,189.91666666666666,314.0,0.6847133757961783,3.225641625255804,0.025477707006369428,0.0,6.251592356687898,48.44393539428711
3662,2333.0,15.0,155.53333333333333,296.0,0.7297297297297297,-6.613492935635776,0.07094594594594594,0.0,6.875,40.95914077758789
3663,1161.0,8.0,145.125,159.0,0.7861635220125787,19.90075471698114,0.050314465408805034,0.0,6.289308176100629,61.19150924682617
3664,2297.0,13.0,176.69230769230768,296.0,0.6891891891891891,3.1665765765766025,0.057432432432432436,0.0,6.75,47.313655853271484
3665,1767.0,12.0,147.25,234.0,0.7521367521367521,4.112412587412621,0.06837606837606838,0.0,6.555555555555555,70.7888412475586
3666,1225.0,11.0,111.36363636363636,171.0,0.8011695906432749,22.362857142857166,0.0935672514619883,0.0,6.152046783625731,42.99886703491211
3667,2124.0,14.0,151.71428571428572,284.0,0.6936619718309859,11.886505958829929,0.05985915492957746,0.0,6.471830985915493,64.52703094482422
3668,1325.0,8.0,165.625,178.0,0.8089887640449438,15.151966292134858,0.07865168539325842,0.0,6.449438202247191,65.94062042236328
3669,1808.0,17.0,106.3529411764706,237.0,0.8059071729957806,16.385418454935603,0.08438818565400844,0.0,6.624472573839663,55.972869873046875
3670,1451.0,16.0,90.6875,202.0,0.7821782178217822,15.264272727272754,0.08415841584158416,0.0,6.188118811881188,39.66575241088867
3671,1090.0,7.0,155.71428571428572,148.0,0.8040540540540541,14.313198198198222,0.0472972972972973,0.0,6.371621621621622,65.86262512207031
3672,2491.0,15.0,166.06666666666666,321.0,0.7383177570093458,-1.0261783439489989,0.06230529595015576,0.0,6.753894080996885,37.79408264160156
3673,1786.0,9.0,198.44444444444446,219.0,0.8127853881278538,-23.398061926605493,0.0684931506849315,0.0,7.159817351598173,59.767967224121094
3674,1731.0,9.0,192.33333333333334,229.0,0.7467248908296943,-2.71892896475768,0.056768558951965066,0.0,6.563318777292577,38.36593246459961
3675,1685.0,11.0,153.1818181818182,228.0,0.75,16.08524889867843,0.05263157894736842,0.0,6.394736842105263,64.40281677246094
3676,1488.0,12.0,124.0,216.0,0.6759259259259259,25.256220930232587,0.06944444444444445,0.0,5.893518518518518,33.18471145629883
3677,1873.0,16.0,117.0625,251.0,0.7689243027888446,18.19384615384618,0.07171314741035857,0.0,6.45816733067729,46.88849639892578
3678,2228.0,13.0,171.3846153846154,297.0,0.7239057239057239,8.5209090909091,0.09764309764309764,0.0,6.484848484848484,57.02427673339844
3679,2106.0,10.0,210.6,274.0,0.7408759124087592,-7.28792537925375,0.06569343065693431,0.0,6.682481751824818,45.94596481323242
3680,1222.0,10.0,122.2,168.0,0.7916666666666666,11.778949129852748,0.047619047619047616,0.0,6.279761904761905,51.5284423828125
3681,2195.0,12.0,182.91666666666666,274.0,0.7554744525547445,-2.7769243530192114,0.06204379562043796,0.0,6.981751824817518,44.663429260253906
3682,2109.0,26.0,81.11538461538461,310.0,0.6806451612903226,32.311765389082495,0.04516129032258064,0.0,5.741935483870968,28.62158203125
3683,1952.0,14.0,139.42857142857142,266.0,0.7481203007518797,9.66195292620867,0.07142857142857142,0.0,6.30827067669173,55.70567321777344
3684,2053.0,10.0,205.3,259.0,0.7297297297297297,-10.192977262977223,0.08108108108108109,0.0,6.93050193050193,43.99536895751953
3685,873.0,6.0,145.5,117.0,0.7777777777777778,21.11476923076924,0.05128205128205128,0.0,6.47008547008547,55.946956634521484
3686,1068.0,7.0,152.57142857142858,132.0,0.8560606060606061,3.768636363636375,0.06818181818181818,0.0,7.098484848484849,93.95964050292969
3687,2130.0,13.0,163.84615384615384,272.0,0.7352941176470589,2.264166666666654,0.10661764705882353,0.0,6.827205882352941,36.85951614379883
3688,1372.0,9.0,152.44444444444446,159.0,0.8679245283018868,-18.18718160377358,0.050314465408805034,0.0,7.622641509433962,50.2215461730957
3689,1779.0,12.0,148.25,254.0,0.7007874015748031,15.53001073729422,0.03937007874015748,0.0,5.996062992125984,60.154415130615234
3690,1225.0,8.0,153.125,170.0,0.7588235294117647,10.994411764705916,0.047058823529411764,0.0,6.182352941176471,51.531795501708984
3691,1206.0,8.0,150.75,167.0,0.7305389221556886,10.887065868263477,0.041916167664670656,0.0,6.227544910179641,43.07581329345703
3692,2113.0,9.0,234.77777777777777,270.0,0.7666666666666667,-14.935007022471865,0.07037037037037037,0.0,6.814814814814815,44.60419464111328
3693,1569.0,8.0,196.125,215.0,0.7953488372093023,10.885566037735884,0.07906976744186046,0.0,6.274418604651163,95.07010650634766
3694,1947.0,14.0,139.07142857142858,261.0,0.7854406130268199,17.921025641025636,0.06513409961685823,0.0,6.444444444444445,47.05131530761719
3695,1584.0,11.0,144.0,211.0,0.7535545023696683,10.23035808320168,0.052132701421800945,0.0,6.483412322274882,44.32594680786133
3696,1625.0,13.0,125.0,194.0,0.8041237113402062,4.861525773195893,0.05154639175257732,0.0,7.335051546391752,49.32670593261719
3697,1276.0,11.0,116.0,178.0,0.8146067415730337,27.94259090909094,0.05056179775280899,0.0,6.174157303370786,60.37994384765625
3698,2091.0,14.0,149.35714285714286,266.0,0.7105263157894737,-0.7418474842766898,0.08646616541353383,0.0,6.857142857142857,59.13855743408203
3699,912.0,7.0,130.28571428571428,117.0,0.8547008547008547,12.08304347826089,0.06837606837606838,0.0,6.803418803418803,78.90775299072266
3700,2163.0,10.0,216.3,289.0,0.7162629757785467,5.380555555555588,0.031141868512110725,0.0,6.460207612456747,40.646854400634766
3701,1816.0,15.0,121.06666666666666,227.0,0.762114537444934,11.083750000000009,0.1013215859030837,0.0,6.986784140969163,51.74820327758789
3702,842.0,8.0,105.25,110.0,0.8272727272727273,12.516238532110123,0.02727272727272727,0.0,6.663636363636364,64.54761505126953
3703,1309.0,8.0,163.625,175.0,0.8114285714285714,11.77657142857143,0.06857142857142857,0.0,6.462857142857143,57.355552673339844
3704,2031.0,10.0,203.1,268.0,0.6865671641791045,-5.721783625730978,0.04477611940298507,0.0,6.5559701492537314,45.52784729003906
3705,1207.0,8.0,150.875,161.0,0.7763975155279503,7.458944099378897,0.049689440993788817,0.0,6.46583850931677,45.03662872314453
3706,2171.0,14.0,155.07142857142858,288.0,0.7013888888888888,5.587287449392733,0.059027777777777776,0.0,6.517361111111111,69.95504760742188
3707,1518.0,10.0,151.8,195.0,0.7846153846153846,-0.4089743589743762,0.08717948717948718,0.0,6.779487179487179,48.3594970703125
3708,753.0,5.0,150.6,106.0,0.7547169811320755,5.948820754716962,0.0660377358490566,0.0,6.113207547169812,45.33930206298828
3709,1677.0,13.0,129.0,219.0,0.7625570776255708,9.965000000000003,0.0639269406392694,0.0,6.6255707762557075,61.05373764038086
3710,2116.0,16.0,132.25,284.0,0.7288732394366197,11.953000000000031,0.0528169014084507,0.0,6.447183098591549,49.177330017089844
3711,2013.0,17.0,118.41176470588235,256.0,0.7578125,13.786249343832054,0.08984375,0.0,6.83984375,45.5958137512207
3712,1886.0,14.0,134.71428571428572,259.0,0.694980694980695,28.883245192307726,0.05405405405405406,0.0,6.277992277992278,57.86185073852539
3713,1197.0,10.0,119.7,163.0,0.8159509202453987,31.70866394001368,0.06748466257668712,0.0,6.3496932515337425,81.63813781738281
3714,1664.0,13.0,128.0,230.0,0.7260869565217392,19.35575000000003,0.030434782608695653,0.0,6.239130434782608,49.085365295410156
3715,1705.0,13.0,131.15384615384616,224.0,0.8169642857142857,5.257873376623394,0.049107142857142856,0.0,6.607142857142857,81.04196166992188
3716,1412.0,8.0,176.5,185.0,0.7837837837837838,3.9505405405405725,0.07567567567567568,0.0,6.6378378378378375,62.98296356201172
3717,1542.0,16.0,96.375,212.0,0.7877358490566038,16.44798913043479,0.05660377358490566,0.0,6.278301886792453,44.11236572265625
3718,1449.0,10.0,144.9,186.0,0.7634408602150538,0.2841397849462908,0.04838709677419355,0.0,6.790322580645161,52.87890625
3719,1083.0,6.0,180.5,138.0,0.8405797101449275,7.168826086956528,0.057971014492753624,0.0,6.855072463768116,61.25775146484375
3720,1765.0,10.0,176.5,236.0,0.7584745762711864,5.8945842274678455,0.07203389830508475,0.0,6.4576271186440675,54.68092727661133
3721,1958.0,13.0,150.6153846153846,267.0,0.7228464419475655,16.588950786056074,0.06741573033707865,0.0,6.303370786516854,47.29238510131836
3722,1872.0,10.0,187.2,252.0,0.7142857142857143,7.536428571428615,0.047619047619047616,0.0,6.396825396825397,59.90755081176758
3723,1843.0,11.0,167.54545454545453,256.0,0.6875,17.599437500000022,0.046875,0.0,6.16796875,50.66733169555664
3724,1157.0,8.0,144.625,159.0,0.7672955974842768,3.4064150943396214,0.0440251572327044,0.0,6.283018867924528,49.404762268066406
3725,858.0,6.0,143.0,117.0,0.8547008547008547,3.760923076923092,0.05982905982905983,0.0,6.3418803418803416,65.3314437866211
3726,1777.0,10.0,177.7,232.0,0.7543103448275862,11.070024260067953,0.05603448275862069,0.0,6.612068965517241,87.1103286743164
3727,949.0,7.0,135.57142857142858,130.0,0.7923076923076923,18.8971794871795,0.03076923076923077,0.0,6.3076923076923075,49.74872589111328
3728,1436.0,8.0,179.5,174.0,0.7931034482758621,-2.060813953488349,0.04597701149425287,0.0,7.224137931034483,57.509437561035156
3729,2008.0,11.0,182.54545454545453,256.0,0.734375,2.861086614173246,0.05078125,0.0,6.83984375,61.815940856933594
3730,1117.0,8.0,139.625,165.0,0.7393939393939394,26.52818181818182,0.04242424242424243,0.0,5.775757575757575,47.08385467529297
3731,856.0,9.0,95.11111111111111,123.0,0.8048780487804879,30.357043067226897,0.04065040650406504,0.0,5.967479674796748,56.09952163696289
3732,1252.0,6.0,208.66666666666666,176.0,0.7954545454545454,6.460857142857151,0.056818181818181816,0.0,6.119318181818182,45.4322395324707
3733,1197.0,11.0,108.81818181818181,162.0,0.8580246913580247,20.669777777777796,0.043209876543209874,0.0,6.395061728395062,75.77655029296875
3734,1157.0,11.0,105.18181818181819,158.0,0.8291139240506329,25.177338709677457,0.06962025316455696,0.0,6.329113924050633,104.00691223144531
3735,854.0,7.0,122.0,128.0,0.7890625,27.21760416666669,0.046875,0.0,5.6796875,41.09602355957031
3736,1880.0,10.0,188.0,264.0,0.7348484848484849,17.475303030303024,0.045454545454545456,0.0,6.117424242424242,61.120384216308594
3737,2090.0,12.0,174.16666666666666,267.0,0.7640449438202247,-8.17480569049269,0.056179775280898875,0.0,6.823970037453184,35.70985794067383
3738,1818.0,13.0,139.84615384615384,243.0,0.7530864197530864,16.6053198653199,0.06172839506172839,0.0,6.469135802469136,56.217559814453125
3739,1361.0,9.0,151.22222222222223,161.0,0.8136645962732919,-17.472620341614885,0.08074534161490683,0.0,7.459627329192546,53.708683013916016
3740,1933.0,12.0,161.08333333333334,234.0,0.7735042735042735,-9.36269230769227,0.1452991452991453,0.0,7.235042735042735,42.920902252197266
3741,2374.0,18.0,131.88888888888889,323.0,0.739938080495356,13.369375000000048,0.04643962848297214,0.0,6.340557275541796,65.19190216064453
3742,2382.0,12.0,198.5,304.0,0.6776315789473685,-5.443540669856446,0.05921052631578947,0.0,6.8256578947368425,65.00237274169922
3743,1939.0,11.0,176.27272727272728,237.0,0.7552742616033755,-12.99835216572501,0.08016877637130802,0.0,7.177215189873418,46.806182861328125
3744,1373.0,8.0,171.625,185.0,0.8378378378378378,14.63326086956522,0.05945945945945946,0.0,6.427027027027027,96.06727600097656
3745,1723.0,20.0,86.15,216.0,0.8287037037037037,4.715438282647597,0.06018518518518518,0.0,6.930555555555555,55.470829010009766
3746,1262.0,7.0,180.28571428571428,172.0,0.7267441860465116,6.570891472868226,0.0755813953488372,0.0,6.343023255813954,43.57456970214844
3747,1146.0,6.0,191.0,147.0,0.8095238095238095,0.31236734693882795,0.05442176870748299,0.0,6.802721088435374,62.822731018066406
3748,1151.0,10.0,115.1,159.0,0.8113207547169812,19.816111111111127,0.03773584905660377,0.0,6.245283018867925,75.9006576538086
3749,1737.0,12.0,144.75,227.0,0.801762114537445,14.617636363636393,0.09251101321585903,0.0,6.638766519823789,63.744346618652344
3750,1791.0,10.0,179.1,238.0,0.7647058823529411,6.000800376647874,0.06722689075630252,0.0,6.504201680672269,72.81895446777344
3751,1722.0,10.0,172.2,238.0,0.7184873949579832,7.172222222222246,0.0546218487394958,0.0,6.214285714285714,50.323890686035156
3752,1439.0,9.0,159.88888888888889,186.0,0.7849462365591398,-0.8388627049180002,0.05913978494623656,0.0,6.741935483870968,83.70020294189453
3753,1512.0,10.0,151.2,185.0,0.8378378378378378,1.8160979729730116,0.08108108108108109,0.0,7.178378378378379,53.00556945800781
3754,2001.0,13.0,153.92307692307693,259.0,0.7760617760617761,-1.2550845665961674,0.07335907335907337,0.0,6.714285714285714,63.24967575073242
3755,2271.0,12.0,189.25,300.0,0.7166666666666667,-2.588181818181795,0.08,0.0,6.543333333333333,54.92104721069336
3756,1134.0,7.0,162.0,142.0,0.7887323943661971,-0.685258215962449,0.07746478873239436,0.0,6.992957746478873,45.31294250488281
3757,1975.0,16.0,123.4375,255.0,0.7803921568627451,14.054969230769245,0.06274509803921569,0.0,6.7176470588235295,62.459754943847656
3758,685.0,5.0,137.0,103.0,0.8155339805825242,23.81913834951459,0.07766990291262135,0.0,5.660194174757281,72.69856262207031
3759,1473.0,8.0,184.125,189.0,0.7619047619047619,-0.9604761904761574,0.06349206349206349,0.0,6.798941798941799,68.25257110595703
3760,2353.0,13.0,181.0,300.0,0.7633333333333333,-1.73363636363635,0.06333333333333334,0.0,6.836666666666667,54.355167388916016
3761,1165.0,8.0,145.625,158.0,0.7784810126582279,13.654113924050648,0.03164556962025317,0.0,6.379746835443038,61.91143035888672
3762,2098.0,22.0,95.36363636363636,300.0,0.6733333333333333,24.944060606060617,0.03666666666666667,0.0033333333333333335,5.943333333333333,37.91764450073242
3763,1285.0,9.0,142.77777777777777,173.0,0.7803468208092486,6.394295520231253,0.028901734104046242,0.0,6.433526011560693,94.27023315429688
3764,1827.0,10.0,182.7,246.0,0.7276422764227642,4.916402550091078,0.04065040650406504,0.0,6.4227642276422765,53.42546463012695
3765,1442.0,11.0,131.0909090909091,215.0,0.7348837209302326,30.145775700934593,0.05581395348837209,0.0,5.702325581395349,35.49152755737305
3766,2153.0,11.0,195.72727272727272,273.0,0.7765567765567766,-4.23164760147597,0.08791208791208792,0.0,6.882783882783883,44.73180389404297
3767,2021.0,11.0,183.72727272727272,263.0,0.7300380228136882,2.067637931034511,0.07984790874524715,0.0,6.653992395437262,42.76573944091797
3768,2149.0,12.0,179.08333333333334,268.0,0.7425373134328358,-12.676140651801006,0.11194029850746269,0.0,7.003731343283582,44.59468078613281
3769,1867.0,11.0,169.72727272727272,244.0,0.7540983606557377,6.703833333333364,0.05327868852459016,0.0,6.618852459016393,74.91300964355469
3770,1179.0,8.0,147.375,171.0,0.7660818713450293,18.992455089820368,0.04093567251461988,0.0,5.900584795321637,56.55575180053711
3771,2245.0,12.0,187.08333333333334,302.0,0.7185430463576159,9.953181818181832,0.03642384105960265,0.0,6.3841059602649,60.939605712890625
3772,1639.0,18.0,91.05555555555556,209.0,0.7799043062200957,20.410229773462788,0.08133971291866028,0.0,6.794258373205742,49.97002029418945
3773,2140.0,14.0,152.85714285714286,282.0,0.7624113475177305,10.090248138957833,0.07801418439716312,0.0,6.560283687943262,53.279693603515625
3774,1971.0,16.0,123.1875,283.0,0.6855123674911661,31.71374555160142,0.053003533568904596,0.0,5.96113074204947,40.23006057739258
3775,1966.0,12.0,163.83333333333334,263.0,0.7262357414448669,5.184090909090912,0.08745247148288973,0.0,6.4562737642585555,32.15208053588867
3776,1209.0,11.0,109.9090909090909,157.0,0.8089171974522293,6.996404812455779,0.050955414012738856,0.0,6.707006369426751,45.875221252441406
3777,1523.0,14.0,108.78571428571429,198.0,0.797979797979798,15.501249999999999,0.06565656565656566,0.0,6.661616161616162,68.31958770751953
3778,2296.0,15.0,153.06666666666666,312.0,0.7019230769230769,13.509230769230783,0.057692307692307696,0.0,6.3493589743589745,57.61631774902344
3779,1136.0,8.0,142.0,149.0,0.8657718120805369,3.5993243243243285,0.0738255033557047,0.0,6.630872483221476,78.88265991210938
3780,1359.0,9.0,151.0,170.0,0.7941176470588235,-7.820808823529376,0.052941176470588235,0.0,7.0,67.3745346069336
3781,1651.0,16.0,103.1875,213.0,0.7934272300469484,10.483538732394408,0.06103286384976526,0.0,6.699530516431925,50.882835388183594
3782,1814.0,9.0,201.55555555555554,241.0,0.7468879668049793,-2.419883298755167,0.07883817427385892,0.0,6.531120331950207,36.81291198730469
3783,1350.0,9.0,150.0,165.0,0.8484848484848485,-3.80846590909087,0.048484848484848485,0.0,7.151515151515151,77.28905487060547
3784,1624.0,9.0,180.44444444444446,210.0,0.780952380952381,0.5169642857143231,0.047619047619047616,0.0,6.738095238095238,66.82717895507812
3785,1360.0,7.0,194.28571428571428,190.0,0.7157894736842105,14.39859649122809,0.05789473684210526,0.0,6.163157894736842,60.87379837036133
3786,1505.0,7.0,215.0,193.0,0.8290155440414507,-2.904322107081157,0.05181347150259067,0.0,6.803108808290156,59.3004150390625
3787,1335.0,13.0,102.6923076923077,190.0,0.7947368421052632,25.78333333333336,0.06315789473684211,0.0,6.031578947368421,60.486507415771484
3788,1382.0,7.0,197.42857142857142,182.0,0.7252747252747253,-9.422564102564081,0.06043956043956044,0.0,6.582417582417582,49.02487564086914
3789,1729.0,11.0,157.1818181818182,235.0,0.723404255319149,8.089966618979531,0.06808510638297872,0.0,6.348936170212766,58.6846923828125
3790,1227.0,7.0,175.28571428571428,169.0,0.7218934911242604,5.54169132149903,0.05325443786982249,0.0,6.266272189349112,70.43358612060547
3791,1875.0,9.0,208.33333333333334,233.0,0.7553648068669528,-7.176660407725308,0.0815450643776824,0.0,7.021459227467811,67.28623962402344
3792,1771.0,10.0,177.1,239.0,0.7615062761506276,8.51012241054616,0.0502092050209205,0.0,6.410041841004184,55.03125
3793,2021.0,22.0,91.86363636363636,259.0,0.752895752895753,18.07077704102781,0.06177606177606178,0.0,6.772200772200772,48.77226257324219
3794,1173.0,7.0,167.57142857142858,153.0,0.869281045751634,8.987794117647098,0.0784313725490196,0.0,6.673202614379085,57.655128479003906
3795,2383.0,16.0,148.9375,305.0,0.7245901639344262,3.9262071591774657,0.07213114754098361,0.0,6.80655737704918,52.53981399536133
3796,1286.0,12.0,107.16666666666667,184.0,0.8097826086956522,31.69160079051386,0.05434782608695652,0.0,5.994565217391305,68.80596160888672
3797,1940.0,9.0,215.55555555555554,249.0,0.7550200803212851,-7.535483870967738,0.11244979919678715,0.0,6.795180722891566,34.31216812133789
3798,2011.0,12.0,167.58333333333334,270.0,0.7222222222222222,4.4431256384065705,0.05185185185185185,0.0,6.411111111111111,62.11297607421875
3799,1250.0,7.0,178.57142857142858,161.0,0.7639751552795031,-3.2629451345755456,0.049689440993788817,0.0,6.770186335403727,50.411109924316406
3800,1269.0,9.0,141.0,169.0,0.8047337278106509,26.391428571428605,0.08284023668639054,0.0,6.514792899408284,42.7877082824707
3801,1266.0,9.0,140.66666666666666,172.0,0.7674418604651163,18.76366279069771,0.05813953488372093,0.0,6.366279069767442,65.24934387207031
3802,2208.0,17.0,129.88235294117646,291.0,0.7353951890034365,14.802701149425303,0.06872852233676977,0.0,6.580756013745704,50.223018646240234
3803,2028.0,16.0,126.75,276.0,0.7608695652173914,13.24955882352944,0.08333333333333333,0.0,6.344202898550725,40.700252532958984
3804,2257.0,19.0,118.78947368421052,293.0,0.7440273037542662,9.254605263157941,0.07508532423208192,0.0,6.675767918088737,37.07786560058594
3805,1365.0,8.0,170.625,178.0,0.7921348314606742,5.171067415730363,0.0898876404494382,0.0,6.640449438202247,46.708683013916016
3806,1141.0,7.0,163.0,148.0,0.7837837837837838,1.7375225225225392,0.033783783783783786,0.0,6.716216216216216,53.630191802978516
3807,997.0,6.0,166.16666666666666,137.0,0.8102189781021898,16.616700729927032,0.072992700729927,0.0,6.2846715328467155,77.80436706542969
3808,2100.0,12.0,175.0,294.0,0.6700680272108843,12.331514117282069,0.061224489795918366,0.0,6.136054421768708,37.54741287231445
3809,2208.0,14.0,157.71428571428572,286.0,0.7587412587412588,6.942528173191022,0.07692307692307693,0.0,6.671328671328672,44.314849853515625
3810,1835.0,10.0,183.5,248.0,0.7379032258064516,0.8736257309941777,0.036290322580645164,0.0,6.375,63.393280029296875
3811,1779.0,11.0,161.72727272727272,232.0,0.7758620689655172,11.169758620689691,0.07327586206896551,0.0,6.633620689655173,65.95693969726562
3812,2330.0,20.0,116.5,315.0,0.6793650793650794,16.295226244343922,0.06031746031746032,0.0,6.390476190476191,52.769046783447266
3813,2028.0,20.0,101.4,278.0,0.737410071942446,28.561796163069573,0.050359712230215826,0.0,6.244604316546763,71.18029022216797
3814,1841.0,20.0,92.05,255.0,0.6980392156862745,25.93234807312254,0.06274509803921569,0.0,6.215686274509804,45.143150329589844
3815,874.0,9.0,97.11111111111111,114.0,0.8333333333333334,18.71861842105264,0.09649122807017543,0.0,6.675438596491228,18.87800407409668
3816,1456.0,11.0,132.36363636363637,181.0,0.8232044198895028,-4.106665745856333,0.06629834254143646,0.0,7.0497237569060776,64.9056396484375
3817,2309.0,18.0,128.27777777777777,323.0,0.7337461300309598,14.723314524555917,0.04024767801857585,0.0,6.123839009287925,48.908897399902344
3818,1877.0,12.0,156.41666666666666,248.0,0.7661290322580645,4.1348469387755244,0.036290322580645164,0.0,6.57258064516129,73.25323486328125
3819,1457.0,13.0,112.07692307692308,181.0,0.7900552486187845,4.574520341536953,0.08839779005524862,0.0,7.005524861878453,63.17449951171875
3820,1869.0,12.0,155.75,249.0,0.7429718875502008,-0.25831378299116636,0.040160642570281124,0.0,6.473895582329317,72.13330841064453
3821,1342.0,10.0,134.2,169.0,0.8224852071005917,-1.4545238095237778,0.07100591715976332,0.0,6.946745562130178,57.31544876098633
3822,1031.0,6.0,171.83333333333334,146.0,0.7397260273972602,13.791520547945225,0.0410958904109589,0.0,6.068493150684931,41.952667236328125
3823,2035.0,12.0,169.58333333333334,267.0,0.7078651685393258,5.520840480274472,0.052434456928838954,0.0,6.617977528089888,66.55585479736328
3824,1141.0,7.0,163.0,159.0,0.8050314465408805,8.609198113207555,0.07547169811320754,0.0,6.182389937106918,72.44770812988281
3825,2213.0,12.0,184.41666666666666,293.0,0.7372013651877133,-0.26378631677599174,0.04778156996587031,0.0,6.546075085324232,64.7467269897461
3826,1663.0,11.0,151.1818181818182,204.0,0.7303921568627451,-5.890682266009833,0.08333333333333333,0.0,7.112745098039215,59.18391799926758
3827,1091.0,11.0,99.18181818181819,142.0,0.8732394366197183,10.735000000000014,0.07746478873239436,0.0,6.690140845070423,64.18572998046875
3828,802.0,5.0,160.4,103.0,0.8737864077669902,1.6424393203883767,0.14563106796116504,0.0,6.796116504854369,52.89214324951172
3829,1541.0,9.0,171.22222222222223,219.0,0.7397260273972602,22.597320205479463,0.0410958904109589,0.0,6.031963470319635,45.38031768798828
3830,2069.0,11.0,188.0909090909091,275.0,0.7345454545454545,4.185045454545474,0.04727272727272727,0.0,6.52,49.36354064941406
3831,2038.0,11.0,185.27272727272728,271.0,0.7527675276752768,11.514286898839146,0.06642066420664207,0.0,6.516605166051661,54.196956634521484
3832,2147.0,13.0,165.15384615384616,278.0,0.7266187050359713,-1.4067462393721257,0.07194244604316546,0.0,6.683453237410072,52.87110137939453
3833,1359.0,10.0,135.9,178.0,0.8089887640449438,4.119789325842703,0.05056179775280899,0.0,6.623595505617978,49.4238395690918
3834,1056.0,7.0,150.85714285714286,145.0,0.8275862068965517,17.18997126436784,0.07586206896551724,0.0,6.289655172413793,75.1143569946289
3835,1833.0,10.0,183.3,260.0,0.6961538461538461,18.399700854700882,0.05384615384615385,0.0,6.023076923076923,51.265750885009766
3836,2335.0,14.0,166.78571428571428,308.0,0.7272727272727273,2.6836407103825195,0.06818181818181818,0.0,6.574675324675325,55.952186584472656
3837,1386.0,9.0,154.0,181.0,0.7679558011049724,11.398801795580141,0.0718232044198895,0.0,6.629834254143646,52.02260208129883
3838,1422.0,9.0,158.0,181.0,0.7955801104972375,6.257365331491741,0.06077348066298342,0.0,6.861878453038674,51.884403228759766
3839,1766.0,10.0,176.6,243.0,0.7283950617283951,1.679621945597063,0.0823045267489712,0.0,6.271604938271605,29.510217666625977
3840,1360.0,10.0,136.0,174.0,0.8275862068965517,1.9449568965517585,0.08045977011494253,0.0,6.82183908045977,60.66929626464844
3841,1593.0,13.0,122.53846153846153,212.0,0.8018867924528302,16.179385860979465,0.05188679245283019,0.0,6.518867924528302,65.2484130859375
3842,1286.0,11.0,116.9090909090909,164.0,0.8475609756097561,14.4624440993789,0.08536585365853659,0.0,6.841463414634147,147.93251037597656
3843,1427.0,9.0,158.55555555555554,193.0,0.8134715025906736,15.339834844559618,0.06217616580310881,0.0,6.367875647668394,48.409019470214844
3844,2052.0,11.0,186.54545454545453,275.0,0.7490909090909091,-0.7976992619925625,0.05090909090909091,0.0,6.432727272727273,65.88460540771484
3845,2231.0,11.0,202.8181818181818,271.0,0.7712177121771218,-7.97777306273062,0.11808118081180811,0.0,7.180811808118081,40.32576370239258
3846,2083.0,11.0,189.36363636363637,276.0,0.6956521739130435,-1.461231884057952,0.06521739130434782,0.0,6.52536231884058,63.052284240722656
3847,1685.0,10.0,168.5,228.0,0.7587719298245614,16.00324561403511,0.06578947368421052,0.0,6.394736842105263,46.649627685546875
3848,1590.0,13.0,122.3076923076923,201.0,0.8059701492537313,1.0771144278607494,0.0945273631840796,0.0,6.91542288557214,57.460670471191406
3849,1396.0,9.0,155.11111111111111,194.0,0.7628865979381443,16.07382731958765,0.061855670103092786,0.0,6.185567010309279,64.65296936035156
3850,1549.0,9.0,172.11111111111111,210.0,0.8095238095238095,5.351250000000022,0.0380952380952381,0.0,6.380952380952381,82.94953918457031
3851,1442.0,8.0,180.25,191.0,0.7329842931937173,9.05413612565448,0.06806282722513089,0.0,6.554973821989528,65.93143463134766
3852,2003.0,11.0,182.0909090909091,271.0,0.6863468634686347,0.5166666666667084,0.04059040590405904,0.0,6.387453874538745,49.48592758178711
3853,1102.0,9.0,122.44444444444444,143.0,0.8391608391608392,16.533833041958047,0.06993006993006994,0.0,6.6923076923076925,80.09214782714844
3854,1770.0,11.0,160.9090909090909,216.0,0.8287037037037037,-14.56766874350987,0.07407407407407407,0.0,7.180555555555555,32.37135696411133
3855,2082.0,13.0,160.15384615384616,259.0,0.7258687258687259,-13.401269897417762,0.06177606177606178,0.0,7.030888030888031,43.23577880859375
3856,1049.0,7.0,149.85714285714286,132.0,0.8560606060606061,-0.0768181818181688,0.09090909090909091,0.0,6.954545454545454,54.41439437866211
3857,1630.0,11.0,148.1818181818182,214.0,0.7990654205607477,8.40278504672898,0.0514018691588785,0.0,6.621495327102804,73.33589172363281
3858,1926.0,12.0,160.5,266.0,0.7368421052631579,9.185523677843065,0.045112781954887216,0.0,6.2368421052631575,58.452110290527344
3859,2039.0,13.0,156.84615384615384,266.0,0.7293233082706767,-3.0681818181817846,0.07518796992481203,0.0,6.657894736842105,47.79290008544922
3860,1117.0,10.0,111.7,154.0,0.7532467532467533,12.60274350649351,0.05194805194805195,0.0,6.259740259740259,78.70182800292969
3861,1416.0,8.0,177.0,187.0,0.7540106951871658,20.472941176470613,0.058823529411764705,0.0,6.577540106951871,82.49591827392578
3862,2055.0,19.0,108.15789473684211,261.0,0.7624521072796935,9.999615384615396,0.0842911877394636,0.0,6.823754789272031,50.619300842285156
3863,2249.0,13.0,173.0,274.0,0.7700729927007299,-9.015833333333347,0.11678832116788321,0.0,7.178832116788321,49.95023727416992
3864,2037.0,15.0,135.8,280.0,0.7071428571428572,15.338099520383707,0.039285714285714285,0.0,6.246428571428571,53.01890563964844
3865,910.0,9.0,101.11111111111111,119.0,0.8739495798319328,21.801848739495824,0.058823529411764705,0.0,6.65546218487395,100.75476837158203
3866,2111.0,12.0,175.91666666666666,284.0,0.7570422535211268,5.383943707538037,0.07042253521126761,0.0,6.411971830985915,62.980140686035156
3867,2211.0,17.0,130.05882352941177,275.0,0.7272727272727273,-5.723235294117615,0.07272727272727272,0.0,7.029090909090909,47.39030838012695
3868,2335.0,11.0,212.27272727272728,298.0,0.7718120805369127,-6.933262711864387,0.053691275167785234,0.0,6.828859060402684,44.2010383605957
3869,2271.0,15.0,151.4,289.0,0.7370242214532872,-1.7389950980391689,0.07958477508650519,0.0,6.85121107266436,37.59285354614258
3870,1245.0,8.0,155.625,159.0,0.7861635220125787,1.8101886792453001,0.06289308176100629,0.0,6.836477987421383,63.95293045043945
3871,1834.0,14.0,131.0,246.0,0.7276422764227642,21.187492053401172,0.04065040650406504,0.0,6.451219512195122,46.662296295166016
3872,1892.0,12.0,157.66666666666666,247.0,0.728744939271255,-1.7353571428571115,0.07692307692307693,0.0,6.659919028340081,69.3562240600586
3873,978.0,6.0,163.0,140.0,0.7642857142857142,18.27928571428575,0.07142857142857142,0.0,5.978571428571429,49.11740493774414
3874,1176.0,8.0,147.0,158.0,0.7721518987341772,8.83512658227852,0.06329113924050633,0.0,6.449367088607595,42.730831146240234
3875,2194.0,11.0,199.45454545454547,278.0,0.7985611510791367,-11.318523866827093,0.09352517985611511,0.0,6.874100719424461,44.761985778808594
3876,2026.0,12.0,168.83333333333334,260.0,0.7615384615384615,15.042927342927356,0.09615384615384616,0.0,6.7615384615384615,45.36248016357422
3877,2299.0,12.0,191.58333333333334,304.0,0.7105263157894737,2.696165616561643,0.06578947368421052,0.0,6.555921052631579,55.978607177734375
3878,2283.0,13.0,175.6153846153846,302.0,0.7417218543046358,7.319099552572709,0.06622516556291391,0.0,6.556291390728477,47.77143859863281
3879,1782.0,10.0,178.2,227.0,0.7929515418502202,-8.44127335299899,0.03524229074889868,0.0,6.854625550660793,55.949947357177734
3880,2068.0,12.0,172.33333333333334,269.0,0.7360594795539034,-5.393407063196975,0.11895910780669144,0.0,6.669144981412639,29.941665649414062
3881,1247.0,8.0,155.875,152.0,0.8355263157894737,-7.224736842105244,0.039473684210526314,0.0,7.2105263157894735,75.69490051269531
3882,1554.0,12.0,129.5,200.0,0.76,6.264584031267503,0.05,0.0,6.775,70.64582824707031
3883,2108.0,15.0,140.53333333333333,280.0,0.7357142857142858,9.567769784172697,0.05357142857142857,0.0,6.492857142857143,41.11690902709961
3884,2345.0,12.0,195.41666666666666,307.0,0.7100977198697068,-5.486542473919513,0.06514657980456026,0.0,6.631921824104235,30.942232131958008
3885,1617.0,10.0,161.7,215.0,0.772093023255814,7.485452196382425,0.06046511627906977,0.0,6.5162790697674415,50.85615539550781
3886,1242.0,9.0,138.0,170.0,0.8058823529411765,15.970882352941203,0.041176470588235294,0.0,6.311764705882353,37.55057144165039
3887,957.0,7.0,136.71428571428572,124.0,0.8387096774193549,6.42446236559141,0.056451612903225805,0.0,6.709677419354839,132.42410278320312
3888,2020.0,15.0,134.66666666666666,269.0,0.7286245353159851,10.39695177956375,0.07063197026022305,0.0,6.479553903345725,39.312721252441406
3889,1418.0,11.0,128.9090909090909,204.0,0.7303921568627451,18.80250000000001,0.06862745098039216,0.0,5.955882352941177,36.502418518066406
3890,1420.0,10.0,142.0,202.0,0.7425742574257426,17.78557205720574,0.039603960396039604,0.0,6.01980198019802,69.752197265625
3891,1685.0,13.0,129.6153846153846,219.0,0.776255707762557,3.5204234122042237,0.0821917808219178,0.0,6.675799086757991,74.34013366699219
3892,2179.0,17.0,128.1764705882353,284.0,0.7640845070422535,7.512605633802849,0.09154929577464789,0.0,6.665492957746479,52.61207962036133
3893,1488.0,12.0,124.0,193.0,0.7202072538860104,5.520906432748575,0.08290155440414508,0.0,6.683937823834197,40.89884567260742
3894,1984.0,12.0,165.33333333333334,244.0,0.7745901639344263,-6.376266766020848,0.10245901639344263,0.0,7.127049180327869,38.07991027832031
3895,1115.0,7.0,159.28571428571428,153.0,0.7712418300653595,17.834852941176507,0.058823529411764705,0.0,6.294117647058823,27.3415584564209
3896,2075.0,16.0,129.6875,279.0,0.7060931899641577,12.786031598513034,0.04659498207885305,0.0,6.433691756272402,71.57356262207031
3897,1179.0,8.0,147.375,157.0,0.8280254777070064,17.564267515923603,0.08917197452229299,0.0,6.515923566878981,62.459190368652344
3898,1522.0,10.0,152.2,203.0,0.7783251231527094,13.90761357416531,0.04926108374384237,0.0,6.497536945812808,46.436580657958984
3899,1005.0,8.0,125.625,136.0,0.8455882352941176,15.426764705882391,0.058823529411764705,0.0,6.397058823529412,64.0666275024414
3900,1899.0,13.0,146.07692307692307,238.0,0.7689075630252101,-8.141875477463685,0.0546218487394958,0.0,6.974789915966387,39.60488510131836
3901,1709.0,12.0,142.41666666666666,220.0,0.7636363636363637,4.922272727272741,0.06818181818181818,0.0,6.718181818181818,65.00333404541016
3902,2259.0,17.0,132.88235294117646,298.0,0.7785234899328859,5.1317491467576986,0.09060402684563758,0.0,6.577181208053691,35.96913528442383
3903,1828.0,13.0,140.6153846153846,250.0,0.728,15.135566666666676,0.052,0.0,6.316,67.52486419677734
3904,1235.0,9.0,137.22222222222223,155.0,0.832258064516129,2.1409879032258345,0.05806451612903226,0.0,6.896774193548387,61.16373825073242
3905,2115.0,15.0,141.0,284.0,0.6971830985915493,18.2414285714286,0.06690140845070422,0.0,6.436619718309859,41.26399612426758
3906,1482.0,11.0,134.72727272727272,203.0,0.8029556650246306,29.27754455445546,0.059113300492610835,0.0,6.305418719211823,69.04144287109375
3907,887.0,6.0,147.83333333333334,113.0,0.8407079646017699,-4.769486725663683,0.07964601769911504,0.0,6.8584070796460175,78.97095489501953
3908,2166.0,15.0,144.4,291.0,0.7010309278350515,5.99171122994656,0.054982817869415807,0.0,6.439862542955327,53.709014892578125
3909,1774.0,11.0,161.27272727272728,231.0,0.7445887445887446,1.877210526315821,0.09090909090909091,0.0,6.666666666666667,42.876224517822266
3910,2153.0,13.0,165.6153846153846,261.0,0.7816091954022989,-8.148578448578434,0.05363984674329502,0.0,7.241379310344827,44.307064056396484
3911,1405.0,11.0,127.72727272727273,177.0,0.8135593220338984,12.022042372881373,0.0847457627118644,0.0,6.870056497175141,46.26766586303711
3912,1226.0,8.0,153.25,165.0,0.7575757575757576,4.993636363636369,0.03636363636363636,0.0,6.4363636363636365,41.35090637207031
3913,1927.0,15.0,128.46666666666667,243.0,0.8065843621399177,1.0370454545454493,0.06172839506172839,0.0,6.888888888888889,45.50799560546875
3914,1627.0,8.0,203.375,225.0,0.7288888888888889,10.650000000000006,0.05333333333333334,0.0,6.235555555555556,66.41857147216797
3915,1566.0,12.0,130.5,206.0,0.7912621359223301,11.123117647058848,0.07281553398058252,0.0,6.587378640776699,77.44115447998047
3916,1052.0,10.0,105.2,143.0,0.8251748251748252,21.50777777777779,0.06293706293706294,0.0,6.363636363636363,77.17518615722656
3917,1639.0,10.0,163.9,232.0,0.7327586206896551,17.305038314176244,0.07327586206896551,0.0,6.047413793103448,59.53972244262695
3918,711.0,5.0,142.2,102.0,0.8529411764705882,13.681497524752501,0.029411764705882353,0.0,5.980392156862745,51.54402160644531
3919,1319.0,15.0,87.93333333333334,170.0,0.8705882352941177,23.753480392156888,0.09411764705882353,0.0,6.758823529411765,61.92878723144531
3920,2356.0,16.0,147.25,317.0,0.6971608832807571,12.047784810126586,0.11041009463722397,0.0,6.422712933753943,43.09975051879883
3921,1422.0,13.0,109.38461538461539,179.0,0.8324022346368715,14.611201848998462,0.07262569832402235,0.0,6.949720670391062,59.7065544128418
3922,1666.0,11.0,151.45454545454547,233.0,0.7339055793991416,16.441039580352935,0.05150214592274678,0.0,6.15450643776824,51.11555099487305
3923,1951.0,13.0,150.07692307692307,255.0,0.7176470588235294,11.753308823529466,0.058823529411764705,0.0,6.63921568627451,45.034305572509766
3924,1806.0,11.0,164.1818181818182,245.0,0.7510204081632653,7.400129629629646,0.04897959183673469,0.0,6.355102040816327,59.878936767578125
3925,2064.0,15.0,137.6,285.0,0.7368421052631579,12.017307692307725,0.0456140350877193,0.0,6.23859649122807,32.12419509887695
3926,2159.0,17.0,127.0,275.0,0.7745454545454545,1.0802083333333599,0.09454545454545454,0.0,6.836363636363636,63.5652961730957
3927,2090.0,18.0,116.11111111111111,280.0,0.7178571428571429,16.428571428571473,0.05357142857142857,0.0,6.435714285714286,52.90807342529297
3928,1764.0,8.0,220.5,213.0,0.7887323943661971,-11.520422535211225,0.12206572769953052,0.0,7.286384976525822,54.45277404785156
3929,1559.0,10.0,155.9,199.0,0.7638190954773869,1.4046590909090924,0.06030150753768844,0.0,6.824120603015075,61.70094299316406
3930,1707.0,8.0,213.375,231.0,0.7922077922077922,-1.73289473684207,0.04329004329004329,0.0,6.393939393939394,55.24312973022461
3931,2062.0,12.0,171.83333333333334,269.0,0.7434944237918215,2.858855975485227,0.05204460966542751,0.0,6.646840148698884,57.0926513671875
3932,1267.0,9.0,140.77777777777777,168.0,0.7976190476190477,8.262857142857143,0.041666666666666664,0.0,6.5476190476190474,54.72075653076172
3933,1625.0,10.0,162.5,218.0,0.7614678899082569,6.534572452637008,0.045871559633027525,0.0,6.458715596330276,73.92845153808594
3934,927.0,7.0,132.42857142857142,125.0,0.792,7.013966666666676,0.056,0.0,6.424,58.13129425048828
3935,715.0,5.0,143.0,88.0,0.9318181818181818,1.845909090909089,0.13636363636363635,0.0,7.136363636363637,49.40068817138672
3936,1335.0,10.0,133.5,179.0,0.7932960893854749,11.776269397889507,0.061452513966480445,0.0,6.4636871508379885,99.13729095458984
3937,1059.0,7.0,151.28571428571428,143.0,0.7902097902097902,12.260949883449882,0.04895104895104895,0.0,6.4125874125874125,64.17434692382812
3938,2120.0,11.0,192.72727272727272,269.0,0.7546468401486989,-6.575612359550519,0.08921933085501858,0.0,6.851301115241636,41.7271842956543
3939,1813.0,14.0,129.5,239.0,0.7531380753138075,17.77494784876143,0.06276150627615062,0.0,6.581589958158996,48.98543167114258
3940,1973.0,11.0,179.36363636363637,259.0,0.749034749034749,2.1313235294117874,0.05791505791505792,0.0,6.613899613899614,55.90394592285156
3941,1147.0,10.0,114.7,147.0,0.8571428571428571,8.970952380952411,0.047619047619047616,0.0,6.809523809523809,64.66746520996094
3942,1355.0,11.0,123.18181818181819,183.0,0.7704918032786885,10.986830601092947,0.04371584699453552,0.0,6.409836065573771,55.18360900878906
3943,795.0,7.0,113.57142857142857,108.0,0.7962962962962963,21.715000000000003,0.05555555555555555,0.0,6.37037037037037,36.819862365722656
3944,1104.0,9.0,122.66666666666667,152.0,0.7828947368421053,21.42375000000004,0.05921052631578947,0.0,6.269736842105263,49.78030776977539
3945,948.0,9.0,105.33333333333333,123.0,0.8536585365853658,6.185614495798319,0.04065040650406504,0.0,6.715447154471545,125.16600799560547
3946,1288.0,9.0,143.11111111111111,174.0,0.7931034482758621,12.641508620689706,0.05747126436781609,0.0,6.408045977011494,61.59194564819336
3947,1974.0,18.0,109.66666666666667,268.0,0.7238805970149254,11.989097744360919,0.06343283582089553,0.0,6.332089552238806,55.72272872924805
3948,1658.0,9.0,184.22222222222223,221.0,0.7782805429864253,0.1918407534246569,0.049773755656108594,0.0,6.506787330316742,67.67036437988281
3949,1052.0,8.0,131.5,140.0,0.7928571428571428,11.534523809523847,0.05,0.0,6.521428571428571,61.87624740600586
3950,2230.0,13.0,171.53846153846155,301.0,0.654485049833887,-0.08240695546064103,0.04983388704318937,0.0,6.401993355481728,52.03669357299805
3951,1862.0,11.0,169.27272727272728,256.0,0.68359375,15.184708661417318,0.0625,0.0,6.2421875,55.26220703125
3952,2335.0,11.0,212.27272727272728,313.0,0.7380191693290735,-7.538217893217876,0.04153354632587859,0.0,6.4504792332268375,27.230749130249023
3953,1839.0,12.0,153.25,237.0,0.7510548523206751,8.225069620253208,0.05063291139240506,0.0,6.7594936708860756,68.66708374023438
3954,2018.0,10.0,201.8,288.0,0.5972222222222222,11.03000000000003,0.024305555555555556,0.0,6.003472222222222,50.277061462402344
3955,2291.0,12.0,190.91666666666666,290.0,0.7103448275862069,-15.670987460815013,0.06896551724137931,0.0,6.896551724137931,48.63280487060547
3956,1361.0,9.0,151.22222222222223,189.0,0.8148148148148148,17.236577380952383,0.0582010582010582,0.0,6.2063492063492065,73.98088836669922
3957,1689.0,11.0,153.54545454545453,225.0,0.7866666666666666,6.1495000000000175,0.07111111111111111,0.0,6.511111111111111,75.85011291503906
3958,2095.0,20.0,104.75,270.0,0.774074074074074,18.74363437568337,0.08148148148148149,0.0,6.7481481481481485,63.03575134277344
3959,1706.0,10.0,170.6,222.0,0.7297297297297297,-2.263828828828821,0.04054054054054054,0.0,6.6891891891891895,65.0030517578125
3960,1640.0,13.0,126.15384615384616,210.0,0.8,14.708571428571446,0.08571428571428572,0.0,6.814285714285714,70.18458557128906
3961,1324.0,10.0,132.4,176.0,0.7670454545454546,8.172474747474752,0.05113636363636364,0.0,6.511363636363637,55.503448486328125
3962,1454.0,8.0,181.75,187.0,0.8235294117647058,-5.766631016042766,0.10160427807486631,0.0,6.780748663101604,54.9100456237793
3963,2456.0,22.0,111.63636363636364,306.0,0.7777777777777778,-2.8696810735447684,0.07516339869281045,0.0,6.957516339869281,31.38149070739746
3964,1852.0,10.0,185.2,240.0,0.725,-1.4166666666666288,0.058333333333333334,0.0,6.6625,43.98388671875
3965,1352.0,10.0,135.2,183.0,0.8087431693989071,17.458961748633925,0.08743169398907104,0.0,6.39344262295082,106.70848846435547
3966,1121.0,7.0,160.14285714285714,140.0,0.85,2.470238095238102,0.05,0.0,7.014285714285714,90.57864379882812
3967,1758.0,9.0,195.33333333333334,224.0,0.7857142857142857,-3.248392857142818,0.06696428571428571,0.0,6.825892857142857,82.20161437988281
3968,1975.0,15.0,131.66666666666666,272.0,0.7389705882352942,18.57528280542985,0.07720588235294118,0.0,6.242647058823529,36.557373046875
3969,1121.0,10.0,112.1,161.0,0.7391304347826086,25.170541490857943,0.049689440993788817,0.0,5.968944099378882,58.18326187133789
3970,1284.0,8.0,160.5,177.0,0.8135593220338984,16.127428571428595,0.05084745762711865,0.0,6.259887005649717,74.51680755615234
3971,1007.0,8.0,125.875,125.0,0.864,4.983566666666661,0.088,0.0,7.064,50.54555130004883
3972,1868.0,10.0,186.8,253.0,0.6956521739130435,7.2007142857143265,0.05533596837944664,0.0,6.339920948616601,69.55670166015625
3973,1669.0,10.0,166.9,232.0,0.7413793103448276,14.638719806763305,0.04741379310344827,0.0,6.189655172413793,55.5877571105957
3974,1656.0,17.0,97.41176470588235,215.0,0.7441860465116279,22.903173975557195,0.07441860465116279,0.0,6.651162790697675,83.10885620117188
3975,1247.0,10.0,124.7,162.0,0.8333333333333334,21.78125,0.06790123456790123,0.0,6.672839506172839,82.38616180419922
3976,1211.0,13.0,93.15384615384616,189.0,0.798941798941799,39.507905138339936,0.05291005291005291,0.0,5.412698412698413,58.337249755859375
3977,2220.0,16.0,138.75,278.0,0.737410071942446,-1.4164277808522172,0.0683453237410072,0.0,6.982014388489208,59.57161331176758
3978,1293.0,9.0,143.66666666666666,181.0,0.8011049723756906,9.052983425414396,0.06077348066298342,0.0,6.149171270718232,47.18478012084961
3979,2111.0,18.0,117.27777777777777,270.0,0.7296296296296296,4.3342307692308,0.11851851851851852,0.0,6.803703703703704,40.39778137207031
3980,1249.0,9.0,138.77777777777777,159.0,0.7610062893081762,4.692063679245308,0.050314465408805034,0.0,6.861635220125786,46.97138595581055
3981,1519.0,13.0,116.84615384615384,190.0,0.8,4.0811688311688386,0.05789473684210526,0.0,6.989473684210527,64.1853256225586
3982,1822.0,15.0,121.46666666666667,244.0,0.7418032786885246,7.835870113493087,0.06147540983606557,0.0,6.463114754098361,49.17618942260742
3983,1449.0,9.0,161.0,196.0,0.7857142857142857,6.293010204081639,0.061224489795918366,0.0,6.377551020408164,85.3990707397461
3984,1188.0,9.0,132.0,148.0,0.8445945945945946,-5.150608108108088,0.0472972972972973,0.0,7.033783783783784,51.796241760253906
3985,1204.0,10.0,120.4,175.0,0.7714285714285715,29.017746031746043,0.02857142857142857,0.0,5.845714285714286,101.83355712890625
3986,2000.0,10.0,200.0,259.0,0.7335907335907336,-15.092591162591134,0.10810810810810811,0.0,6.725868725868726,37.67230224609375
3987,1902.0,18.0,105.66666666666667,253.0,0.7351778656126482,7.303635458167378,0.07509881422924901,0.0,6.482213438735178,41.85228729248047
3988,2070.0,13.0,159.23076923076923,259.0,0.7451737451737451,-0.356651162790655,0.06177606177606178,0.0,6.94980694980695,51.451053619384766
3989,2166.0,13.0,166.6153846153846,289.0,0.7197231833910035,5.113510537905029,0.06920415224913495,0.0,6.474048442906574,49.2241096496582
3990,2095.0,12.0,174.58333333333334,275.0,0.7054545454545454,0.9281851360318853,0.06909090909090909,0.0,6.614545454545454,40.153465270996094
3991,1592.0,10.0,159.2,202.0,0.8217821782178217,2.2895324532453287,0.09405940594059406,0.0,6.856435643564357,55.4014892578125
3992,645.0,5.0,129.0,81.0,0.8518518518518519,-1.71875,0.037037037037037035,0.0,6.9753086419753085,112.63812255859375
3993,1737.0,11.0,157.9090909090909,226.0,0.7654867256637168,9.157499999999999,0.06637168141592921,0.0,6.672566371681416,62.41899490356445
3994,1476.0,12.0,123.0,194.0,0.8195876288659794,14.100422279792753,0.08762886597938144,0.0,6.608247422680412,40.38368225097656
3995,1590.0,13.0,122.3076923076923,214.0,0.677570093457944,20.655926083262557,0.0514018691588785,0.0,6.397196261682243,49.113319396972656
3996,1909.0,13.0,146.84615384615384,239.0,0.7782426778242678,-5.651357882623699,0.08786610878661087,0.0,6.98744769874477,47.003662109375
3997,1478.0,14.0,105.57142857142857,205.0,0.8097560975609757,22.503419179229525,0.08292682926829269,0.0,6.195121951219512,68.79680633544922
3998,2338.0,13.0,179.84615384615384,302.0,0.7417218543046358,-0.7119999999999891,0.052980132450331126,0.0,6.73841059602649,71.4983139038086
3999,2023.0,10.0,202.3,264.0,0.7386363636363636,-3.006876876876845,0.045454545454545456,0.0,6.609848484848484,46.71509552001953
4000,1478.0,14.0,105.57142857142857,199.0,0.7788944723618091,16.976786013400357,0.06030150753768844,0.0,6.422110552763819,71.05291748046875
4001,1594.0,8.0,199.25,202.0,0.7475247524752475,-2.125297029702949,0.06435643564356436,0.0,6.866336633663367,71.05247497558594
4002,1317.0,8.0,164.625,175.0,0.7828571428571428,10.460172413793117,0.045714285714285714,0.0,6.514285714285714,90.5077133178711
4003,1615.0,18.0,89.72222222222223,217.0,0.7327188940092166,17.9632754342432,0.06451612903225806,0.0,6.447004608294931,50.114349365234375
4004,1619.0,8.0,202.375,206.0,0.7621359223300971,-7.70382352941175,0.04854368932038835,0.0,6.864077669902913,46.71249008178711
4005,1724.0,10.0,172.4,234.0,0.7735042735042735,13.775769230769242,0.0811965811965812,0.0,6.358974358974359,71.13238525390625
4006,1918.0,12.0,159.83333333333334,260.0,0.7461538461538462,17.10770613107823,0.038461538461538464,0.0,6.365384615384615,80.36740112304688
4007,1603.0,10.0,160.3,213.0,0.7605633802816901,6.524782608695688,0.07981220657276995,0.0,6.502347417840376,60.43496322631836
4008,1038.0,8.0,129.75,143.0,0.8041958041958042,13.94195804195806,0.055944055944055944,0.0,6.265734265734266,41.17580795288086
4009,2031.0,12.0,169.25,263.0,0.7642585551330798,7.3931974921630115,0.08365019011406843,0.0,6.7034220532319395,49.20734405517578
4010,2169.0,13.0,166.84615384615384,281.0,0.701067615658363,8.034502398081571,0.03914590747330961,0.0,6.711743772241993,49.612876892089844
4011,1397.0,12.0,116.41666666666667,189.0,0.8253968253968254,29.0598475935829,0.0582010582010582,0.0,6.396825396825397,52.17181396484375
4012,1538.0,12.0,128.16666666666666,200.0,0.685,15.643000000000029,0.035,0.0,6.65,48.612056732177734
4013,2271.0,15.0,151.4,321.0,0.6853582554517134,19.189408517350188,0.06853582554517133,0.0,6.068535825545172,55.561492919921875
4014,1378.0,11.0,125.27272727272727,182.0,0.7857142857142857,18.393029174425834,0.06043956043956044,0.0,6.549450549450549,59.529788970947266
4015,1710.0,10.0,171.0,238.0,0.726890756302521,11.357777777777812,0.05042016806722689,0.0,6.15546218487395,48.81361770629883
4016,1768.0,11.0,160.72727272727272,240.0,0.7458333333333333,10.634302521008436,0.04583333333333333,0.0,6.366666666666666,68.1369400024414
4017,1964.0,13.0,151.07692307692307,249.0,0.7791164658634538,-0.725099527665293,0.06827309236947791,0.0,6.855421686746988,39.335296630859375
4018,794.0,7.0,113.42857142857143,121.0,0.768595041322314,30.450130853994494,0.04132231404958678,0.0,5.570247933884297,74.57524871826172
4019,1697.0,11.0,154.27272727272728,226.0,0.7477876106194691,11.132000000000033,0.06637168141592921,0.0,6.504424778761062,37.81655502319336
4020,1542.0,9.0,171.33333333333334,216.0,0.6712962962962963,7.096666666666664,0.046296296296296294,0.0,6.111111111111111,64.87628173828125
4021,1779.0,10.0,177.9,239.0,0.7238493723849372,5.552236286919879,0.058577405857740586,0.0,6.439330543933054,45.9000244140625
4022,2082.0,15.0,138.8,268.0,0.7126865671641791,0.6111308840413585,0.07462686567164178,0.0,6.7388059701492535,53.7031364440918
4023,2028.0,13.0,156.0,268.0,0.7238805970149254,9.749192672998646,0.08955223880597014,0.0,6.567164179104478,39.12812805175781
4024,806.0,7.0,115.14285714285714,122.0,0.7459016393442623,31.295367231638437,0.03278688524590164,0.0,5.549180327868853,52.93594741821289
4025,1623.0,10.0,162.3,203.0,0.8177339901477833,-12.278815298507425,0.10344827586206896,0.0,6.985221674876847,50.0113410949707
4026,1494.0,12.0,124.5,191.0,0.7958115183246073,3.2324523809523953,0.041884816753926704,0.0,6.821989528795812,62.56590270996094
4027,824.0,5.0,164.8,112.0,0.8125,0.9060714285714653,0.05357142857142857,0.0,6.366071428571429,54.97724914550781
4028,1020.0,10.0,102.0,137.0,0.7591240875912408,21.760208333333367,0.06569343065693431,0.0,6.394160583941606,62.792152404785156
4029,1922.0,14.0,137.28571428571428,231.0,0.8181818181818182,-4.412548458149786,0.06926406926406926,0.0,7.242424242424242,65.07357788085938
4030,2390.0,12.0,199.16666666666666,292.0,0.7465753424657534,-14.891356164383524,0.07534246575342465,0.0,7.157534246575342,42.28388595581055
4031,1942.0,22.0,88.27272727272727,288.0,0.7222222222222222,37.52506115107917,0.06944444444444445,0.0,5.736111111111111,31.722244262695312
4032,2284.0,15.0,152.26666666666668,307.0,0.6710097719869706,8.551374527112245,0.05211726384364821,0.0,6.394136807817589,36.760108947753906
4033,2162.0,15.0,144.13333333333333,290.0,0.7275862068965517,22.301487536853415,0.05517241379310345,0.0,6.427586206896552,56.66237258911133
4034,1848.0,9.0,205.33333333333334,251.0,0.7450199203187251,2.870650000000012,0.0398406374501992,0.0,6.330677290836653,53.017555236816406
4035,2151.0,14.0,153.64285714285714,285.0,0.7298245614035088,12.780167930660923,0.056140350877192984,0.0,6.540350877192982,62.71516036987305
4036,1134.0,7.0,162.0,149.0,0.7651006711409396,1.1659009009009367,0.04697986577181208,0.0,6.590604026845638,55.055213928222656
4037,1883.0,19.0,99.10526315789474,243.0,0.7448559670781894,13.49279045643155,0.06172839506172839,0.0,6.753086419753086,44.27615737915039
4038,1923.0,16.0,120.1875,259.0,0.722007722007722,11.973121819814423,0.07722007722007722,0.0,6.374517374517374,64.11543273925781
4039,2065.0,20.0,103.25,278.0,0.7158273381294964,15.950303030303076,0.07194244604316546,0.0,6.424460431654676,40.5697135925293
4040,1902.0,12.0,158.5,256.0,0.76953125,12.853212598425216,0.09765625,0.0,6.41015625,56.873756408691406
4041,1059.0,7.0,151.28571428571428,148.0,0.8040540540540541,18.314549549549582,0.033783783783783786,0.0,6.162162162162162,50.511940002441406
4042,2131.0,14.0,152.21428571428572,277.0,0.7581227436823105,-3.739766483516462,0.036101083032490974,0.0,6.6859205776173285,37.7218132019043
4043,1546.0,12.0,128.83333333333334,189.0,0.7936507936507936,-2.6214193548387072,0.05291005291005291,0.0,7.132275132275132,58.4520263671875
4044,1421.0,9.0,157.88888888888889,189.0,0.798941798941799,7.388958333333363,0.042328042328042326,0.0,6.523809523809524,66.82662963867188
4045,1895.0,14.0,135.35714285714286,265.0,0.6943396226415094,21.733294629898438,0.05660377358490566,0.0,6.120754716981132,45.88547134399414
4046,2361.0,25.0,94.44,299.0,0.7993311036789298,-0.054210526315756624,0.0802675585284281,0.0,6.826086956521739,33.405330657958984
4047,1001.0,8.0,125.125,132.0,0.8333333333333334,25.40487179487181,0.06060606060606061,0.0,6.545454545454546,73.18138885498047
4048,906.0,7.0,129.42857142857142,130.0,0.7307692307692307,23.45256410256411,0.046153846153846156,0.0,5.938461538461539,68.74158477783203
4049,1739.0,10.0,173.9,232.0,0.7456896551724138,-0.5630651340995882,0.04741379310344827,0.0,6.5,38.543235778808594
